Player,Tack Tkl,Tack TklW,Tack Def 3rd,Tack Mid 3rd,Tack Att 3rd,Vs D Tkl,Vs D Att,Vs D Tkl%,Vs D Past,Pres Press,Pres Succ,Pres %,Pres Def 3rd,Pres Mid 3rd,Pres Att 3rd,Bloc Blocks,Bloc Sh,Bloc ShSv,Bloc Pass,Int,Tkl+Int,Clr,Err
8bc373ea,1.4,0.2,0.6,0.8,0.0,0.4,0.4,100.0,0.0,8.2,3.0,36.6,5.0,3.2,0.0,2.6,1.2,0.0,1.4,1.8,3.2,4.6,0.0
f586779e,0.0,0.0,0.0,0.0,0.0,0.0,0.0,,0.0,12.31,5.38,43.8,0.38,3.85,8.08,1.15,0.77,0.0,0.38,0.38,0.38,0.77,0.0
b96b595c,1.75,1.0,1.0,0.75,0.0,0.5,1.38,36.4,0.88,10.0,4.12,41.3,5.75,3.5,0.75,2.25,0.62,0.0,1.62,1.62,3.38,3.5,0.0
81442ecb,2.5,2.22,1.67,0.56,0.28,1.11,1.94,57.1,0.83,14.72,3.33,22.6,3.33,7.22,4.17,2.78,0.0,0.0,2.78,1.67,4.17,3.33,0.0
2b09d998,2.19,2.19,1.25,0.62,0.31,0.94,3.75,25.0,2.81,24.38,9.38,38.5,10.0,11.88,2.5,2.5,0.0,0.0,2.5,1.25,3.44,1.25,0.0
501055d8,0.0,0.0,0.0,0.0,0.0,0.0,0.0,,0.0,20.0,3.33,16.7,1.67,13.33,5.0,1.67,0.0,0.0,1.67,0.0,0.0,0.0,0.0
f76e6b4e,0.0,0.0,0.0,0.0,0.0,0.0,0.0,,0.0,1.0,0.0,0.0,1.0,0.0,0.0,0.0,0.0,0.0,0.0,0.0,0.0,0.0,0.0
288e1e13,0.65,0.32,0.32,0.32,0.0,0.0,0.65,0.0,0.65,6.13,2.9,47.4,3.55,2.58,0.0,1.61,0.32,0.0,1.29,0.32,0.97,5.81,0.32
4d034881,0.0,0.0,0.0,0.0,0.0,0.0,0.59,0.0,0.59,11.76,2.35,20.0,1.18,4.71,5.88,1.18,0.0,0.0,1.18,0.0,0.0,0.0,0.0
89ac64a6,1.29,0.86,0.57,0.71,0.0,0.43,1.43,30.0,1.0,8.57,3.29,38.3,5.0,3.57,0.0,1.14,0.43,0.0,0.71,1.14,2.43,3.14,0.14
414e1f69,0.0,0.0,0.0,0.0,0.0,0.0,0.0,,0.0,17.5,7.5,42.9,2.5,5.0,10.0,2.5,0.0,0.0,2.5,0.0,0.0,0.0,0.0
eaeca114,1.5,1.5,0.5,0.0,1.0,1.0,1.5,66.7,0.5,7.5,2.5,33.3,2.0,3.0,2.5,1.5,0.0,0.0,1.5,1.0,2.5,2.5,0.0
fdf4b948,1.56,1.56,0.31,1.25,0.0,0.31,1.88,16.7,1.56,17.81,6.88,38.6,9.38,6.56,1.88,2.81,0.62,0.0,2.19,1.25,2.81,1.25,0.0
05439de2,1.44,0.56,0.56,0.78,0.11,0.56,1.22,45.5,0.67,13.22,3.44,26.1,4.56,6.89,1.78,1.44,0.33,0.0,1.11,1.44,2.89,2.67,0.11
4601e194,0.93,0.56,0.19,0.74,0.0,0.19,1.11,16.7,0.93,9.81,2.41,24.5,2.78,3.7,3.33,1.48,0.37,0.0,1.11,0.56,1.48,0.93,0.0
5294a83f,2.26,1.89,0.94,0.75,0.57,0.75,3.77,20.0,3.02,18.68,4.91,26.3,7.17,9.25,2.26,1.7,0.38,0.0,1.32,1.32,3.58,0.19,0.0
77e84962,5.2,3.6,3.2,1.6,0.4,1.2,2.0,60.0,0.8,22.4,6.0,26.8,6.0,10.8,5.6,1.2,0.4,0.0,0.8,2.0,7.2,1.6,0.0
d68cb24c,0.0,0.0,0.0,0.0,0.0,0.0,3.33,0.0,3.33,20.83,7.5,36.0,10.83,5.83,4.17,1.67,0.0,0.0,1.67,0.83,0.83,0.0,0.0
6c811eb7,1.43,1.43,0.0,1.43,0.0,0.0,1.43,0.0,1.43,12.86,4.29,33.3,1.43,6.43,5.0,1.43,1.43,0.0,0.0,0.71,2.14,0.0,0.0
cd1acf9d,1.14,0.63,0.63,0.51,0.0,0.63,2.15,29.4,1.52,7.47,2.41,32.2,3.92,2.53,1.01,1.01,0.0,0.0,1.01,2.15,3.29,1.52,0.13
edd38473,0.83,0.0,0.0,0.83,0.0,0.83,0.83,100.0,0.0,11.67,1.67,14.3,2.5,3.33,5.83,5.0,1.67,0.0,3.33,0.0,0.83,0.83,0.0
7a2e46a8,0.0,0.0,0.0,0.0,0.0,0.0,0.0,,0.0,0.0,0.0,,0.0,0.0,0.0,0.0,0.0,0.0,0.0,0.0,0.0,0.14,0.0
f4290206,1.0,0.5,1.0,0.0,0.0,0.5,1.0,50.0,0.5,15.0,3.0,20.0,4.0,8.0,3.0,1.5,0.0,0.0,1.5,0.0,1.0,3.5,0.0
8ce30c57,1.15,0.38,0.38,0.77,0.0,0.38,1.92,20.0,1.54,25.77,6.15,23.9,12.31,11.15,2.31,2.69,0.77,0.0,1.92,2.31,3.46,2.69,0.0
8b3ab7ad,2.14,0.71,1.43,0.71,0.0,0.0,0.71,0.0,0.71,12.86,2.86,22.2,6.43,5.0,1.43,2.14,1.43,0.0,0.71,2.14,4.29,2.86,0.0
22721b88,2.6,1.2,1.8,0.8,0.0,0.4,1.8,22.2,1.4,8.6,1.8,20.9,4.2,3.4,1.0,0.8,0.2,0.0,0.6,1.2,3.8,2.6,0.0
63e905bc,0.0,0.0,0.0,0.0,0.0,0.0,0.0,,0.0,0.0,0.0,,0.0,0.0,0.0,0.0,0.0,0.0,0.0,0.0,0.0,0.0,0.0
9f1893b9,1.43,1.43,0.0,0.0,1.43,0.0,2.86,0.0,2.86,42.86,7.14,16.7,12.86,25.71,4.29,7.14,1.43,0.0,5.71,4.29,5.71,0.0,0.0
0a721e85,2.11,1.05,1.05,1.05,0.0,0.0,0.53,0.0,0.53,16.32,5.26,32.3,3.68,11.58,1.05,0.53,0.0,0.0,0.53,0.53,2.63,2.11,0.0
b5f66351,1.59,0.23,0.91,0.45,0.23,0.68,1.59,42.9,0.91,8.18,3.41,41.7,3.86,2.95,1.36,1.59,0.23,0.0,1.36,1.14,2.73,0.91,0.0
4e3f5992,4.29,2.86,2.86,1.43,0.0,1.43,2.86,50.0,1.43,21.43,7.14,33.3,11.43,8.57,1.43,2.14,0.0,0.0,2.14,1.43,5.71,2.14,0.0
30941e96,1.71,1.14,0.43,1.14,0.14,0.57,1.43,40.0,0.86,12.57,4.0,31.8,3.71,6.43,2.43,1.43,0.14,0.0,1.29,0.29,2.0,1.86,0.0
b105919e,3.33,3.33,0.0,2.22,1.11,0.0,0.0,,0.0,22.22,10.0,45.0,4.44,10.0,7.78,2.22,0.0,0.0,2.22,0.0,3.33,0.0,0.0
108fe016,1.48,0.74,0.74,0.74,0.0,0.37,0.74,50.0,0.37,22.22,4.81,21.7,12.59,8.15,1.48,2.22,0.37,0.0,1.85,0.0,1.48,0.74,0.0
99127249,1.0,0.75,0.75,0.25,0.0,0.0,1.5,0.0,1.5,20.0,6.0,30.0,5.0,10.5,4.5,1.25,0.0,0.0,1.25,0.75,1.75,0.25,0.0
c63f6e46,0.21,0.0,0.0,0.21,0.0,0.0,0.43,0.0,0.43,15.11,4.68,31.0,1.06,7.45,6.6,0.21,0.21,0.0,0.0,0.43,0.64,0.85,0.0
2bef2bca,1.88,1.88,0.0,1.88,0.0,0.0,0.0,,0.0,10.62,5.0,47.1,5.62,5.0,0.0,1.25,0.0,0.0,1.25,0.0,1.88,2.5,0.0
30643ce2,0.0,0.0,0.0,0.0,0.0,0.0,0.0,,0.0,3.33,3.33,100.0,0.0,0.0,3.33,0.0,0.0,0.0,0.0,0.0,0.0,0.0,0.0
1394bf42,1.43,0.0,1.43,0.0,0.0,0.0,0.0,,0.0,5.71,0.0,0.0,2.86,0.0,2.86,0.0,0.0,0.0,0.0,0.0,1.43,0.0,0.0
1e465e70,0.0,0.0,0.0,0.0,0.0,0.0,0.0,,0.0,20.0,2.5,12.5,7.5,10.0,2.5,2.5,0.0,0.0,2.5,0.0,0.0,0.0,0.0
28d596a0,0.0,0.0,0.0,0.0,0.0,0.0,0.0,,0.0,0.0,0.0,,0.0,0.0,0.0,0.0,0.0,0.0,0.0,0.0,0.0,0.0,0.0
45af8a54,1.16,0.72,0.29,0.14,0.72,0.58,1.01,57.1,0.43,9.86,3.33,33.8,1.88,3.48,4.49,0.43,0.0,0.0,0.43,1.01,2.17,0.29,0.0
552e00b9,4.0,2.0,0.0,2.0,2.0,4.0,4.0,100.0,0.0,32.0,6.0,18.8,12.0,18.0,2.0,2.0,0.0,0.0,2.0,0.0,4.0,0.0,0.0
10549b49,0.0,0.0,0.0,0.0,0.0,0.0,0.62,0.0,0.62,9.38,1.25,13.3,0.31,1.88,7.19,0.62,0.0,0.0,0.62,0.62,0.62,0.94,0.0
53cad200,2.34,1.21,1.12,0.93,0.28,0.93,1.87,50.0,0.93,17.29,5.42,31.4,7.2,8.22,1.87,2.15,0.75,0.0,1.4,1.21,3.55,4.3,0.0
8b683d09,0.0,0.0,0.0,0.0,0.0,0.0,1.11,0.0,1.11,9.17,0.83,9.1,0.56,4.17,4.44,0.83,0.28,0.0,0.56,0.28,0.28,0.83,0.0
60c07b31,1.9,1.9,1.9,0.0,0.0,0.48,3.33,14.3,2.86,9.05,3.81,42.1,8.57,0.48,0.0,0.95,0.48,0.0,0.48,0.48,2.38,5.71,0.0
6a2b9aee,0.0,0.0,0.0,0.0,0.0,0.0,2.5,0.0,2.5,15.0,2.5,16.7,0.0,7.5,7.5,2.5,2.5,0.0,0.0,0.0,0.0,0.0,0.0
a8567629,1.74,0.65,0.87,0.65,0.22,0.43,1.3,33.3,0.87,12.83,2.83,22.0,5.87,4.78,2.17,1.96,0.0,0.0,1.96,1.3,3.04,3.7,0.22
7c3ed041,1.79,1.79,1.07,0.71,0.0,0.36,1.43,25.0,1.07,10.36,4.29,41.4,7.14,3.21,0.0,0.71,0.36,0.0,0.36,1.43,3.21,1.79,0.0
ed33f42d,0.0,0.0,0.0,0.0,0.0,0.0,0.0,,0.0,30.0,0.0,0.0,10.0,10.0,10.0,10.0,10.0,0.0,0.0,0.0,0.0,0.0,0.0
6928979a,2.71,2.03,0.68,1.53,0.51,0.68,2.54,26.7,1.86,16.95,5.08,30.0,4.75,9.66,2.54,1.69,0.17,0.0,1.53,0.68,3.39,0.0,0.0
a4e16ab4,1.43,0.0,0.0,1.43,0.0,1.43,4.29,33.3,2.86,30.0,4.29,14.3,7.14,21.43,1.43,2.86,0.0,0.0,2.86,0.0,1.43,2.86,0.0
8e7f49d3,2.55,2.0,2.0,0.36,0.18,0.73,2.55,28.6,1.82,21.27,6.55,30.8,12.73,7.09,1.45,3.09,0.73,0.0,2.36,1.27,3.82,1.64,0.0
75b86fb3,0.87,0.43,0.43,0.43,0.0,0.22,0.87,25.0,0.65,8.7,3.26,37.5,3.48,3.7,1.52,0.43,0.0,0.0,0.43,0.43,1.3,1.74,0.0
c432ba7d,0.0,0.0,0.0,0.0,0.0,0.0,0.0,,0.0,2.5,2.5,100.0,2.5,0.0,0.0,0.0,0.0,0.0,0.0,0.0,0.0,0.0,0.0
50dc94ce,2.58,2.26,0.32,0.65,1.61,0.97,1.29,75.0,0.32,14.84,5.16,34.8,4.19,5.48,5.16,0.32,0.32,0.0,0.0,0.97,3.55,0.0,0.0
57d88cf9,3.29,1.97,1.32,1.18,0.79,1.32,2.76,47.6,1.45,23.82,6.05,25.4,7.76,11.05,5.0,3.16,0.26,0.13,2.89,1.18,4.47,1.18,0.0
bef0a7ac,0.34,0.34,0.34,0.0,0.0,0.0,0.0,,0.0,8.97,3.45,38.5,0.34,3.1,5.52,1.03,0.0,0.0,1.03,0.34,0.69,0.69,0.0
fe888e39,0.0,0.0,0.0,0.0,0.0,0.0,0.0,,0.0,10.0,5.0,50.0,0.0,10.0,0.0,0.0,0.0,0.0,0.0,0.0,0.0,0.0,0.0
378825c7,3.6,3.2,2.8,0.6,0.2,1.4,2.6,53.8,1.2,14.6,5.2,35.6,8.4,5.4,0.8,2.2,0.0,0.0,2.2,3.0,6.6,3.6,0.2
3b8674e6,3.46,2.5,1.35,2.12,0.0,1.54,2.69,57.1,1.15,18.65,5.96,32.0,4.42,10.96,3.27,1.92,0.0,0.0,1.92,1.54,5.0,1.15,0.19
70d74ece,0.75,0.65,0.11,0.54,0.11,0.32,0.43,75.0,0.11,13.66,3.87,28.3,2.04,5.16,6.45,0.54,0.11,0.0,0.43,0.43,1.18,0.22,0.0
b39bf63f,0.53,0.35,0.0,0.35,0.18,0.35,1.58,22.2,1.23,13.68,2.81,20.5,0.88,7.54,5.26,1.4,0.35,0.0,1.05,0.18,0.7,1.05,0.0
eb6e14be,0.58,0.38,0.19,0.19,0.19,0.0,1.15,0.0,1.15,16.15,5.77,35.7,2.12,9.04,5.0,0.38,0.0,0.0,0.38,0.19,0.77,0.38,0.0
ee93c1a9,1.18,1.18,0.59,0.0,0.59,0.59,0.59,100.0,0.0,7.65,1.76,23.1,2.35,2.35,2.94,1.18,0.59,0.0,0.59,1.18,2.35,1.18,0.0
3cdfc63e,1.67,1.0,0.83,0.67,0.17,0.83,1.5,55.6,0.67,7.5,2.0,26.7,4.83,1.83,0.83,1.5,0.67,0.0,0.83,1.17,2.83,4.33,0.0
691bef82,2.39,1.52,0.87,1.52,0.0,0.65,1.3,50.0,0.65,13.7,5.43,39.7,5.0,7.83,0.87,1.52,0.43,0.0,1.09,1.09,3.48,4.13,0.0
2db2fd7b,2.41,1.03,1.55,0.69,0.17,1.21,1.9,63.6,0.69,11.21,4.14,36.9,6.21,4.66,0.34,1.55,0.86,0.0,0.69,1.9,4.31,3.1,0.0
9c2b4382,1.11,1.11,0.0,1.11,0.0,0.0,0.0,,0.0,28.89,7.78,26.9,1.11,8.89,18.89,0.0,0.0,0.0,0.0,0.0,1.11,0.0,0.0
c603ad6a,2.2,1.71,1.22,0.24,0.73,0.49,1.22,40.0,0.73,16.1,4.15,25.8,8.54,5.61,1.95,3.41,0.98,0.0,2.44,1.95,4.15,2.68,0.0
7713c72a,1.5,1.0,1.17,0.33,0.0,0.83,1.67,50.0,0.83,7.67,2.33,30.4,5.5,1.67,0.5,2.67,1.33,0.0,1.33,0.67,2.17,6.5,0.17
52ec54d0,0.55,0.36,0.18,0.36,0.0,0.18,0.73,25.0,0.55,4.55,1.64,36.0,2.36,2.0,0.18,1.09,0.55,0.0,0.55,0.73,1.27,1.82,0.0
2cb77ec6,1.03,1.03,1.03,0.0,0.0,0.34,1.03,33.3,0.69,8.62,3.1,36.0,3.1,4.14,1.38,2.41,1.03,0.34,1.38,0.69,1.72,1.38,0.0
1c07b06e,1.52,0.87,0.22,0.87,0.43,1.09,3.04,35.7,1.96,15.87,5.65,35.6,4.13,7.61,4.13,2.39,0.22,0.0,2.17,2.39,3.91,0.43,0.22
f6798fc3,0.0,0.0,0.0,0.0,0.0,0.0,0.0,,0.0,0.0,0.0,,0.0,0.0,0.0,0.0,0.0,0.0,0.0,0.0,0.0,0.0,0.0
20e73fac,1.71,0.98,1.22,0.49,0.0,0.73,2.93,25.0,2.2,16.1,4.88,30.3,4.15,8.05,3.9,2.44,0.49,0.24,1.95,0.49,2.2,1.71,0.0
1e064bfb,0.0,0.0,0.0,0.0,0.0,0.0,0.0,,0.0,0.0,0.0,,0.0,0.0,0.0,0.0,0.0,0.0,0.0,0.0,0.0,0.0,0.0
fd771f95,0.0,0.0,0.0,0.0,0.0,0.0,0.0,,0.0,12.69,5.38,42.4,0.0,2.31,10.38,1.15,0.38,0.0,0.77,0.38,0.38,0.38,0.0
a167537f,1.67,0.83,0.42,0.83,0.42,0.83,1.25,66.7,0.42,24.58,6.67,27.1,5.42,11.25,7.92,0.42,0.0,0.0,0.42,0.83,2.5,1.25,0.0
4c184730,2.0,2.0,0.0,2.0,0.0,0.0,0.0,,0.0,8.0,2.0,25.0,0.0,2.0,6.0,2.0,0.0,0.0,2.0,0.0,2.0,0.0,0.0
33b8d077,2.44,2.44,0.49,1.71,0.24,0.98,2.44,40.0,1.46,13.17,5.61,42.6,3.41,6.83,2.93,1.95,0.73,0.0,1.22,0.24,2.68,0.0,0.0
5caa62a7,0.0,0.0,0.0,0.0,0.0,0.0,0.0,,0.0,12.86,1.43,11.1,4.29,8.57,0.0,2.86,0.0,0.0,2.86,0.0,0.0,0.0,0.0
e40d028b,0.0,0.0,0.0,0.0,0.0,0.0,0.0,,0.0,0.0,0.0,,0.0,0.0,0.0,0.0,0.0,0.0,0.0,0.0,0.0,0.0,0.0
9d12e142,0.0,0.0,0.0,0.0,0.0,0.0,0.0,,0.0,0.0,0.0,,0.0,0.0,0.0,0.0,0.0,0.0,0.0,0.0,0.0,0.0,0.0
eb2b33aa,0.0,0.0,0.0,0.0,0.0,0.0,0.25,0.0,0.25,0.25,0.25,100.0,0.25,0.0,0.0,0.0,0.0,0.0,0.0,0.0,0.0,0.0,0.0
5ab0ea87,2.97,2.7,1.08,0.81,1.08,1.08,3.24,33.3,2.16,15.68,5.95,37.9,3.78,6.76,5.14,0.81,0.27,0.0,0.54,0.81,3.78,0.0,0.0
b8814868,3.16,1.32,1.58,1.32,0.26,1.32,3.16,41.7,1.84,18.42,2.89,15.7,5.0,10.79,2.63,1.84,0.0,0.0,1.84,0.53,3.68,0.53,0.0
148e136f,1.43,1.07,0.36,0.71,0.36,0.0,2.5,0.0,2.5,16.07,2.5,15.6,5.0,6.79,4.29,1.07,0.36,0.0,0.71,0.0,1.43,0.0,0.0
038aa94a,0.0,0.0,0.0,0.0,0.0,0.0,0.0,,0.0,0.0,0.0,,0.0,0.0,0.0,6.67,3.33,0.0,3.33,0.0,0.0,10.0,0.0
93b891d1,0.67,0.0,0.67,0.0,0.0,0.67,0.67,100.0,0.0,6.67,1.33,20.0,1.33,2.0,3.33,0.0,0.0,0.0,0.0,1.33,2.0,0.0,0.0
928a4a61,2.5,1.94,0.56,1.67,0.28,1.67,3.33,50.0,1.67,15.56,5.83,37.5,3.61,9.44,2.5,2.78,0.56,0.0,2.22,0.83,3.33,1.39,0.28
ac7e640b,0.0,0.0,0.0,0.0,0.0,0.0,0.0,,0.0,40.0,0.0,0.0,10.0,30.0,0.0,0.0,0.0,0.0,0.0,10.0,10.0,0.0,0.0
94f8d10c,0.75,0.75,0.25,0.5,0.0,0.0,0.75,0.0,0.75,5.75,2.25,39.1,1.75,3.5,0.5,1.75,1.0,0.0,0.75,0.5,1.25,3.5,0.0
489e80e3,4.13,3.04,1.09,2.61,0.43,0.87,3.48,25.0,2.61,23.26,8.26,35.5,7.17,13.91,2.17,3.04,0.0,0.0,3.04,1.09,5.22,0.65,0.0
13ea2544,2.19,0.94,0.62,1.25,0.31,0.62,2.81,22.2,2.19,17.81,3.44,19.3,4.69,10.0,3.12,0.62,0.0,0.0,0.62,0.94,3.12,0.0,0.0
7b9c2d84,1.94,1.39,0.56,0.56,0.83,0.28,2.22,12.5,1.94,15.56,3.89,25.0,3.33,10.0,2.22,1.67,0.56,0.0,1.11,0.83,2.78,0.28,0.0
873619c6,0.0,0.0,0.0,0.0,0.0,0.0,0.0,,0.0,60.0,0.0,0.0,20.0,20.0,20.0,0.0,0.0,0.0,0.0,0.0,0.0,0.0,0.0
a65ce836,2.12,2.12,1.15,0.77,0.19,0.19,1.35,14.3,1.15,11.73,4.23,36.1,5.38,5.58,0.77,1.73,0.96,0.0,0.77,1.54,3.65,1.73,0.0
bd6351cd,2.84,1.94,1.19,1.34,0.3,1.04,2.54,41.2,1.49,11.49,4.18,36.4,3.13,5.97,2.39,1.64,0.15,0.0,1.49,2.39,5.22,1.64,0.0
b4a014b1,0.88,0.38,0.5,0.25,0.12,0.38,0.75,50.0,0.38,8.38,3.62,43.3,4.12,3.5,0.75,2.0,0.75,0.12,1.25,1.12,2.0,4.62,0.12
de39485a,1.9,1.43,1.19,0.0,0.71,0.71,1.19,60.0,0.48,13.81,5.48,39.7,4.05,5.0,4.76,0.48,0.0,0.0,0.48,0.71,2.62,1.19,0.0
4958bfb2,1.11,0.0,0.0,0.0,1.11,1.11,2.22,50.0,1.11,10.56,1.67,15.8,2.22,3.89,4.44,2.78,0.0,0.0,2.78,1.11,2.22,0.56,0.0
4d224fe8,3.04,1.85,1.41,1.41,0.22,0.87,3.48,25.0,2.61,18.26,6.74,36.9,8.37,7.72,2.17,2.72,0.33,0.0,2.39,1.74,4.78,1.96,0.0
ba3d3bea,1.0,1.0,1.0,0.0,0.0,0.0,3.0,0.0,3.0,14.0,5.0,35.7,5.0,8.0,1.0,1.0,0.0,0.0,1.0,1.0,2.0,1.0,0.0
527f063d,0.87,0.43,0.0,0.0,0.87,0.43,1.3,33.3,0.87,20.87,5.65,27.1,0.43,6.52,13.91,0.87,0.0,0.0,0.87,0.0,0.87,0.0,0.0
10fe831e,1.4,0.8,0.8,0.6,0.0,0.8,1.6,50.0,0.8,7.8,3.0,38.5,3.8,3.4,0.6,2.2,0.4,0.2,1.8,2.0,3.4,9.6,0.2
5b54bf3b,0.0,0.0,0.0,0.0,0.0,0.0,0.77,0.0,0.77,8.46,1.54,18.2,0.0,3.85,4.62,0.77,0.0,0.0,0.77,1.54,1.54,0.77,0.0
15975a3c,0.31,0.0,0.0,0.31,0.0,0.31,0.94,33.3,0.62,8.12,2.5,30.8,3.44,2.5,2.19,3.12,1.25,0.0,1.88,0.31,0.62,3.44,0.31
e85fb9b8,1.25,0.62,1.25,0.0,0.0,0.62,1.25,50.0,0.62,5.0,1.25,25.0,1.88,3.12,0.0,0.0,0.0,0.0,0.0,0.62,1.88,2.5,0.0
b0f7e36c,1.64,0.82,0.33,0.82,0.49,0.49,1.97,25.0,1.48,12.3,2.79,22.7,2.3,4.92,5.08,1.31,0.16,0.0,1.15,0.66,2.3,0.16,0.0
d2424d1b,2.21,1.51,1.16,0.7,0.35,0.7,1.86,37.5,1.16,13.95,4.42,31.7,7.09,5.23,1.63,3.02,0.12,0.0,2.91,1.63,3.84,2.79,0.12
1cb49278,0.45,0.3,0.15,0.3,0.0,0.15,0.91,16.7,0.76,8.03,2.42,30.2,3.94,3.33,0.76,1.36,0.76,0.0,0.61,1.67,2.12,3.64,0.0
5fcb90ac,7.14,2.86,5.71,1.43,0.0,2.86,5.71,50.0,2.86,11.43,4.29,37.5,7.14,4.29,0.0,2.86,0.0,0.0,2.86,1.43,8.57,2.86,0.0
b3a712de,0.94,0.62,0.0,0.62,0.31,0.62,2.5,25.0,1.88,12.5,2.5,20.0,5.0,4.69,2.81,1.56,0.0,0.0,1.56,1.25,2.19,0.62,0.0
d5dafedb,0.0,0.0,0.0,0.0,0.0,0.0,3.0,0.0,3.0,16.0,5.0,31.3,7.0,7.0,2.0,2.0,0.0,0.0,2.0,0.0,0.0,1.0,0.0
042e8a49,1.5,0.67,0.67,0.5,0.33,1.0,2.17,46.2,1.17,22.17,5.33,24.1,4.83,8.5,8.83,0.67,0.0,0.0,0.67,0.33,1.83,0.5,0.0
5ef3d210,20.0,10.0,0.0,20.0,0.0,20.0,20.0,100.0,0.0,40.0,20.0,50.0,0.0,20.0,20.0,0.0,0.0,0.0,0.0,0.0,20.0,0.0,0.0
0331786b,0.87,0.87,0.0,0.87,0.0,0.43,0.87,50.0,0.43,9.13,3.04,33.3,2.61,4.78,1.74,1.74,0.0,0.0,1.74,2.61,3.48,2.61,0.0
6ceef869,2.22,1.11,1.78,0.44,0.0,1.11,1.56,71.4,0.44,8.44,3.78,44.7,6.67,1.78,0.0,2.44,1.56,0.0,0.89,2.0,4.22,7.78,0.22
fb938d24,1.55,1.19,1.07,0.36,0.12,0.48,1.31,36.4,0.83,12.02,3.1,25.7,3.81,5.24,2.98,1.55,0.0,0.0,1.55,1.55,3.1,0.71,0.12
01eb744d,1.3,0.74,0.37,0.56,0.37,0.19,1.48,12.5,1.3,20.19,4.26,21.1,3.15,8.15,8.89,1.48,0.0,0.0,1.48,0.37,1.67,0.93,0.0
45b9b619,0.54,0.54,0.41,0.14,0.0,0.14,1.08,12.5,0.95,10.27,2.16,21.1,1.89,4.73,3.65,0.54,0.27,0.0,0.27,0.27,0.81,0.68,0.0
93fffbcf,0.0,0.0,0.0,0.0,0.0,0.0,0.0,,0.0,0.0,0.0,,0.0,0.0,0.0,0.0,0.0,0.0,0.0,0.0,0.0,0.0,0.0
4fa7cb9b,0.38,0.38,0.0,0.0,0.38,0.0,0.0,,0.0,13.85,4.62,33.3,2.69,3.85,7.31,0.0,0.0,0.0,0.0,0.38,0.77,0.0,0.0
1840e36d,0.0,0.0,0.0,0.0,0.0,0.0,0.08,0.0,0.08,0.17,0.0,0.0,0.17,0.0,0.0,0.0,0.0,0.0,0.0,0.0,0.0,0.08,0.0
0ef89a37,0.0,0.0,0.0,0.0,0.0,0.0,0.67,0.0,0.67,12.67,4.0,31.6,1.33,5.33,6.0,0.67,0.67,0.0,0.0,2.0,2.0,0.0,0.0
06f33dc8,0.74,0.74,0.0,0.0,0.74,0.0,1.48,0.0,1.48,15.56,3.33,21.4,0.37,7.04,8.15,1.11,0.0,0.0,1.11,0.0,0.74,0.0,0.0
0ab1f153,2.62,1.97,1.15,0.98,0.49,1.48,3.28,45.0,1.8,11.48,3.93,34.3,4.59,4.92,1.97,0.98,0.16,0.0,0.82,1.15,3.77,0.98,0.0
5722eced,3.46,2.69,1.15,1.15,1.15,0.77,2.69,28.6,1.92,27.69,8.08,29.2,8.08,13.46,6.15,1.54,0.0,0.0,1.54,0.0,3.46,0.0,0.0
4c14af32,10.0,3.33,3.33,0.0,6.67,3.33,6.67,50.0,3.33,20.0,3.33,16.7,10.0,3.33,6.67,0.0,0.0,0.0,0.0,0.0,10.0,3.33,0.0
44eb9093,2.06,0.59,0.29,0.59,1.18,0.29,1.76,16.7,1.47,12.35,2.06,16.7,3.53,4.12,4.71,0.88,0.0,0.0,0.88,0.88,2.94,1.47,0.0
1ec7e1c5,1.03,1.03,0.69,0.34,0.0,0.34,0.34,100.0,0.0,2.59,1.38,53.3,1.55,1.03,0.0,1.72,0.69,0.0,1.03,0.0,1.03,4.48,0.0
29c02c9f,4.8,2.0,3.2,1.2,0.4,2.0,5.2,38.5,3.2,21.2,5.6,26.4,15.2,4.4,1.6,3.2,0.8,0.0,2.4,1.2,6.0,3.6,0.0
db4ed67b,2.96,2.04,1.11,1.67,0.19,0.74,2.22,33.3,1.48,22.78,6.3,27.6,7.22,12.04,3.52,2.96,0.19,0.0,2.78,0.56,3.52,1.85,0.0
ca45605e,2.17,0.87,0.87,0.87,0.43,0.0,1.3,0.0,1.3,12.61,4.78,37.9,1.74,3.04,7.83,0.87,0.0,0.0,0.87,1.3,3.48,0.87,0.0
94b2001f,3.02,1.75,1.59,1.11,0.32,2.22,3.33,66.7,1.11,8.89,1.11,12.5,3.65,3.33,1.9,1.75,0.48,0.0,1.27,1.43,4.44,2.06,0.16
96e0490d,1.05,0.53,0.0,0.53,0.53,0.53,3.16,16.7,2.63,13.68,4.74,34.6,3.16,5.26,5.26,1.05,0.0,0.0,1.05,0.53,1.58,1.05,0.0
d781d855,2.22,0.83,1.11,1.11,0.0,1.39,2.78,50.0,1.39,17.22,4.17,24.2,6.11,5.83,5.28,2.5,0.56,0.28,1.94,3.33,5.56,0.83,0.0
e46012d4,1.35,0.95,0.14,0.54,0.68,0.14,2.57,5.3,2.43,25.0,5.54,22.2,2.3,8.24,14.46,1.76,0.27,0.0,1.49,0.68,2.03,0.41,0.0
2ef7c612,2.35,1.37,0.59,0.78,0.98,0.39,1.18,33.3,0.78,24.12,6.08,25.2,2.35,9.22,12.55,2.35,0.2,0.0,2.16,0.39,2.75,0.39,0.0
4b77bb89,5.0,0.0,0.0,0.0,5.0,0.0,0.0,,0.0,30.0,10.0,33.3,5.0,5.0,20.0,0.0,0.0,0.0,0.0,5.0,10.0,0.0,0.0
0be95d34,1.33,1.33,0.0,0.0,1.33,0.67,4.0,16.7,3.33,21.33,4.0,18.8,5.33,11.33,4.67,0.67,0.0,0.0,0.67,0.67,2.0,0.0,0.0
fe641c1a,2.92,2.08,0.83,1.88,0.21,0.21,1.04,20.0,0.83,18.54,6.25,33.7,6.67,10.21,1.67,1.88,0.21,0.0,1.67,1.25,4.17,1.67,0.0
6b6cbca4,0.29,0.29,0.29,0.0,0.0,0.29,0.57,50.0,0.29,6.57,2.86,43.5,3.14,3.43,0.0,2.0,1.14,0.0,0.86,1.14,1.43,4.0,0.29
e7986081,0.0,0.0,0.0,0.0,0.0,0.0,0.0,,0.0,14.0,2.0,14.3,0.0,12.0,2.0,2.0,0.0,0.0,2.0,0.0,0.0,0.0,0.0
b19db005,0.71,0.71,0.24,0.48,0.0,0.24,2.38,10.0,2.14,12.14,3.57,29.4,3.1,4.52,4.52,0.24,0.0,0.0,0.24,0.95,1.67,0.0,0.0
e3cceee6,0.91,0.68,0.91,0.0,0.0,0.45,0.68,66.7,0.23,7.73,3.18,41.2,4.32,2.95,0.45,1.59,0.23,0.0,1.36,0.45,1.36,2.95,0.45
2c44a35d,1.58,0.26,0.79,0.79,0.0,0.79,1.05,75.0,0.26,20.79,5.79,27.8,2.63,8.95,9.21,1.32,0.0,0.0,1.32,0.0,1.58,0.0,0.0
85686f86,1.11,1.11,1.11,0.0,0.0,0.56,1.11,50.0,0.56,16.11,3.33,20.7,5.56,6.67,3.89,2.78,0.0,0.0,2.78,1.11,2.22,1.11,0.0
d97f2e8d,0.0,0.0,0.0,0.0,0.0,0.0,0.0,,0.0,50.0,20.0,40.0,10.0,10.0,30.0,0.0,0.0,0.0,0.0,0.0,0.0,10.0,0.0
5976f83e,2.0,1.08,0.92,0.77,0.31,0.77,1.54,50.0,0.77,12.46,2.77,22.2,3.54,6.15,2.77,1.38,0.15,0.0,1.23,0.62,2.62,1.38,0.0
19cda00b,2.34,1.56,0.91,0.91,0.52,1.04,3.38,30.8,2.34,24.68,6.1,24.7,9.87,9.74,5.06,1.17,0.13,0.0,1.04,1.04,3.38,0.0,0.0
fc62f087,3.04,1.96,1.96,0.71,0.36,1.61,3.04,52.9,1.43,13.75,4.29,31.2,7.5,4.82,1.43,1.96,0.54,0.0,1.43,1.07,4.11,3.93,0.0
9dc96f10,0.0,0.0,0.0,0.0,0.0,0.0,0.0,,0.0,3.33,3.33,100.0,0.0,0.0,3.33,0.0,0.0,0.0,0.0,0.0,0.0,0.0,0.0
31c69ef1,1.2,0.56,0.56,0.46,0.19,0.56,1.11,50.0,0.56,6.3,2.31,36.8,2.31,3.33,0.65,1.39,0.74,0.0,0.65,1.67,2.87,2.87,0.09
8104e41e,2.61,1.96,1.3,0.87,0.43,0.22,1.09,20.0,0.87,13.04,3.91,30.0,3.91,5.87,3.26,0.43,0.0,0.0,0.43,0.43,3.04,0.87,0.0
4a1a9578,1.0,0.6,0.4,0.6,0.0,0.2,1.8,11.1,1.6,17.2,4.6,26.7,4.6,6.8,5.8,0.8,0.0,0.0,0.8,0.2,1.2,0.0,0.0
4030c7ae,0.0,0.0,0.0,0.0,0.0,0.0,0.0,,0.0,0.17,0.0,0.0,0.17,0.0,0.0,0.0,0.0,0.0,0.0,0.0,0.0,0.0,0.33
6eee05f1,1.38,0.88,0.62,0.62,0.12,0.38,1.12,33.3,0.75,10.88,3.0,27.6,6.75,3.38,0.75,1.38,0.75,0.0,0.62,2.0,3.38,5.62,0.0
b5f7d10b,1.17,1.17,0.83,0.17,0.17,0.5,2.17,23.1,1.67,8.67,3.33,38.5,5.67,2.0,1.0,1.67,0.17,0.0,1.5,1.33,2.5,2.17,0.0
fffea3e5,2.67,2.22,0.67,1.78,0.22,0.0,0.22,0.0,0.22,14.0,5.56,39.7,3.78,5.78,4.44,0.44,0.0,0.0,0.44,0.67,3.33,0.22,0.0
5526deb1,0.0,0.0,0.0,0.0,0.0,0.0,0.0,,0.0,10.0,0.0,0.0,0.0,10.0,0.0,10.0,0.0,0.0,10.0,0.0,0.0,0.0,0.0
8954fddc,4.29,0.0,1.43,2.86,0.0,4.29,7.14,60.0,2.86,25.71,4.29,16.7,17.14,5.71,2.86,1.43,0.0,0.0,1.43,0.0,4.29,5.71,0.0
620922ed,0.0,0.0,0.0,0.0,0.0,0.0,0.0,,0.0,15.0,0.0,0.0,10.0,0.0,5.0,0.0,0.0,0.0,0.0,0.0,0.0,5.0,0.0
1a992676,0.0,0.0,0.0,0.0,0.0,0.0,1.33,0.0,1.33,11.33,2.0,17.6,2.67,7.67,1.0,1.67,0.0,0.0,1.67,2.33,2.33,1.0,0.0
c6486b01,1.09,0.91,0.0,0.55,0.55,0.91,1.82,50.0,0.91,11.27,3.09,27.4,2.18,5.64,3.45,0.91,0.0,0.0,0.91,0.73,1.82,0.18,0.0
60e86875,3.55,1.94,2.58,0.65,0.32,0.65,4.19,15.4,3.55,29.03,7.1,24.4,8.71,13.55,6.77,1.94,0.0,0.0,1.94,0.32,3.87,0.0,0.0
37e103f8,5.0,0.0,0.0,0.0,5.0,5.0,5.0,100.0,0.0,25.0,5.0,20.0,0.0,0.0,25.0,0.0,0.0,0.0,0.0,0.0,5.0,0.0,0.0
303636d2,1.22,0.49,0.98,0.24,0.0,0.24,0.98,25.0,0.73,9.02,2.68,29.7,7.56,1.46,0.0,0.98,0.24,0.0,0.73,1.95,3.17,2.68,0.0
e0921a4f,0.0,0.0,0.0,0.0,0.0,0.0,1.67,0.0,1.67,14.17,3.75,26.5,1.25,6.25,6.67,0.83,0.0,0.0,0.83,0.42,0.42,0.42,0.0
448a3608,0.0,0.0,0.0,0.0,0.0,0.0,0.53,0.0,0.53,12.63,3.42,27.1,0.53,4.21,7.89,0.79,0.79,0.0,0.0,0.0,0.0,0.53,0.0
f0fc9d0e,0.36,0.36,0.0,0.36,0.0,0.0,0.36,0.0,0.36,10.71,3.21,30.0,0.71,5.71,4.29,0.36,0.0,0.0,0.36,0.0,0.36,0.0,0.0
3bb7b8b4,0.0,0.0,0.0,0.0,0.0,0.0,0.08,0.0,0.08,0.17,0.0,0.0,0.17,0.0,0.0,0.0,0.0,0.0,0.0,0.0,0.0,0.08,0.0
73d6a176,0.0,0.0,0.0,0.0,0.0,0.0,4.0,0.0,4.0,17.0,3.0,17.6,9.0,7.0,1.0,1.0,0.0,0.0,1.0,2.0,2.0,1.0,0.0
48035304,1.88,0.43,1.59,0.29,0.0,0.58,1.16,50.0,0.58,7.97,2.46,30.9,5.36,2.61,0.0,2.46,1.01,0.0,1.45,1.16,3.04,4.49,0.14
0b4f388a,0.91,0.91,0.0,0.3,0.61,0.3,1.21,25.0,0.91,19.39,5.45,28.1,1.82,9.7,7.88,0.3,0.0,0.0,0.3,0.61,1.52,0.3,0.0
04e17fd5,0.47,0.47,0.0,0.23,0.23,0.0,0.7,0.0,0.7,14.88,4.19,28.1,1.16,6.74,6.98,0.23,0.0,0.0,0.23,0.47,0.93,1.16,0.0
58dda688,0.67,0.67,0.0,0.67,0.0,0.44,0.89,50.0,0.44,5.78,2.22,38.5,2.22,2.89,0.67,2.0,0.89,0.0,1.11,1.78,2.44,3.78,0.0
980522ec,0.0,0.0,0.0,0.0,0.0,0.0,0.91,0.0,0.91,12.73,2.73,21.4,1.82,7.27,3.64,1.82,0.0,0.0,1.82,0.0,0.0,0.0,0.0
1c78737d,1.33,1.0,0.33,0.67,0.33,0.33,1.33,25.0,1.0,15.67,4.67,29.8,7.0,4.67,4.0,1.33,0.0,0.0,1.33,0.67,2.0,0.67,0.0
3f79a1c8,3.75,3.75,2.5,1.25,0.0,1.88,3.75,50.0,1.88,17.5,10.0,57.1,10.0,7.5,0.0,0.62,0.0,0.0,0.62,5.0,8.75,0.62,0.0
b0616e3d,1.0,1.0,1.0,0.0,0.0,0.5,1.0,50.0,0.5,7.0,3.0,42.9,3.0,2.0,2.0,1.5,0.0,0.0,1.5,1.0,2.0,0.5,0.0
4352d221,0.59,0.59,0.0,0.0,0.59,0.0,0.0,,0.0,8.82,1.76,20.0,0.59,5.29,2.94,0.0,0.0,0.0,0.0,1.18,1.76,0.0,0.0
6f3cc2fe,0.0,0.0,0.0,0.0,0.0,0.0,1.11,0.0,1.11,8.89,2.22,25.0,0.0,4.44,4.44,1.11,0.0,0.0,1.11,0.0,0.0,1.11,0.0
7f3b388c,4.52,2.58,2.9,1.45,0.16,1.61,2.58,62.5,0.97,14.52,5.32,36.7,5.32,8.39,0.81,2.26,0.65,0.32,1.61,2.74,7.26,4.03,0.0
b7a5bc86,2.37,1.05,1.32,0.79,0.26,0.79,2.63,30.0,1.84,15.79,4.74,30.0,8.16,5.0,2.63,3.16,0.0,0.0,3.16,1.58,3.95,2.63,0.0
0ba976e4,0.56,0.0,0.0,0.0,0.56,0.56,1.67,33.3,1.11,13.89,1.67,12.0,2.22,4.44,7.22,2.78,0.56,0.0,2.22,0.0,0.56,0.56,0.0
51a3c4c8,1.86,0.93,1.16,0.7,0.0,1.16,1.86,62.5,0.7,9.3,4.88,52.5,6.51,2.33,0.47,2.56,1.16,0.0,1.4,1.4,3.26,8.14,0.0
15d0c248,3.5,0.5,2.5,1.0,0.0,1.0,1.0,100.0,0.0,11.5,2.5,21.7,8.5,3.0,0.0,3.5,0.5,0.0,3.0,0.0,3.5,3.5,0.0
8aafd64f,0.9,0.38,0.0,0.64,0.26,0.26,0.9,28.6,0.64,9.87,2.69,27.3,1.79,4.36,3.72,0.38,0.0,0.0,0.38,0.38,1.28,0.38,0.0
507c7bdf,1.63,1.02,0.2,0.61,0.82,0.61,2.86,21.4,2.24,23.06,7.76,33.6,3.67,9.18,10.2,1.22,0.41,0.0,0.82,0.61,2.24,0.61,0.0
f76fdcd2,0.0,0.0,0.0,0.0,0.0,0.0,0.0,,0.0,0.0,0.0,,0.0,0.0,0.0,0.0,0.0,0.0,0.0,0.0,0.0,0.0,0.0
e08647d6,0.0,0.0,0.0,0.0,0.0,0.0,10.0,0.0,10.0,50.0,20.0,40.0,0.0,20.0,30.0,0.0,0.0,0.0,0.0,0.0,0.0,0.0,0.0
101da2b5,3.16,2.11,0.0,2.11,1.05,1.32,2.63,50.0,1.32,23.16,6.58,28.4,3.95,14.74,4.47,2.11,0.26,0.0,1.84,2.11,5.26,1.32,0.0
41f32541,1.82,1.27,0.55,1.27,0.0,1.09,2.36,46.2,1.27,12.0,5.27,43.9,4.73,6.36,0.91,1.27,0.18,0.0,1.09,2.18,4.0,2.55,0.0
d9d43555,0.0,0.0,0.0,0.0,0.0,0.0,2.5,0.0,2.5,20.0,5.0,25.0,2.5,7.5,10.0,5.0,0.0,0.0,5.0,2.5,2.5,5.0,0.0
4c370d81,1.08,0.81,0.81,0.27,0.0,0.0,0.54,0.0,0.54,18.92,7.3,38.6,2.16,10.0,6.76,1.89,0.0,0.0,1.89,0.27,1.35,0.81,0.0
24f59bb2,2.41,1.38,1.03,1.03,0.34,0.34,1.72,20.0,1.38,13.79,4.14,30.0,3.1,6.55,4.14,2.07,0.69,0.0,1.38,0.69,3.1,1.38,0.0
e288d4b3,1.22,0.78,0.78,0.44,0.0,0.56,2.33,23.8,1.78,8.44,2.44,28.9,3.78,3.22,1.44,1.56,0.33,0.0,1.22,1.78,3.0,1.67,0.0
ed1e53f3,1.44,1.36,0.59,0.42,0.42,0.34,1.1,30.8,0.76,16.19,5.68,35.1,1.95,5.34,8.9,1.36,0.08,0.0,1.27,1.27,2.71,0.59,0.08
9a2e0ccc,0.98,0.78,0.0,0.78,0.2,0.0,0.59,0.0,0.59,18.04,6.08,33.7,0.98,10.39,6.67,0.2,0.0,0.0,0.2,0.2,1.18,0.2,0.0
715e5b0e,1.25,0.94,0.0,0.94,0.31,0.62,1.56,40.0,0.94,10.94,3.12,28.6,1.88,5.31,3.75,0.0,0.0,0.0,0.0,0.62,1.88,0.0,0.0
a9142dc3,10.0,0.0,0.0,10.0,0.0,3.33,3.33,100.0,0.0,26.67,6.67,25.0,16.67,10.0,0.0,3.33,0.0,0.0,3.33,3.33,13.33,3.33,0.0
d80b1835,0.0,0.0,0.0,0.0,0.0,0.0,0.0,,0.0,15.0,0.0,0.0,5.0,5.0,5.0,0.0,0.0,0.0,0.0,0.0,0.0,0.0,0.0
f620b04f,0.0,0.0,0.0,0.0,0.0,0.0,0.0,,0.0,12.27,3.64,29.6,0.45,5.45,6.36,0.91,0.0,0.0,0.91,0.45,0.45,3.18,0.0
b853e0ad,2.63,1.32,0.79,1.58,0.26,1.05,3.42,30.8,2.37,27.63,8.95,32.4,9.47,14.21,3.95,2.11,0.0,0.0,2.11,2.11,4.74,1.05,0.0
98d2c2c4,2.59,1.21,0.86,1.03,0.69,1.03,2.59,40.0,1.55,18.79,6.03,32.1,7.07,9.83,1.9,1.72,0.34,0.0,1.38,1.21,3.79,1.72,0.0
1c90cd29,3.0,2.0,2.5,0.5,0.0,0.0,1.5,0.0,1.5,10.5,5.0,47.6,9.0,1.5,0.0,3.5,1.0,0.0,2.5,0.5,3.5,2.5,0.0
ce30bfc8,1.43,0.71,0.36,0.36,0.71,0.0,0.71,0.0,0.71,15.36,4.64,30.2,5.0,5.36,5.0,1.07,0.0,0.0,1.07,1.07,2.5,1.07,0.0
72c812f3,4.63,3.52,2.78,1.48,0.37,0.93,1.85,50.0,0.93,30.0,8.89,29.6,16.3,11.67,2.04,2.96,0.37,0.0,2.59,1.3,5.93,1.85,0.0
2bed3eab,0.43,0.0,0.43,0.0,0.0,0.43,0.43,100.0,0.0,9.13,5.65,61.9,1.74,6.52,0.87,0.43,0.43,0.0,0.0,0.87,1.3,3.91,0.0
ecb68eea,1.67,0.95,0.95,0.71,0.0,0.95,2.38,40.0,1.43,16.19,4.05,25.0,6.67,8.81,0.71,1.43,0.48,0.0,0.95,2.14,3.81,1.67,0.0
6be41a31,2.73,2.73,1.82,0.91,0.0,0.0,0.0,,0.0,23.64,5.45,23.1,7.27,9.09,7.27,0.91,0.0,0.0,0.91,0.91,3.64,0.0,0.0
7ba6d84e,0.0,0.0,0.0,0.0,0.0,0.0,0.0,,0.0,0.2,0.0,0.0,0.2,0.0,0.0,0.0,0.0,0.0,0.0,0.0,0.0,0.0,0.0
ea0ff634,0.91,0.45,0.45,0.0,0.45,0.0,0.91,0.0,0.91,20.45,5.91,28.9,3.64,7.27,9.55,0.0,0.0,0.0,0.0,0.91,1.82,0.45,0.45
df10e27c,0.91,0.0,0.0,0.0,0.91,0.0,1.82,0.0,1.82,16.36,4.55,27.8,2.73,6.36,7.27,0.0,0.0,0.0,0.0,2.73,3.64,0.0,0.0
f521b80a,0.62,0.38,0.5,0.12,0.0,0.12,0.38,33.3,0.25,3.88,0.88,22.6,2.25,1.62,0.0,1.5,1.12,0.0,0.38,1.0,1.62,3.88,0.0
16ceb862,1.38,0.69,0.0,1.03,0.34,0.0,0.0,,0.0,11.03,4.83,43.8,0.34,4.83,5.86,0.34,0.0,0.0,0.34,0.0,1.38,0.69,0.0
88e357ef,1.25,0.5,0.25,1.0,0.0,0.25,1.75,14.3,1.5,17.0,5.0,29.4,3.25,6.0,7.75,1.75,0.25,0.0,1.5,0.75,2.0,1.0,0.0
f0f7f62f,0.0,0.0,0.0,0.0,0.0,0.0,0.0,,0.0,0.0,0.0,,0.0,0.0,0.0,0.0,0.0,0.0,0.0,0.0,0.0,0.0,0.0
d9b9b71a,1.33,1.33,0.67,0.67,0.0,0.0,1.33,0.0,1.33,16.0,4.0,25.0,5.33,8.67,2.0,2.67,0.0,0.0,2.67,2.0,3.33,2.67,0.0
7a11550b,1.67,1.0,1.0,0.67,0.0,0.33,1.33,25.0,1.0,9.0,2.67,29.6,7.0,2.0,0.0,1.67,0.0,0.0,1.67,1.0,2.67,5.33,0.0
6e4df551,4.0,2.0,0.0,3.0,1.0,1.0,3.0,33.3,2.0,8.0,5.0,62.5,1.0,4.0,3.0,1.0,0.0,0.0,1.0,1.0,5.0,0.0,0.0
6e4df551,1.4,1.2,0.4,0.8,0.2,0.8,2.6,30.8,1.8,9.2,2.4,26.1,2.0,3.6,3.6,0.8,0.2,0.0,0.6,0.2,1.6,0.0,0.0
bc6f5f06,0.91,0.45,0.45,0.45,0.0,0.0,0.45,0.0,0.45,7.27,2.27,31.3,3.18,3.64,0.45,2.73,1.36,0.0,1.36,0.0,0.91,5.0,0.0
cecbce23,0.0,0.0,0.0,0.0,0.0,0.0,0.0,,0.0,0.0,0.0,,0.0,0.0,0.0,0.0,0.0,0.0,0.0,0.0,0.0,0.0,0.0
42dcf26d,2.0,1.33,1.5,0.5,0.0,0.83,1.83,45.5,1.0,7.0,2.67,38.1,4.33,2.5,0.17,1.33,0.67,0.0,0.67,0.33,2.33,4.17,0.0
cc86b9a3,2.92,1.67,0.42,2.08,0.42,0.83,3.54,23.5,2.71,20.42,6.46,31.6,1.88,14.58,3.96,1.46,0.21,0.0,1.25,1.88,4.79,1.04,0.0
8b3d765f,0.0,0.0,0.0,0.0,0.0,0.0,0.0,,0.0,0.0,0.0,,0.0,0.0,0.0,0.0,0.0,0.0,0.0,0.0,0.0,0.0,0.0
2d970560,1.75,0.79,1.11,0.32,0.32,0.32,0.95,33.3,0.63,10.0,2.54,25.4,4.29,3.81,1.9,2.54,0.32,0.0,2.22,0.95,2.7,1.75,0.0
b8e740fb,2.88,1.86,0.85,1.36,0.68,1.36,2.03,66.7,0.68,12.2,4.24,34.7,3.22,6.27,2.71,0.85,0.0,0.0,0.85,2.37,5.25,1.02,0.0
58eee997,0.0,0.0,0.0,0.0,0.0,0.0,0.0,,0.0,14.78,3.91,26.5,2.17,8.26,4.35,0.43,0.0,0.0,0.43,1.3,1.3,0.0,0.0
8b298f56,3.6,2.4,0.8,2.0,0.8,1.6,4.0,40.0,2.4,17.2,5.2,30.2,4.4,9.2,3.6,0.8,0.0,0.0,0.8,0.0,3.6,0.4,0.4
df69b544,1.25,0.71,0.71,0.36,0.18,0.71,1.43,50.0,0.71,13.93,3.93,28.2,1.61,7.86,4.46,0.89,0.0,0.0,0.89,0.89,2.14,0.36,0.0
8b8e759d,1.86,1.16,1.16,0.23,0.47,0.7,1.86,37.5,1.16,17.44,3.95,22.7,3.72,11.4,2.33,2.33,0.47,0.0,1.86,0.7,2.56,2.09,0.0
0076ab7f,1.27,0.73,0.36,0.91,0.0,0.36,0.55,66.7,0.18,10.91,4.36,40.0,2.73,7.82,0.36,1.45,0.91,0.0,0.55,0.73,2.0,1.64,0.0
048a1cbc,0.68,0.41,0.41,0.27,0.0,0.27,0.81,33.3,0.54,7.16,2.43,34.0,4.19,2.03,0.95,0.81,0.0,0.0,0.81,0.68,1.35,0.54,0.0
7155e3e1,2.11,1.58,1.58,0.53,0.0,1.58,1.58,100.0,0.0,14.21,5.79,40.7,3.68,10.0,0.53,1.58,0.0,0.0,1.58,2.11,4.21,2.11,0.0
923f4dda,0.26,0.0,0.26,0.0,0.0,0.0,0.53,0.0,0.53,8.42,1.84,21.9,0.79,3.42,4.21,1.05,0.0,0.0,1.05,0.26,0.53,0.79,0.0
bcb2ccd8,0.0,0.0,0.0,0.0,0.0,0.0,0.0,,0.0,0.12,0.12,100.0,0.12,0.0,0.0,0.0,0.0,0.0,0.0,0.0,0.0,0.0,0.0
b686f4c0,0.87,0.87,0.43,0.0,0.43,0.87,1.3,66.7,0.43,15.22,4.78,31.4,1.3,6.96,6.96,0.87,0.0,0.0,0.87,0.43,1.3,0.87,0.0
819b3158,1.02,0.74,0.28,0.74,0.0,0.28,1.67,16.7,1.39,12.22,3.52,28.8,1.67,7.31,3.24,0.46,0.0,0.0,0.46,1.67,2.69,0.28,0.0
b583aef5,0.0,0.0,0.0,0.0,0.0,0.0,0.0,,0.0,0.0,0.0,,0.0,0.0,0.0,0.0,0.0,0.0,0.0,0.0,0.0,0.17,0.17
1f44ac21,0.38,0.38,0.13,0.13,0.13,0.13,0.51,25.0,0.38,11.41,2.95,25.8,0.64,2.69,8.08,0.38,0.13,0.0,0.26,0.38,0.77,1.67,0.0
8696bc90,0.91,0.91,0.61,0.3,0.0,0.91,1.21,75.0,0.3,10.61,3.64,34.3,1.82,4.55,4.24,0.61,0.0,0.0,0.61,0.3,1.21,0.0,0.0
92432bc6,2.98,1.7,1.28,1.49,0.21,1.49,3.83,38.9,2.34,22.55,4.68,20.8,6.38,11.91,4.26,1.91,0.0,0.0,1.91,1.49,4.47,0.64,0.0
e42d61c7,2.25,1.5,0.5,1.25,0.5,0.75,3.25,23.1,2.5,17.5,4.25,24.3,4.0,7.0,6.5,1.75,0.5,0.0,1.25,1.0,3.25,0.75,0.25
8ff2354e,1.0,1.0,1.0,0.0,0.0,0.5,1.0,50.0,0.5,7.5,3.0,40.0,4.5,2.0,1.0,2.5,0.0,0.0,2.5,1.0,2.0,2.5,0.0
74419746,0.0,0.0,0.0,0.0,0.0,0.0,0.17,0.0,0.17,0.5,0.0,0.0,0.5,0.0,0.0,0.17,0.0,0.0,0.17,0.0,0.0,0.0,0.0
a3b952f8,0.0,0.0,0.0,0.0,0.0,0.0,0.0,,0.0,0.0,0.0,,0.0,0.0,0.0,0.0,0.0,0.0,0.0,0.0,0.0,0.0,0.25
bfc5768b,5.29,2.94,2.35,2.35,0.59,2.35,7.06,33.3,4.71,34.71,8.24,23.7,11.76,17.06,5.88,2.94,0.59,0.0,2.35,1.18,6.47,4.12,0.0
3b333ac3,1.19,0.85,0.85,0.17,0.17,0.68,2.03,33.3,1.36,8.98,2.71,30.2,2.71,2.88,3.39,2.03,0.17,0.0,1.86,0.68,1.86,1.69,0.0
fed7cb61,2.07,0.8,0.8,1.03,0.23,0.8,1.72,46.7,0.92,14.83,3.56,24.0,2.18,9.08,3.56,1.84,0.11,0.0,1.72,0.8,2.87,1.38,0.0
a39bb753,0.0,0.0,0.0,0.0,0.0,0.0,0.0,,0.0,10.0,2.33,23.3,0.0,4.33,5.67,0.67,0.0,0.0,0.67,0.0,0.0,0.0,0.0
50871bcc,1.84,0.82,1.02,0.61,0.2,0.61,1.43,42.9,0.82,19.8,4.9,24.7,5.92,7.76,6.12,1.43,0.41,0.0,1.02,0.41,2.24,0.0,0.0
169fd162,1.0,1.0,0.0,1.0,0.0,0.0,2.0,0.0,2.0,27.0,8.0,29.6,3.0,8.0,16.0,1.0,0.0,0.0,1.0,3.0,4.0,1.0,0.0
fecd43a3,2.09,1.86,1.63,0.47,0.0,1.63,3.26,50.0,1.63,12.33,3.95,32.1,7.44,3.72,1.16,1.86,0.47,0.0,1.4,1.4,3.49,0.93,0.0
e5a76dfe,0.0,0.0,0.0,0.0,0.0,0.0,0.0,,0.0,0.0,0.0,,0.0,0.0,0.0,0.0,0.0,0.0,0.0,0.0,0.0,0.0,0.0
935e6b8f,0.25,0.25,0.25,0.0,0.0,0.25,1.0,25.0,0.75,12.5,4.0,32.0,3.75,7.25,1.5,2.0,0.5,0.0,1.5,0.75,1.0,2.75,0.0
0a89e877,5.38,2.31,2.31,3.08,0.0,2.31,5.38,42.9,3.08,31.54,10.0,31.7,10.0,14.62,6.92,2.31,0.0,0.0,2.31,0.0,5.38,3.08,0.0
f45f9427,2.0,1.2,1.2,0.8,0.0,0.8,1.2,66.7,0.4,10.0,2.8,28.0,3.6,4.4,2.0,1.6,0.8,0.0,0.8,0.4,2.4,0.8,0.0
f36d5624,0.91,0.91,0.0,0.91,0.0,0.91,1.82,50.0,0.91,18.18,2.73,15.0,4.55,8.18,5.45,0.91,0.0,0.0,0.91,1.82,2.73,0.91,0.0
555f3a0b,3.08,1.03,1.79,1.03,0.26,1.28,2.82,45.5,1.54,10.51,3.08,29.3,6.15,3.85,0.51,2.31,0.51,0.0,1.79,2.31,5.38,3.59,0.26
c3ee18ef,3.77,2.21,2.6,0.91,0.26,1.3,2.6,50.0,1.3,15.06,6.1,40.5,7.66,5.06,2.34,2.08,0.39,0.0,1.69,0.39,4.16,2.73,0.0
436a9dd0,3.0,2.0,1.0,1.5,0.5,1.33,4.17,32.0,2.83,21.83,8.0,36.6,8.83,8.67,4.33,4.5,1.17,0.0,3.33,2.0,5.0,1.67,0.0
a8542814,1.21,0.61,0.3,0.91,0.0,0.3,2.42,12.5,2.12,18.48,5.45,29.5,5.76,9.39,3.33,1.52,1.21,0.0,0.3,0.61,1.82,1.21,0.3
dfb6490a,0.0,0.0,0.0,0.0,0.0,0.0,4.29,0.0,4.29,15.71,1.43,9.1,1.43,8.57,5.71,2.86,0.0,0.0,2.86,1.43,1.43,2.86,0.0
2e7ff968,0.0,0.0,0.0,0.0,0.0,0.0,0.0,,0.0,0.33,0.17,50.0,0.33,0.0,0.0,0.0,0.0,0.0,0.0,0.0,0.0,0.17,0.0
875898c7,2.96,0.93,2.96,0.0,0.0,0.93,1.67,55.6,0.74,8.52,4.07,47.8,6.3,2.04,0.19,1.3,0.0,0.0,1.3,1.48,4.44,4.44,0.0
2903a856,1.25,1.04,0.42,0.42,0.42,1.04,5.0,20.8,3.96,23.33,4.79,20.5,6.46,11.46,5.42,1.25,0.0,0.0,1.25,0.42,1.67,0.42,0.0
12aa7661,1.88,1.67,0.62,0.83,0.42,1.04,1.88,55.6,0.83,9.58,4.58,47.8,4.17,3.75,1.67,1.67,0.0,0.0,1.67,1.25,3.12,2.92,0.0
3f65d5ce,0.0,0.0,0.0,0.0,0.0,0.0,0.0,,0.0,0.0,0.0,,0.0,0.0,0.0,0.0,0.0,0.0,0.0,0.0,0.0,0.0,0.0
15f3ec41,1.58,0.79,0.53,0.53,0.53,0.53,1.05,50.0,0.53,9.21,2.63,28.6,2.63,2.89,3.68,1.84,0.0,0.0,1.84,1.32,2.89,0.79,0.0
05d548d8,1.48,0.91,1.02,0.45,0.0,0.45,1.25,36.4,0.8,9.32,3.3,35.4,6.7,2.5,0.11,2.61,1.59,0.0,1.02,1.93,3.41,6.48,0.23
d14229f3,0.0,0.0,0.0,0.0,0.0,0.0,1.0,0.0,1.0,8.0,4.0,50.0,2.0,2.0,4.0,1.0,0.0,0.0,1.0,0.0,0.0,0.0,0.0
5042e5c2,0.0,0.0,0.0,0.0,0.0,0.0,0.0,,0.0,5.0,0.0,0.0,0.0,0.0,5.0,0.0,0.0,0.0,0.0,0.0,0.0,0.0,0.0
01204d46,2.0,1.0,1.0,1.0,0.0,0.0,0.0,,0.0,23.0,11.0,47.8,13.0,10.0,0.0,1.0,1.0,0.0,0.0,4.0,6.0,10.0,0.0
43b78598,1.85,1.48,0.74,1.11,0.0,0.0,1.11,0.0,1.11,13.7,3.33,24.3,1.11,9.26,3.33,0.74,0.37,0.0,0.37,1.48,3.33,1.11,0.0
34caa4b3,1.76,0.59,0.0,1.18,0.59,0.59,4.12,14.3,3.53,19.41,5.88,30.3,4.12,11.76,3.53,1.76,0.59,0.0,1.18,0.0,1.76,1.18,0.0
03622183,,,,,,,,,,inf,inf,50.0,,inf,inf,,,,,,,,
5cb1d026,2.33,1.16,1.86,0.47,0.0,0.47,4.88,9.5,4.42,20.0,4.65,23.3,11.63,5.58,2.79,2.09,0.47,0.0,1.63,1.63,3.95,2.56,0.0
68252d6d,0.65,0.0,0.0,0.32,0.32,0.65,2.26,28.6,1.61,12.58,3.55,28.2,1.94,4.19,6.45,0.65,0.0,0.0,0.65,1.29,1.94,0.32,0.0
4431aed2,0.43,0.43,0.0,0.43,0.0,0.0,0.22,0.0,0.22,11.3,2.83,25.0,0.87,5.43,5.0,0.87,0.0,0.0,0.87,0.65,1.09,0.0,0.0
4c2fa917,0.0,0.0,0.0,0.0,0.0,0.0,0.0,,0.0,30.0,5.0,16.7,0.0,20.0,10.0,0.0,0.0,0.0,0.0,0.0,0.0,0.0,0.0
d1f48bfc,1.75,1.5,0.75,0.75,0.25,0.75,1.5,50.0,0.75,13.5,5.0,37.0,3.5,6.5,3.5,1.25,0.0,0.0,1.25,1.0,2.75,0.75,0.0
5715bb71,4.0,4.0,0.0,2.0,2.0,2.0,2.0,100.0,0.0,12.0,6.0,50.0,2.0,2.0,8.0,2.0,0.0,0.0,2.0,4.0,8.0,2.0,0.0
a0b4bb3e,1.82,0.91,0.91,0.91,0.0,0.91,1.82,50.0,0.91,13.64,3.64,26.7,4.55,6.36,2.73,2.73,0.0,0.0,2.73,2.73,4.55,0.91,0.0
c931d9f9,0.0,0.0,0.0,0.0,0.0,0.0,0.0,,0.0,37.5,7.5,20.0,17.5,15.0,5.0,2.5,0.0,0.0,2.5,0.0,0.0,0.0,0.0
40676b27,4.0,4.0,3.0,1.0,0.0,1.0,4.0,25.0,3.0,34.0,11.0,32.4,22.0,12.0,0.0,6.0,1.0,0.0,5.0,0.0,4.0,3.0,0.0
1265a93a,3.65,1.9,2.7,0.79,0.16,0.95,2.06,46.2,1.11,14.6,4.29,29.3,7.62,5.4,1.59,3.02,0.79,0.0,2.22,1.75,5.4,3.49,0.0
34b54da7,0.0,0.0,0.0,0.0,0.0,0.0,1.67,0.0,1.67,5.0,1.67,33.3,0.0,5.0,0.0,3.33,3.33,0.0,0.0,5.0,5.0,8.33,0.0
b66315ae,1.33,0.67,0.33,0.33,0.67,0.0,0.33,0.0,0.33,14.67,4.67,31.8,1.33,6.0,7.33,2.0,0.33,0.0,1.67,1.0,2.33,0.0,0.0
4fb9c88f,1.56,1.56,0.44,0.89,0.22,0.0,0.89,0.0,0.89,20.44,6.0,29.3,5.33,11.56,3.56,2.67,0.22,0.0,2.44,0.67,2.22,1.56,0.22
1bacc518,1.08,0.62,0.31,0.46,0.31,0.0,0.46,0.0,0.46,11.23,4.15,37.0,4.0,5.54,1.69,0.92,0.15,0.0,0.77,1.54,2.62,0.92,0.0
abb3bb95,1.19,0.48,0.48,0.48,0.24,0.71,1.43,50.0,0.71,8.81,3.57,40.5,1.9,2.62,4.29,1.43,0.0,0.0,1.43,0.95,2.14,0.24,0.0
2a0c8ba4,2.0,1.78,0.44,0.89,0.67,1.11,3.56,31.3,2.44,14.0,4.67,33.3,2.67,8.22,3.11,0.67,0.22,0.0,0.44,1.33,3.33,0.67,0.0
45db685d,2.19,1.58,0.88,0.96,0.35,0.88,2.72,32.3,1.84,19.12,6.32,33.0,7.28,10.09,1.75,2.28,0.53,0.0,1.75,1.84,4.04,1.58,0.0
178ae8f8,0.67,0.33,0.33,0.33,0.0,0.17,1.17,14.3,1.0,18.83,4.17,22.1,2.5,8.83,7.5,1.33,0.17,0.0,1.17,0.67,1.33,0.0,0.0
4d8cd038,0.0,0.0,0.0,0.0,0.0,0.0,0.0,,0.0,6.67,1.67,25.0,0.0,1.67,5.0,0.0,0.0,0.0,0.0,0.0,0.0,0.0,0.0
7111d552,1.43,0.71,0.86,0.14,0.43,0.29,0.71,40.0,0.43,24.43,6.71,27.5,6.0,9.29,9.14,1.71,0.14,0.0,1.57,0.71,2.14,0.14,0.0
dba67bc4,3.14,2.16,1.37,1.57,0.2,0.98,2.16,45.5,1.18,18.43,7.84,42.6,6.08,10.39,1.96,2.16,0.39,0.0,1.76,2.16,5.29,1.37,0.0
d29202c2,1.37,0.98,0.39,0.39,0.59,0.59,1.18,50.0,0.59,13.73,5.88,42.9,2.35,4.31,7.06,0.98,0.2,0.0,0.78,0.98,2.35,0.59,0.0
2d61d13a,2.29,1.43,1.43,0.86,0.0,0.0,0.29,0.0,0.29,10.86,5.14,47.4,6.57,4.0,0.29,2.86,1.43,0.0,1.43,1.43,3.71,3.14,0.29
d2800f47,1.67,0.74,0.74,0.74,0.19,0.56,1.67,33.3,1.11,20.74,6.85,33.0,6.48,10.74,3.52,1.11,0.56,0.0,0.56,0.56,2.22,0.37,0.0
091c86e2,10.0,0.0,0.0,10.0,0.0,0.0,0.0,,0.0,10.0,0.0,0.0,0.0,10.0,0.0,0.0,0.0,0.0,0.0,0.0,10.0,0.0,0.0
81d3318f,3.0,1.0,2.0,0.0,1.0,1.5,4.5,33.3,3.0,19.0,3.0,15.8,10.0,6.5,2.5,1.0,0.0,0.0,1.0,0.5,3.5,0.5,0.0
cc77354e,2.33,1.63,1.4,0.47,0.47,0.93,1.86,50.0,0.93,17.21,6.51,37.8,5.12,9.3,2.79,1.4,0.47,0.0,0.93,1.16,3.49,1.4,0.0
768b28d0,0.0,0.0,0.0,0.0,0.0,0.0,0.0,,0.0,20.0,10.0,50.0,10.0,10.0,0.0,5.0,0.0,0.0,5.0,0.0,0.0,15.0,0.0
b825a650,0.98,0.98,0.49,0.49,0.0,0.24,2.2,11.1,1.95,20.49,8.54,41.7,6.83,10.24,3.41,1.95,0.24,0.0,1.71,1.71,2.68,1.95,0.0
b9fbae28,2.66,2.15,1.65,0.76,0.25,0.63,1.39,45.5,0.76,21.01,7.59,36.1,7.47,9.75,3.8,1.9,0.51,0.0,1.39,2.03,4.68,1.77,0.0
0eac2f24,10.0,0.0,10.0,0.0,0.0,0.0,10.0,0.0,10.0,30.0,0.0,0.0,30.0,0.0,0.0,10.0,0.0,0.0,10.0,10.0,20.0,0.0,0.0
1bd5735a,0.8,0.8,0.4,0.4,0.0,0.4,0.4,100.0,0.0,6.8,2.4,35.3,4.4,1.6,0.8,2.8,0.0,0.0,2.8,0.8,1.6,2.4,0.0
b0b902c8,1.61,1.29,1.29,0.32,0.0,1.61,2.26,71.4,0.65,11.61,5.16,44.4,7.42,2.9,1.29,1.94,0.32,0.0,1.61,0.65,2.26,2.9,0.0
3d50bcdb,0.41,0.0,0.2,0.2,0.0,0.2,0.82,25.0,0.61,9.18,3.47,37.8,0.41,3.88,4.9,0.82,0.0,0.0,0.82,0.41,0.82,1.02,0.0
dc52c72f,1.67,1.0,0.67,0.83,0.17,0.83,1.67,50.0,0.83,7.83,1.17,14.9,4.17,2.83,0.83,2.5,0.0,0.0,2.5,0.67,2.33,3.83,0.0
51dbeea9,1.25,1.25,1.25,0.0,0.0,1.25,1.25,100.0,0.0,17.5,6.25,35.7,7.5,6.25,3.75,5.0,1.25,0.0,3.75,1.25,2.5,1.25,0.0
f25c8e3a,1.88,1.25,1.25,0.62,0.0,0.0,2.5,0.0,2.5,22.5,5.0,22.2,5.0,13.75,3.75,1.25,0.0,0.0,1.25,1.88,3.75,0.62,0.0
62d7ef38,0.0,0.0,0.0,0.0,0.0,0.0,0.0,,0.0,0.5,0.0,0.0,0.5,0.0,0.0,0.0,0.0,0.0,0.0,0.0,0.0,0.0,0.0
2fabebc0,0.0,0.0,0.0,0.0,0.0,0.0,0.0,,0.0,0.17,0.0,0.0,0.17,0.0,0.0,0.0,0.0,0.0,0.0,0.0,0.0,0.0,0.0
14e8fe86,1.67,1.39,0.83,0.56,0.28,0.28,1.39,20.0,1.11,8.89,4.72,53.1,3.33,5.0,0.56,2.5,1.39,0.0,1.11,0.28,1.94,0.56,0.0
862fa9fb,0.0,0.0,0.0,0.0,0.0,0.0,0.91,0.0,0.91,7.58,2.73,36.0,6.36,1.21,0.0,2.42,1.21,0.0,1.21,0.61,0.61,9.39,0.0
49296448,1.76,1.18,0.74,0.88,0.15,0.59,3.38,17.4,2.79,24.41,6.91,28.3,5.0,13.09,6.32,1.47,0.15,0.0,1.32,2.35,4.12,1.18,0.0
aef6e670,1.28,0.64,0.92,0.37,0.0,0.37,1.28,28.6,0.92,8.44,2.84,33.7,5.5,2.57,0.37,0.92,0.46,0.0,0.46,0.83,2.11,3.03,0.09
15fd5593,2.2,0.8,1.2,1.0,0.0,1.0,1.6,62.5,0.6,10.2,4.0,39.2,2.2,6.0,2.0,1.4,0.0,0.0,1.4,1.0,3.2,2.4,0.0
f4ceb85b,3.33,1.67,1.67,0.0,1.67,0.0,1.67,0.0,1.67,20.0,8.33,41.7,3.33,8.33,8.33,5.0,0.0,0.0,5.0,0.0,3.33,1.67,0.0
ca8033cb,1.0,1.0,0.5,0.5,0.0,0.5,1.5,33.3,1.0,16.0,6.5,40.6,7.0,8.5,0.5,0.5,0.0,0.0,0.5,2.0,3.0,5.5,0.0
4c3a6744,1.76,1.18,0.0,1.18,0.59,0.0,2.35,0.0,2.35,19.41,7.65,39.4,5.29,6.47,7.65,1.76,0.0,0.0,1.76,0.0,1.76,0.59,0.0
19a967ab,2.67,1.33,0.67,2.0,0.0,1.33,2.67,50.0,1.33,27.33,4.0,14.6,12.0,10.67,4.67,1.33,0.0,0.0,1.33,0.67,3.33,1.33,0.0
6747869d,0.89,0.67,0.0,0.89,0.0,0.0,0.89,0.0,0.89,16.44,3.11,18.9,1.56,6.0,8.89,1.11,0.22,0.0,0.89,0.44,1.33,0.22,0.0
9fc2531b,0.0,0.0,0.0,0.0,0.0,0.0,6.67,0.0,6.67,13.33,0.0,0.0,3.33,3.33,6.67,0.0,0.0,0.0,0.0,0.0,0.0,0.0,0.0
55126f3b,2.03,1.08,0.68,0.68,0.68,0.54,3.11,17.4,2.57,20.0,6.22,31.1,5.81,11.08,3.11,2.84,0.41,0.0,2.43,1.08,3.11,0.27,0.0
eda40760,0.0,0.0,0.0,0.0,0.0,0.0,0.0,,0.0,6.0,2.0,33.3,3.0,2.0,1.0,2.0,2.0,0.0,0.0,0.0,0.0,1.0,0.0
5ed9b537,2.08,1.32,1.13,0.94,0.0,0.19,1.13,16.7,0.94,7.74,2.83,36.6,4.91,2.45,0.38,1.89,1.13,0.0,0.75,0.94,3.02,3.4,0.19
f38cc3b3,0.33,0.33,0.33,0.0,0.0,0.33,0.67,50.0,0.33,6.0,1.67,27.8,4.0,1.33,0.67,2.0,0.67,0.0,1.33,0.0,0.33,2.0,0.0
1f3afdcb,2.2,1.2,1.4,0.8,0.0,1.2,1.6,75.0,0.4,9.0,2.8,31.1,6.2,2.6,0.2,2.6,1.2,0.0,1.4,1.8,4.0,2.0,0.0
866c67e9,2.0,0.0,2.0,0.0,0.0,2.0,4.0,50.0,2.0,10.0,4.0,40.0,6.0,4.0,0.0,4.0,0.0,0.0,4.0,0.0,2.0,16.0,2.0
4d1666ff,0.7,0.53,0.7,0.0,0.0,0.18,0.35,50.0,0.18,7.72,3.86,50.0,3.86,2.81,1.05,2.11,1.05,0.0,1.05,1.23,1.93,4.04,0.0
b79d8e93,3.16,1.58,2.63,0.0,0.53,1.58,2.63,60.0,1.05,9.47,2.63,27.8,8.42,0.53,0.53,0.53,0.53,0.0,0.0,1.05,4.21,4.74,0.0
79c0821a,2.09,1.49,0.9,1.19,0.0,0.9,2.39,37.5,1.49,14.63,5.37,36.7,4.93,7.16,2.54,1.49,0.0,0.0,1.49,0.9,2.99,1.19,0.15
9d60028d,0.83,0.83,0.42,0.42,0.0,0.42,0.83,50.0,0.42,7.92,2.92,36.8,1.67,3.75,2.5,0.42,0.0,0.0,0.42,0.0,0.83,1.25,0.0
8690eef7,0.0,0.0,0.0,0.0,0.0,0.0,1.67,0.0,1.67,26.67,10.0,37.5,1.67,18.33,6.67,3.33,0.0,0.0,3.33,0.0,0.0,1.67,0.0
496aeede,1.3,0.87,0.58,0.72,0.0,0.72,4.06,17.9,3.33,16.96,3.77,22.2,6.09,8.55,2.32,2.61,0.58,0.0,2.03,1.88,3.19,0.87,0.0
43cd8b69,1.25,0.0,0.0,0.0,1.25,0.0,0.0,,0.0,18.75,1.25,6.7,0.0,7.5,11.25,1.25,0.0,0.0,1.25,0.0,1.25,2.5,0.0
6ce1f46f,1.78,1.12,0.93,0.75,0.09,0.75,2.71,27.6,1.96,18.6,4.77,25.6,4.77,10.37,3.46,1.59,0.19,0.0,1.4,1.21,2.99,0.28,0.0
a802405e,0.0,0.0,0.0,0.0,0.0,0.0,3.33,0.0,3.33,7.78,1.67,21.4,3.33,3.33,1.11,3.33,0.0,0.0,3.33,2.78,2.78,1.67,0.0
580d52dd,1.0,0.75,0.75,0.25,0.0,0.25,1.5,16.7,1.25,13.25,4.0,30.2,7.0,4.5,1.75,1.25,0.25,0.0,1.0,1.0,2.0,1.5,0.0
292a652a,2.0,2.0,2.0,0.0,0.0,1.0,1.0,100.0,0.0,16.0,6.0,37.5,8.0,8.0,0.0,1.0,0.0,0.0,1.0,1.0,3.0,0.0,0.0
c01f247a,3.25,1.25,1.75,1.0,0.5,1.5,4.5,33.3,3.0,24.5,7.5,30.6,15.75,7.5,1.25,2.75,0.75,0.0,2.0,2.5,5.75,1.75,0.0
df3cda47,2.0,1.33,1.33,0.67,0.0,0.0,2.33,0.0,2.33,18.67,5.0,26.8,4.0,8.0,6.67,1.67,0.33,0.0,1.33,1.0,3.0,0.0,0.0
41e7ef1c,2.86,1.9,1.67,0.71,0.48,1.67,3.1,53.8,1.43,12.62,3.33,26.4,5.24,5.0,2.38,2.14,0.0,0.0,2.14,0.95,3.81,2.86,0.0
d4e93bab,2.45,2.04,1.63,0.61,0.2,0.41,1.84,22.2,1.43,19.39,6.94,35.8,5.1,9.8,4.49,1.43,0.2,0.0,1.22,0.41,2.86,0.82,0.0
ebc56869,1.0,1.0,0.0,1.0,0.0,0.0,1.0,0.0,1.0,12.5,5.0,40.0,1.5,6.0,5.0,0.0,0.0,0.0,0.0,0.0,1.0,0.0,0.0
22798128,3.2,2.0,2.0,1.2,0.0,1.2,2.4,50.0,1.2,23.2,6.4,27.6,8.8,14.0,0.4,1.2,0.4,0.0,0.8,0.8,4.0,0.4,0.0
4aea5077,3.29,1.84,1.58,1.18,0.53,1.84,2.76,66.7,0.92,19.08,4.34,22.8,6.84,9.87,2.37,2.24,0.39,0.0,1.84,1.45,4.74,3.16,0.0
c283ddef,0.0,0.0,0.0,0.0,0.0,0.0,0.0,,0.0,20.0,0.0,0.0,0.0,0.0,20.0,0.0,0.0,0.0,0.0,0.0,0.0,0.0,0.0
864db10a,0.0,0.0,0.0,0.0,0.0,0.0,0.0,,0.0,10.0,0.0,0.0,0.0,10.0,0.0,0.0,0.0,0.0,0.0,10.0,10.0,0.0,0.0
8e034340,1.21,0.0,0.0,0.91,0.3,0.0,0.61,0.0,0.61,11.82,1.21,10.3,2.73,6.06,3.03,0.91,0.0,0.0,0.91,0.91,2.12,0.61,0.0
119b9a8e,0.65,0.32,0.65,0.0,0.0,0.32,0.65,50.0,0.32,4.19,0.97,23.1,1.29,2.26,0.65,0.32,0.32,0.0,0.0,0.65,1.29,2.9,0.32
016ff750,2.22,1.48,1.11,1.11,0.0,0.74,1.48,50.0,0.74,15.56,3.7,23.8,5.56,7.41,2.59,2.59,0.37,0.0,2.22,0.74,2.96,0.74,0.0
02caf6e0,1.39,0.56,0.0,1.11,0.28,0.56,1.39,40.0,0.83,8.06,2.5,31.0,2.22,3.89,1.94,0.83,0.0,0.0,0.83,0.56,1.94,0.28,0.0
7cf431a5,1.25,0.83,0.83,0.42,0.0,0.83,2.08,40.0,1.25,15.42,4.58,29.7,5.42,7.08,2.92,1.25,0.0,0.0,1.25,0.83,2.08,1.25,0.0
c4987edc,2.0,1.5,1.5,0.5,0.0,0.5,0.5,100.0,0.0,5.5,2.0,36.4,3.5,1.5,0.5,2.0,1.5,0.0,0.5,2.0,4.0,4.0,0.0
4c78b5ed,2.31,1.54,1.54,0.77,0.0,0.0,2.56,0.0,2.56,14.87,4.87,32.8,9.49,5.13,0.26,1.28,0.0,0.0,1.28,2.05,4.36,1.79,0.0
4dbd0916,2.38,0.95,0.95,1.43,0.0,1.9,3.33,57.1,1.43,26.19,7.62,29.1,7.62,10.48,8.1,2.86,0.0,0.0,2.86,0.48,2.86,0.48,0.0
4f28a6ff,0.97,0.81,0.32,0.48,0.16,0.16,1.29,12.5,1.13,8.23,3.23,39.2,4.03,3.55,0.65,0.16,0.0,0.0,0.16,0.97,1.94,2.1,0.0
8d78e732,0.35,0.35,0.18,0.0,0.18,0.18,0.7,25.0,0.53,11.05,3.68,33.3,0.53,3.51,7.02,0.35,0.18,0.0,0.18,0.18,0.53,0.35,0.0
b1dae700,2.5,2.5,0.0,2.5,0.0,2.5,7.5,33.3,5.0,27.5,7.5,27.3,7.5,15.0,5.0,2.5,0.0,0.0,2.5,0.0,2.5,0.0,0.0
d6e53a3a,1.78,0.89,0.89,0.89,0.0,0.89,1.11,80.0,0.22,7.33,2.44,33.3,3.56,3.33,0.44,2.0,1.33,0.0,0.67,0.22,2.0,4.22,0.0
f5deef4c,0.68,0.23,0.68,0.0,0.0,0.45,0.68,66.7,0.23,6.59,2.27,34.5,3.18,3.41,0.0,1.59,0.91,0.0,0.68,0.45,1.14,4.09,0.0
49b45985,0.0,0.0,0.0,0.0,0.0,0.0,1.25,0.0,1.25,18.75,7.5,40.0,5.0,7.5,6.25,0.0,0.0,0.0,0.0,1.25,1.25,1.25,0.0
02c15616,3.15,2.19,1.23,1.1,0.82,1.64,3.01,54.5,1.37,19.18,7.81,40.7,4.79,8.9,5.48,1.37,0.0,0.0,1.37,1.51,4.66,1.51,0.0
ed9f7cfe,3.1,2.86,1.67,0.95,0.48,0.71,1.67,42.9,0.95,16.43,7.14,43.5,6.9,5.95,3.57,2.86,0.24,0.0,2.62,2.14,5.24,1.9,0.0
1a2935f6,0.23,0.23,0.0,0.23,0.0,0.0,0.93,0.0,0.93,6.98,2.33,33.3,4.19,2.56,0.23,2.09,0.23,0.0,1.86,0.93,1.16,6.51,0.0
0176f037,2.2,1.71,1.46,0.73,0.0,1.71,4.15,41.2,2.44,13.17,3.66,27.8,4.63,6.59,1.95,2.68,0.0,0.0,2.68,1.22,3.41,2.44,0.49
921f6058,3.91,1.74,2.17,1.3,0.43,2.17,3.48,62.5,1.3,16.96,6.09,35.9,7.39,8.26,1.3,1.74,0.87,0.0,0.87,3.04,6.96,3.91,0.0
520c318f,0.48,0.48,0.48,0.0,0.0,0.0,0.95,0.0,0.95,11.19,2.62,23.4,2.38,5.48,3.33,0.95,0.0,0.0,0.95,0.48,0.95,1.67,0.0
5eae500a,0.0,0.0,0.0,0.0,0.0,0.0,0.2,0.0,0.2,4.69,1.43,30.4,0.61,1.63,2.45,0.2,0.2,0.0,0.0,0.0,0.0,1.02,0.0
7fd58fe3,0.83,0.83,0.0,0.83,0.0,0.0,4.17,0.0,4.17,15.0,3.33,22.2,5.83,7.5,1.67,0.83,0.0,0.0,0.83,2.5,3.33,0.83,0.0
22aba139,8.0,2.0,6.0,2.0,0.0,2.0,6.0,33.3,4.0,18.0,10.0,55.6,18.0,0.0,0.0,2.0,2.0,0.0,0.0,0.0,8.0,4.0,0.0
d4133fa1,1.19,0.68,0.51,0.68,0.0,0.68,2.71,25.0,2.03,12.88,3.56,27.6,4.41,7.63,0.85,1.86,0.17,0.0,1.69,0.85,2.03,1.02,0.0
922da988,0.8,0.6,0.4,0.4,0.0,0.6,2.0,30.0,1.4,12.0,3.6,30.0,4.0,5.4,2.6,1.4,0.0,0.0,1.4,0.2,1.0,0.4,0.0
6d7e4b06,4.0,3.0,1.0,3.0,0.0,1.0,1.0,100.0,0.0,16.0,7.0,43.8,4.0,11.0,1.0,3.0,1.0,0.0,2.0,1.0,5.0,2.0,0.0
b088363d,1.82,0.91,1.36,0.45,0.0,0.45,2.73,16.7,2.27,14.09,4.55,32.3,10.91,2.27,0.91,0.91,0.45,0.0,0.45,1.82,3.64,1.82,0.0
d8931174,1.2,0.8,0.8,0.2,0.2,0.6,1.6,37.5,1.0,7.8,3.2,41.0,3.4,3.4,1.0,1.6,1.0,0.0,0.6,0.8,2.0,2.8,0.0
892d5bb1,1.78,1.11,0.22,0.78,0.78,0.44,2.11,21.1,1.67,18.67,4.78,25.6,2.67,7.67,8.33,0.89,0.22,0.0,0.67,0.67,2.44,0.44,0.0
73fc8cc3,2.0,1.0,1.0,0.0,1.0,1.0,2.0,50.0,1.0,11.0,4.0,36.4,1.0,3.0,7.0,1.0,0.0,0.0,1.0,0.0,2.0,1.0,0.0
6853490f,0.0,0.0,0.0,0.0,0.0,0.0,0.74,0.0,0.74,14.44,2.22,15.4,2.96,7.78,3.7,0.74,0.0,0.0,0.74,0.0,0.0,0.0,0.0
48d5bd33,2.67,2.0,0.67,1.33,0.67,1.33,4.0,33.3,2.67,28.0,6.0,21.4,4.67,16.0,7.33,1.33,0.0,0.0,1.33,2.0,4.67,0.0,0.0
e27fdbca,1.81,0.72,0.84,0.84,0.12,0.6,1.57,38.5,0.96,12.29,3.37,27.5,5.78,5.18,1.33,2.53,0.24,0.0,2.29,1.08,2.89,2.65,0.0
1d2d5cc8,0.0,0.0,0.0,0.0,0.0,0.0,0.0,,0.0,0.0,0.0,,0.0,0.0,0.0,0.0,0.0,0.0,0.0,0.0,0.0,0.0,0.0
c691bfe2,1.01,0.63,0.51,0.13,0.38,0.25,0.89,28.6,0.63,15.19,4.68,30.8,2.15,5.7,7.34,0.89,0.0,0.0,0.89,0.63,1.65,0.25,0.0
e54a9890,2.22,1.11,1.11,1.11,0.0,1.11,2.22,50.0,1.11,16.67,4.44,26.7,4.44,11.11,1.11,3.33,0.0,0.0,3.33,0.0,2.22,2.22,0.0
603116a7,2.78,2.22,0.0,1.67,1.11,2.22,2.22,100.0,0.0,18.89,5.56,29.4,5.56,6.67,6.67,1.11,0.0,0.0,1.11,0.0,2.78,0.56,0.0
853b7c48,0.0,0.0,0.0,0.0,0.0,0.0,0.11,0.0,0.11,0.22,0.0,0.0,0.22,0.0,0.0,0.0,0.0,0.0,0.0,0.0,0.0,0.11,0.0
05a84d52,1.22,0.98,0.37,0.61,0.24,0.37,0.61,60.0,0.24,15.0,4.39,29.3,2.32,7.8,4.88,1.22,0.12,0.0,1.1,0.24,1.46,1.59,0.0
f0da930c,1.89,1.35,1.62,0.27,0.0,0.81,1.35,60.0,0.54,7.57,1.35,17.9,5.14,2.16,0.27,1.35,0.27,0.0,1.08,0.54,2.43,5.68,0.0
5c4dc0ff,0.0,0.0,0.0,0.0,0.0,0.0,0.83,0.0,0.83,10.83,2.5,23.1,0.0,4.17,6.67,0.83,0.0,0.0,0.83,0.0,0.0,0.0,0.0
a3b0ed18,0.0,0.0,0.0,0.0,0.0,0.0,0.0,,0.0,0.5,0.17,33.3,0.5,0.0,0.0,0.0,0.0,0.0,0.0,0.0,0.0,0.0,0.0
82a39b66,2.22,2.22,1.11,0.0,1.11,1.11,2.22,50.0,1.11,20.0,1.11,5.6,1.11,7.78,11.11,2.22,0.0,0.0,2.22,3.33,5.56,0.0,0.0
c864997f,,,,,,,,,,inf,inf,100.0,,inf,,,,,,,,,
9139bb12,1.7,1.28,1.06,0.64,0.0,0.85,1.7,50.0,0.85,16.17,4.89,30.3,7.23,7.66,1.28,0.43,0.21,0.0,0.21,0.0,1.7,0.64,0.21
d5f2f82b,1.98,1.21,1.1,0.77,0.11,0.88,1.54,57.1,0.66,10.66,3.85,36.1,3.85,5.71,1.1,2.97,1.1,0.0,1.87,1.54,3.52,3.85,0.0
8b788c01,0.43,0.21,0.0,0.21,0.21,0.0,0.21,0.0,0.21,12.13,3.83,31.6,1.7,5.32,5.11,0.64,0.0,0.0,0.64,0.64,1.06,0.64,0.0
468fdbad,1.0,1.0,1.0,0.0,0.0,0.0,2.0,0.0,2.0,23.0,6.0,26.1,6.0,15.0,2.0,2.0,0.0,0.0,2.0,0.0,1.0,1.0,0.0
7f97771d,1.43,0.95,0.95,0.48,0.0,0.48,0.95,50.0,0.48,16.19,4.76,29.4,6.19,9.05,0.95,2.86,0.95,0.0,1.9,1.43,2.86,2.86,0.0
f7036e1c,0.22,0.0,0.0,0.0,0.22,0.0,0.67,0.0,0.67,13.33,3.78,28.3,1.11,5.33,6.89,1.33,0.0,0.0,1.33,0.89,1.11,0.22,0.0
bac46a10,2.42,1.52,2.12,0.3,0.0,1.52,2.42,62.5,0.91,14.55,6.97,47.9,6.67,6.97,0.91,0.91,0.61,0.0,0.3,2.12,4.55,7.58,0.3
f3945e07,0.0,0.0,0.0,0.0,0.0,0.0,0.91,0.0,0.91,20.0,3.64,18.2,5.45,7.27,7.27,1.82,0.0,0.0,1.82,2.73,2.73,6.36,0.0
675b0427,1.4,0.4,0.6,0.6,0.2,0.4,0.6,66.7,0.2,5.0,2.2,44.0,2.4,2.2,0.4,2.0,1.2,0.0,0.8,1.8,3.2,4.8,0.0
d4535821,1.5,1.0,1.0,0.5,0.0,0.62,1.12,55.6,0.5,7.5,2.25,30.0,4.62,2.12,0.75,1.38,0.0,0.0,1.38,1.62,3.12,2.12,0.0
9d689a5b,3.12,2.5,0.31,2.5,0.31,0.94,2.5,37.5,1.56,23.44,4.69,20.0,6.25,12.5,4.69,1.88,0.0,0.0,1.88,1.25,4.38,0.94,0.0
55abe554,1.86,1.36,1.19,0.68,0.0,1.02,1.36,75.0,0.34,12.2,3.73,30.6,6.44,5.08,0.68,1.19,0.51,0.0,0.68,2.03,3.9,1.19,0.0
29733c72,0.0,0.0,0.0,0.0,0.0,0.0,1.43,0.0,1.43,8.57,4.29,50.0,0.0,4.29,4.29,0.0,0.0,0.0,0.0,0.0,0.0,0.0,1.43
eb7822d7,2.0,2.0,0.4,1.6,0.0,0.8,1.2,66.7,0.4,13.2,4.4,33.3,4.0,7.6,1.6,0.8,0.4,0.0,0.4,2.4,4.4,1.6,0.0
b217ef29,2.11,1.58,1.05,1.05,0.0,1.58,2.11,75.0,0.53,9.47,4.21,44.4,4.21,3.68,1.58,0.53,0.0,0.0,0.53,1.05,3.16,3.68,0.0
1adcf39e,2.73,1.82,2.12,0.61,0.0,0.61,2.42,25.0,1.82,11.52,3.33,28.9,6.06,4.24,1.21,1.52,0.3,0.0,1.21,2.12,4.85,4.24,0.3
0e6bc38c,1.16,0.7,0.47,0.23,0.47,0.0,0.0,,0.0,16.98,4.88,28.8,1.4,5.58,10.0,0.93,0.23,0.0,0.7,0.0,1.16,0.23,0.0
005ca692,0.49,0.24,0.24,0.0,0.24,0.0,0.24,0.0,0.24,10.24,3.17,31.0,5.12,4.15,0.98,1.22,0.0,0.0,1.22,0.98,1.46,2.44,0.0
b74277a0,3.96,2.64,2.26,1.32,0.38,0.94,2.64,35.7,1.7,18.49,5.85,31.6,9.43,6.98,2.08,3.58,0.75,0.19,2.83,1.32,5.28,3.58,0.0
42fd9c7f,0.2,0.1,0.1,0.1,0.0,0.0,0.6,0.0,0.6,9.5,2.5,26.3,1.5,3.9,4.1,0.1,0.0,0.0,0.1,0.4,0.6,0.4,0.0
e76cb9cc,1.36,0.78,1.26,0.1,0.0,0.39,0.49,80.0,0.1,5.05,2.04,40.4,3.4,1.65,0.0,1.84,1.36,0.1,0.49,0.87,2.23,6.6,0.1
01c3aff5,2.44,2.22,1.33,0.89,0.22,0.89,2.44,36.4,1.56,23.11,5.56,24.0,6.67,10.44,6.0,1.78,0.44,0.0,1.33,0.44,2.89,0.89,0.0
d93c2511,2.89,1.58,0.79,1.84,0.26,0.79,2.89,27.3,2.11,20.79,7.11,34.2,6.32,12.63,1.84,1.58,0.0,0.0,1.58,0.79,3.68,1.58,0.0
0a6dbbf7,3.0,1.5,2.5,0.5,0.0,1.0,2.0,50.0,1.0,11.5,4.0,34.8,7.5,4.0,0.0,1.0,0.0,0.0,1.0,1.0,4.0,7.0,0.0
48b3dd60,1.35,1.35,0.81,0.27,0.27,0.81,2.43,33.3,1.62,14.32,4.86,34.0,4.86,7.84,1.62,0.27,0.0,0.0,0.27,0.27,1.62,0.81,0.0
5271c8f1,2.22,1.11,0.0,0.0,2.22,2.22,3.33,66.7,1.11,5.56,2.22,40.0,1.11,0.0,4.44,1.11,0.0,0.0,1.11,3.33,5.56,1.11,0.0
33887998,0.0,0.0,0.0,0.0,0.0,0.0,0.0,,0.0,0.08,0.0,0.0,0.08,0.0,0.0,0.0,0.0,0.0,0.0,0.0,0.0,0.0,0.17
3cefcaef,1.21,0.65,0.65,0.37,0.19,0.37,1.59,23.5,1.21,10.75,3.46,32.2,4.39,3.46,2.9,1.68,0.09,0.0,1.59,1.12,2.34,1.5,0.19
d70ce98e,1.0,1.0,0.0,0.33,0.67,0.33,1.0,33.3,0.67,10.33,3.17,30.6,0.17,4.33,5.83,0.17,0.0,0.0,0.17,0.33,1.33,0.0,0.0
e162b013,2.56,1.54,1.54,0.51,0.51,1.03,2.05,50.0,1.03,12.82,5.13,40.0,5.38,2.56,4.87,1.28,0.26,0.0,1.03,0.0,2.56,0.77,0.26
d436eb94,0.0,0.0,0.0,0.0,0.0,0.0,0.0,,0.0,0.0,0.0,,0.0,0.0,0.0,0.0,0.0,0.0,0.0,0.0,0.0,0.0,0.0
4e6dbac4,1.85,1.54,1.08,0.77,0.0,0.31,2.15,14.3,1.85,14.15,4.31,30.4,6.15,5.69,2.31,2.62,0.46,0.0,2.15,1.69,3.54,1.69,0.0
2784f898,4.53,2.64,2.64,1.51,0.38,2.08,3.58,57.9,1.51,14.91,6.6,44.3,7.92,5.28,1.7,2.64,1.13,0.0,1.51,1.51,6.04,4.53,0.0
2f90f6b8,3.25,2.75,0.75,2.0,0.5,0.75,3.75,20.0,3.0,18.75,7.75,41.3,4.75,10.75,3.25,2.0,0.0,0.0,2.0,2.25,5.5,0.75,0.0
f833a830,0.95,0.0,0.0,0.48,0.48,0.95,4.76,20.0,3.81,29.05,9.05,31.1,2.86,20.95,5.24,1.43,0.0,0.0,1.43,0.0,0.95,0.95,0.0
056269d7,2.22,1.11,1.48,0.74,0.0,1.11,1.11,100.0,0.0,15.19,4.44,29.3,8.15,5.93,1.11,2.22,1.11,0.0,1.11,2.96,5.19,0.74,0.0
a9aa0d1d,0.0,0.0,0.0,0.0,0.0,0.0,3.33,0.0,3.33,13.33,6.67,50.0,0.0,3.33,10.0,0.0,0.0,0.0,0.0,6.67,6.67,0.0,0.0
807e869a,0.59,0.39,0.2,0.39,0.0,0.2,1.18,16.7,0.98,12.75,2.55,20.0,4.12,6.27,2.35,1.18,0.0,0.0,1.18,0.78,1.37,0.59,0.0
6025fab1,1.58,0.99,0.99,0.59,0.0,0.69,2.48,28.0,1.78,14.85,3.76,25.3,5.25,6.73,2.87,0.59,0.2,0.0,0.4,1.49,3.07,0.3,0.0
b62878a5,10.0,0.0,0.0,0.0,10.0,0.0,10.0,0.0,10.0,20.0,10.0,50.0,0.0,0.0,20.0,0.0,0.0,0.0,0.0,0.0,10.0,0.0,0.0
608f2092,2.73,1.82,2.73,0.0,0.0,0.0,0.0,,0.0,16.36,7.27,44.4,8.18,5.45,2.73,0.91,0.0,0.0,0.91,0.0,2.73,0.0,0.0
c43e5e7e,0.56,0.56,0.0,0.0,0.56,0.0,0.56,0.0,0.56,16.67,3.33,20.0,1.67,6.11,8.89,0.56,0.0,0.0,0.56,1.11,1.67,0.0,0.0
129af0db,0.91,0.61,0.0,0.76,0.15,0.15,0.76,20.0,0.61,14.39,3.79,26.3,2.27,6.06,6.06,1.06,0.3,0.0,0.76,0.91,1.82,0.3,0.0
5fd5e542,2.0,1.2,1.2,0.6,0.2,1.2,3.4,35.3,2.2,16.2,4.6,28.4,7.8,6.0,2.4,2.0,0.2,0.0,1.8,4.2,6.2,3.2,0.2
f4c69aa6,10.0,10.0,0.0,10.0,0.0,0.0,0.0,,0.0,50.0,30.0,60.0,20.0,20.0,10.0,0.0,0.0,0.0,0.0,10.0,20.0,10.0,0.0
dfb50e5c,0.45,0.45,0.0,0.0,0.45,0.0,0.45,0.0,0.45,7.27,1.36,18.8,1.82,3.64,1.82,1.36,0.0,0.0,1.36,0.45,0.91,0.0,0.0
6ce43701,0.0,0.0,0.0,0.0,0.0,0.0,0.0,,0.0,10.0,7.5,75.0,0.0,2.5,7.5,2.5,0.0,0.0,2.5,0.0,0.0,0.0,0.0
9674002f,2.26,1.19,0.83,1.31,0.12,0.6,1.79,33.3,1.19,23.1,6.55,28.4,4.29,13.57,5.24,1.31,0.0,0.0,1.31,0.71,2.98,0.0,0.0
90463dba,10.0,8.0,2.0,8.0,0.0,4.0,4.0,100.0,0.0,24.0,10.0,41.7,6.0,18.0,0.0,0.0,0.0,0.0,0.0,2.0,12.0,0.0,0.0
ac73ec79,3.77,2.3,2.3,1.31,0.16,1.8,2.79,64.7,0.98,18.2,6.07,33.3,7.7,8.85,1.64,2.46,0.0,0.0,2.46,2.13,5.9,2.95,0.0
3c6089ab,0.86,0.43,0.57,0.14,0.14,0.29,2.43,11.8,2.14,23.29,7.57,32.5,2.86,11.0,9.43,1.29,0.29,0.0,1.0,0.71,1.57,0.57,0.0
eb2fe5b6,1.79,0.26,0.26,0.51,1.03,0.26,1.54,16.7,1.28,22.31,6.92,31.0,1.54,9.74,11.03,1.03,0.0,0.0,1.03,0.26,2.05,0.0,0.0
0cadc46d,1.0,0.5,0.5,0.5,0.0,0.5,1.5,33.3,1.0,11.5,3.0,26.1,1.5,7.5,2.5,1.5,0.5,0.0,1.0,1.0,2.0,0.5,0.0
91899ca8,3.33,0.0,3.33,0.0,0.0,0.0,0.0,,0.0,23.33,10.0,42.9,20.0,3.33,0.0,0.0,0.0,0.0,0.0,0.0,3.33,0.0,3.33
dca7b0fb,10.0,3.33,8.33,1.67,0.0,3.33,3.33,100.0,0.0,28.33,5.0,17.6,8.33,15.0,5.0,0.0,0.0,0.0,0.0,1.67,11.67,1.67,0.0
2c0558b8,2.69,2.31,1.54,0.38,0.77,0.77,4.23,18.2,3.46,29.62,9.23,31.2,6.15,15.0,8.46,1.15,0.0,0.0,1.15,1.15,3.85,0.0,0.0
1d5cab82,2.76,2.24,0.86,1.55,0.34,0.69,3.62,19.0,2.93,28.62,9.14,31.9,6.9,18.28,3.45,2.59,0.0,0.0,2.59,0.86,3.62,1.38,0.0
30d4a2e5,1.54,1.54,0.77,0.77,0.0,1.28,1.54,83.3,0.26,6.41,1.03,16.0,2.82,2.82,0.77,1.79,0.51,0.0,1.28,2.56,4.1,1.79,0.0
c459a650,4.21,2.63,2.63,1.58,0.0,3.16,4.21,75.0,1.05,17.89,3.16,17.6,6.32,8.42,3.16,2.63,1.05,0.0,1.58,2.11,6.32,0.0,0.0
2946f9a1,2.5,1.38,1.5,0.88,0.12,1.38,2.62,52.4,1.25,16.38,5.12,31.3,8.5,6.75,1.12,1.0,0.12,0.0,0.88,1.38,3.88,2.62,0.0
4b6960d2,0.91,0.0,0.91,0.0,0.0,0.0,0.0,,0.0,6.36,2.73,42.9,3.64,1.82,0.91,1.82,0.91,0.0,0.91,0.0,0.91,0.91,0.0
1f9328da,,,,,,,,,,inf,,0.0,,,inf,,,,,,,,
be60b6f4,0.0,0.0,0.0,0.0,0.0,0.0,2.5,0.0,2.5,37.5,3.75,10.0,10.0,20.0,7.5,1.25,0.0,0.0,1.25,0.0,0.0,0.0,0.0
3f10bd22,0.98,0.78,0.59,0.2,0.2,0.59,0.98,60.0,0.39,5.69,0.98,17.2,2.35,2.16,1.18,0.78,0.0,0.0,0.78,0.78,1.76,0.98,0.0
ecada4fc,0.0,0.0,0.0,0.0,0.0,0.0,0.08,0.0,0.08,0.08,0.0,0.0,0.08,0.0,0.0,0.0,0.0,0.0,0.0,0.0,0.0,0.0,0.17
bcfc4473,10.0,10.0,10.0,0.0,0.0,0.0,0.0,,0.0,70.0,20.0,28.6,60.0,10.0,0.0,0.0,0.0,0.0,0.0,0.0,10.0,0.0,0.0
4f1e6a0b,2.35,1.47,0.29,1.18,0.88,0.59,0.88,66.7,0.29,16.18,5.88,36.4,2.35,7.65,6.18,1.47,0.0,0.0,1.47,0.29,2.65,0.0,0.0
0880e10b,0.0,0.0,0.0,0.0,0.0,0.0,0.0,,0.0,0.0,0.0,,0.0,0.0,0.0,0.0,0.0,0.0,0.0,0.0,0.0,0.0,0.0
a9dc785c,0.0,0.0,0.0,0.0,0.0,0.0,0.0,,0.0,0.0,0.0,,0.0,0.0,0.0,0.0,0.0,0.0,0.0,0.0,0.0,0.0,0.0
8778c910,0.0,0.0,0.0,0.0,0.0,0.0,0.12,0.0,0.12,0.0,0.0,,0.0,0.0,0.0,0.0,0.0,0.0,0.0,0.0,0.0,0.12,0.0
36a59ba4,2.69,2.18,1.54,0.77,0.38,1.67,3.08,54.2,1.41,13.33,4.87,36.5,4.87,6.54,1.92,1.92,0.38,0.0,1.54,1.28,3.97,0.77,0.0
69384e5d,1.08,0.96,0.36,0.6,0.12,0.12,1.69,7.1,1.57,16.63,3.98,23.9,3.61,7.95,5.06,0.84,0.24,0.0,0.6,0.36,1.45,0.0,0.0
36a79857,0.2,0.2,0.0,0.2,0.0,0.0,0.59,0.0,0.59,12.94,3.14,24.2,0.78,5.1,7.06,0.59,0.0,0.0,0.59,0.0,0.2,0.0,0.0
2054d037,0.91,0.0,0.0,0.0,0.91,0.0,0.91,0.0,0.91,14.55,2.73,18.8,0.91,7.27,6.36,0.91,0.0,0.0,0.91,0.0,0.91,0.0,0.0
c14bc029,1.76,1.18,0.59,1.18,0.0,0.2,2.16,9.1,1.96,17.45,4.9,28.1,6.86,8.24,2.35,1.76,0.59,0.0,1.18,1.76,3.53,1.57,0.0
39769cff,2.6,2.6,2.2,0.2,0.2,1.6,2.0,80.0,0.4,12.4,4.8,38.7,5.2,5.2,2.0,2.8,0.8,0.0,2.0,0.8,3.4,5.2,0.0
7c56da38,2.77,1.23,0.62,1.08,1.08,0.77,2.31,33.3,1.54,22.46,6.15,27.4,4.46,9.85,8.15,1.85,0.0,0.0,1.85,1.23,4.0,0.31,0.0
afb0c500,0.0,0.0,0.0,0.0,0.0,0.0,0.0,,0.0,0.0,0.0,,0.0,0.0,0.0,0.0,0.0,0.0,0.0,0.0,0.0,0.5,0.0
6043997c,2.0,1.0,1.0,1.0,0.0,0.5,0.5,100.0,0.0,5.0,1.5,30.0,3.0,2.0,0.0,0.5,0.0,0.0,0.5,2.0,4.0,1.5,0.0
c7526c18,1.06,0.85,0.43,0.64,0.0,0.0,1.06,0.0,1.06,5.53,2.77,50.0,1.91,2.98,0.64,0.0,0.0,0.0,0.0,0.21,1.28,1.06,0.0
ee8508c0,0.0,0.0,0.0,0.0,0.0,0.0,0.0,,0.0,0.0,0.0,,0.0,0.0,0.0,0.0,0.0,0.0,0.0,0.0,0.0,0.0,0.0
a08b974a,1.2,1.0,0.6,0.6,0.0,0.4,3.0,13.3,2.6,16.4,5.2,31.7,4.4,5.8,6.2,3.2,0.2,0.0,3.0,1.0,2.2,0.8,0.0
1d1691ad,12.5,10.0,7.5,0.0,5.0,2.5,2.5,100.0,0.0,30.0,15.0,50.0,15.0,10.0,5.0,5.0,0.0,0.0,5.0,2.5,15.0,2.5,0.0
ca607d59,3.33,3.33,0.0,3.33,0.0,3.33,3.33,100.0,0.0,21.67,5.0,23.1,5.0,6.67,10.0,0.0,0.0,0.0,0.0,0.0,3.33,1.67,0.0
d125f22f,0.0,0.0,0.0,0.0,0.0,0.0,10.0,0.0,10.0,23.33,3.33,14.3,3.33,13.33,6.67,0.0,0.0,0.0,0.0,0.0,0.0,0.0,0.0
63b9cc6d,0.0,0.0,0.0,0.0,0.0,0.0,0.0,,0.0,22.0,4.0,18.2,6.0,10.0,6.0,0.0,0.0,0.0,0.0,2.0,2.0,0.0,0.0
947e036f,2.07,0.73,0.37,1.71,0.0,0.49,2.07,23.5,1.59,16.83,3.9,23.2,4.88,9.02,2.93,1.34,0.12,0.0,1.22,0.61,2.68,1.34,0.0
ae44e8e2,1.85,1.38,0.46,1.23,0.15,0.46,1.38,33.3,0.92,18.31,5.23,28.6,3.69,9.54,5.08,1.23,0.0,0.0,1.23,1.08,2.92,0.31,0.0
fa73ccc7,0.67,0.67,0.0,0.67,0.0,0.0,1.78,0.0,1.78,15.56,4.0,25.7,4.67,8.89,2.0,1.56,0.67,0.0,0.89,0.89,1.56,1.11,0.0
e9c0c1b2,0.0,0.0,0.0,0.0,0.0,0.0,0.0,,0.0,0.0,0.0,,0.0,0.0,0.0,0.0,0.0,0.0,0.0,0.0,0.0,0.0,0.0
e81f0356,2.0,2.0,0.0,2.0,0.0,0.0,2.0,0.0,2.0,14.0,6.0,42.9,8.0,6.0,0.0,6.0,0.0,0.0,6.0,0.0,2.0,14.0,0.0
2944f86f,4.11,2.68,2.14,1.79,0.18,1.07,3.04,35.3,1.96,22.14,7.86,35.5,7.68,11.07,3.39,1.79,0.36,0.0,1.43,2.14,6.25,1.25,0.0
20030c06,2.78,1.94,1.94,0.83,0.0,1.11,3.61,30.8,2.5,15.0,4.72,31.5,8.33,6.39,0.28,2.22,0.56,0.0,1.67,0.56,3.33,5.56,0.28
43a166b4,1.74,0.87,0.0,0.87,0.87,0.87,1.3,66.7,0.43,17.39,4.78,27.5,1.3,7.83,8.26,0.87,0.0,0.0,0.87,0.0,1.74,1.74,0.0
28b1f3ce,2.95,1.92,1.41,1.15,0.38,1.15,2.95,39.1,1.79,23.85,5.51,23.1,6.79,11.67,5.38,2.18,0.13,0.0,2.05,0.26,3.21,0.51,0.0
38c7feef,3.33,3.33,0.0,0.0,3.33,0.0,0.0,,0.0,20.0,13.33,66.7,0.0,16.67,3.33,0.0,0.0,0.0,0.0,6.67,10.0,0.0,0.0
31114001,2.04,1.84,1.22,0.82,0.0,0.61,1.22,50.0,0.61,19.59,5.51,28.1,7.96,9.59,2.04,3.06,1.02,0.0,2.04,0.61,2.65,0.82,0.0
3ef0af0d,3.43,2.57,0.86,2.0,0.57,0.0,1.14,0.0,1.14,18.29,6.86,37.5,5.71,8.29,4.29,2.86,0.57,0.0,2.29,2.29,5.71,0.86,0.0
dc7f8a28,0.0,0.0,0.0,0.0,0.0,0.0,0.0,,0.0,30.0,0.0,0.0,10.0,10.0,10.0,0.0,0.0,0.0,0.0,0.0,0.0,0.0,0.0
e0bc6fdc,2.08,1.25,1.67,0.42,0.0,0.83,1.67,50.0,0.83,11.25,0.83,7.4,4.17,5.83,1.25,2.08,0.0,0.0,2.08,1.25,3.33,2.5,0.0
a9be27f2,1.55,1.21,1.21,0.34,0.0,0.69,1.9,36.4,1.21,10.86,3.1,28.6,6.9,3.62,0.34,2.07,1.03,0.0,1.03,2.07,3.62,4.31,0.17
dff153a4,2.03,1.22,0.68,1.08,0.27,0.95,4.32,21.9,3.38,15.41,5.27,34.2,5.27,8.51,1.62,1.76,0.41,0.0,1.35,2.57,4.59,1.08,0.0
ed5886d2,2.59,1.11,2.22,0.37,0.0,1.11,2.22,50.0,1.11,12.96,4.07,31.4,7.04,5.19,0.74,2.59,0.74,0.0,1.85,2.59,5.19,3.7,0.0
e599253a,1.61,1.61,0.97,0.65,0.0,0.32,1.29,25.0,0.97,26.13,6.77,25.9,6.45,14.19,5.48,0.32,0.0,0.0,0.32,0.97,2.58,1.61,0.0
5c899683,1.54,0.0,0.77,0.77,0.0,0.0,0.77,0.0,0.77,16.15,6.15,38.1,10.0,3.85,2.31,4.62,0.0,0.0,4.62,0.0,1.54,2.31,0.0
14e05913,0.0,0.0,0.0,0.0,0.0,0.0,0.0,,0.0,0.0,0.0,,0.0,0.0,0.0,0.0,0.0,0.0,0.0,0.0,0.0,0.0,0.0
f7223718,1.06,0.85,0.64,0.43,0.0,0.64,1.7,37.5,1.06,8.94,3.62,40.5,4.89,3.83,0.21,1.28,0.85,0.0,0.43,1.49,2.55,3.19,0.0
00672021,2.78,1.11,1.11,0.56,1.11,0.0,2.22,0.0,2.22,17.22,3.33,19.4,6.67,6.67,3.89,3.33,0.0,0.0,3.33,0.56,3.33,1.11,0.0
ab1b205d,0.0,0.0,0.0,0.0,0.0,0.0,5.56,0.0,5.56,20.0,5.56,27.8,4.44,12.22,3.33,2.22,0.0,0.0,2.22,3.33,3.33,0.0,0.0
f3fa599d,2.45,1.7,1.7,0.38,0.38,0.75,1.32,57.1,0.57,11.89,4.53,38.1,5.85,3.58,2.45,1.89,0.0,0.0,1.89,1.32,3.77,1.7,0.0
45a03961,2.38,0.79,0.63,1.59,0.16,1.11,2.06,53.8,0.95,12.22,3.17,26.0,4.76,5.71,1.75,1.75,0.16,0.0,1.59,1.43,3.81,2.22,0.0
58ae47b2,1.05,0.53,0.26,0.53,0.26,0.26,0.79,33.3,0.53,10.26,3.42,33.3,1.32,5.53,3.42,1.05,0.0,0.0,1.05,0.53,1.58,0.26,0.0
0d9b2d31,2.91,2.36,1.09,1.27,0.55,0.91,3.64,25.0,2.73,27.09,6.73,24.8,3.64,14.36,9.09,2.91,0.36,0.0,2.55,0.73,3.64,0.18,0.0
f8ce97ca,10.0,10.0,0.0,10.0,0.0,0.0,0.0,,0.0,40.0,10.0,25.0,10.0,20.0,10.0,0.0,0.0,0.0,0.0,0.0,10.0,10.0,0.0
6b915aa1,1.67,1.39,0.56,0.83,0.28,0.28,1.39,20.0,1.11,11.11,2.78,25.0,4.17,4.17,2.78,2.78,0.0,0.0,2.78,1.67,3.33,1.67,0.0
c906ce0f,1.11,0.79,0.63,0.32,0.16,0.48,0.95,50.0,0.48,6.67,2.54,38.1,4.6,1.75,0.32,1.59,0.79,0.0,0.79,0.48,1.59,5.87,0.16
6639e500,3.33,2.67,0.67,2.67,0.0,1.33,2.67,50.0,1.33,23.33,4.67,20.0,4.0,15.33,4.0,2.0,0.0,0.0,2.0,0.67,4.0,0.0,0.0
8fd9996f,1.61,1.03,1.49,0.0,0.11,0.57,1.26,45.5,0.69,9.43,2.87,30.5,6.78,2.53,0.11,2.18,1.03,0.0,1.15,1.38,2.99,5.06,0.0
6fe90922,0.74,0.37,0.0,0.74,0.0,0.37,2.59,14.3,2.22,15.93,2.96,18.6,2.59,7.04,6.3,1.11,0.0,0.0,1.11,0.37,1.11,1.48,0.0
780e3631,1.48,1.3,0.93,0.56,0.0,0.56,1.48,37.5,0.93,10.56,3.15,29.8,3.15,4.81,2.59,2.22,0.74,0.0,1.48,1.67,3.15,0.74,0.0
17145c90,0.0,0.0,0.0,0.0,0.0,0.0,0.0,,0.0,3.75,1.25,33.3,0.0,3.75,0.0,1.25,0.0,0.0,1.25,0.0,0.0,0.0,0.0
83e1f40e,0.0,0.0,0.0,0.0,0.0,0.0,0.0,,0.0,20.0,5.0,25.0,0.0,10.0,10.0,0.0,0.0,0.0,0.0,0.0,0.0,0.0,0.0
515ebe8d,1.33,0.33,0.67,0.67,0.0,0.67,2.33,28.6,1.67,10.67,5.33,50.0,5.67,4.0,1.0,2.33,1.0,0.0,1.33,2.67,4.0,8.67,0.0
08aa9cd1,0.0,0.0,0.0,0.0,0.0,0.0,10.0,0.0,10.0,30.0,10.0,33.3,0.0,20.0,10.0,0.0,0.0,0.0,0.0,0.0,0.0,0.0,0.0
adfc9123,0.77,0.38,0.0,0.38,0.38,0.0,0.38,0.0,0.38,3.46,0.77,22.2,0.77,1.92,0.77,1.15,0.77,0.0,0.38,0.77,1.54,2.69,0.38
fe2db476,0.8,0.4,0.4,0.4,0.0,0.0,0.8,0.0,0.8,9.2,2.8,30.4,4.8,3.2,1.2,1.2,0.4,0.0,0.8,1.2,2.0,2.4,0.0
ad6df2d5,1.27,1.27,0.73,0.18,0.36,0.55,1.82,30.0,1.27,14.91,4.0,26.8,4.91,6.73,3.27,1.45,0.0,0.0,1.45,2.0,3.27,0.18,0.0
bc6bd723,0.17,0.0,0.0,0.17,0.0,0.17,1.0,16.7,0.83,11.0,2.5,22.7,1.33,3.67,6.0,1.33,0.0,0.0,1.33,0.33,0.5,0.0,0.0
867239d3,1.0,0.5,0.0,0.5,0.5,0.0,0.5,0.0,0.5,18.0,10.0,55.6,6.0,8.5,3.5,2.0,0.0,0.0,2.0,0.5,1.5,1.0,0.0
b1579026,0.95,0.48,0.95,0.0,0.0,0.48,3.81,12.5,3.33,8.57,2.38,27.8,4.76,3.33,0.48,0.95,0.48,0.0,0.48,4.76,5.71,4.29,0.0
67f0703d,1.09,0.65,0.87,0.22,0.0,0.22,0.65,33.3,0.43,5.0,1.74,34.8,3.04,1.96,0.0,1.96,0.87,0.0,1.09,1.52,2.61,3.91,0.0
d2416c2e,1.25,1.07,0.0,0.71,0.54,0.54,1.79,30.0,1.25,25.18,8.75,34.8,1.79,12.68,10.71,1.25,0.54,0.0,0.71,1.25,2.5,1.07,0.0
256ac8f4,2.0,1.5,2.0,0.0,0.0,1.0,3.0,33.3,2.0,10.0,4.0,40.0,8.0,2.0,0.0,1.5,1.0,0.0,0.5,1.5,3.5,6.0,0.0
b182a240,1.07,1.07,0.36,0.0,0.71,0.71,0.71,100.0,0.0,9.64,4.29,44.4,1.79,5.36,2.5,1.43,0.0,0.0,1.43,0.0,1.07,0.71,0.0
f090a37a,1.0,1.0,0.0,0.0,1.0,0.0,0.0,,0.0,18.0,6.0,33.3,2.0,9.0,7.0,1.0,0.0,0.0,1.0,3.0,4.0,0.0,0.0
1bf33a9a,0.85,0.43,0.43,0.21,0.21,0.21,1.06,20.0,0.85,16.38,3.4,20.8,4.04,6.38,5.96,0.85,0.21,0.0,0.64,0.64,1.49,0.21,0.0
34c3b935,0.0,0.0,0.0,0.0,0.0,0.0,0.0,,0.0,0.0,0.0,,0.0,0.0,0.0,0.0,0.0,0.0,0.0,0.0,0.0,0.0,0.0
8794e251,3.39,1.96,0.89,1.96,0.54,0.89,2.68,33.3,1.79,18.75,5.36,28.6,5.36,9.64,3.75,1.25,0.0,0.0,1.25,1.79,5.18,1.43,0.0
0630eb63,0.0,0.0,0.0,0.0,0.0,0.0,0.0,,0.0,10.0,1.0,10.0,2.0,4.0,4.0,0.0,0.0,0.0,0.0,0.0,0.0,0.0,0.0
53de807a,0.67,0.0,0.0,0.0,0.67,0.0,0.0,,0.0,6.0,2.0,33.3,2.0,3.33,0.67,2.67,1.33,0.0,1.33,1.33,2.0,5.33,0.0
9a1f2e1c,3.68,1.93,1.93,1.58,0.18,0.88,3.51,25.0,2.63,22.63,7.37,32.6,11.75,7.72,3.16,3.33,0.35,0.0,2.98,1.93,5.61,2.28,0.0
d003e213,0.67,0.33,0.33,0.17,0.17,0.17,1.5,11.1,1.33,9.33,2.0,21.4,4.83,3.33,1.17,0.67,0.17,0.0,0.5,0.67,1.33,0.83,0.0
0c2ac3cb,0.71,0.71,0.0,0.71,0.0,0.71,1.43,50.0,0.71,23.57,7.86,33.3,7.86,8.57,7.14,2.86,0.71,0.0,2.14,1.43,2.14,1.43,0.0
9686fc54,1.0,0.33,1.0,0.0,0.0,0.0,0.0,,0.0,5.67,1.67,29.4,4.67,1.0,0.0,3.33,3.0,0.33,0.33,1.0,2.0,8.0,0.0
89f951b5,1.37,0.39,0.2,0.78,0.39,0.39,2.94,13.3,2.55,12.75,3.92,30.8,3.14,7.06,2.55,1.18,0.2,0.0,0.98,1.18,2.55,2.16,0.0
47fd5136,1.15,0.96,0.58,0.38,0.19,0.19,0.77,25.0,0.58,5.38,2.5,46.4,2.31,2.31,0.77,1.15,0.77,0.19,0.38,0.96,2.12,3.85,0.19
7483d9f9,1.83,1.17,0.83,0.83,0.17,0.67,1.67,40.0,1.0,9.5,4.0,42.1,5.5,3.0,1.0,2.17,1.0,0.17,1.17,1.83,3.67,7.0,0.0
8a1d7b51,1.82,0.73,1.09,0.36,0.36,0.91,1.64,55.6,0.73,7.45,1.82,24.4,3.64,2.18,1.64,2.36,0.55,0.0,1.82,1.45,3.27,1.82,0.18
08511d65,1.06,0.43,0.64,0.43,0.0,0.43,0.85,50.0,0.43,7.45,1.91,25.7,4.26,2.34,0.85,1.49,0.43,0.0,1.06,1.06,2.13,4.04,0.0
ef619b0b,1.25,1.0,0.75,0.25,0.25,0.5,1.75,28.6,1.25,12.25,4.75,38.8,4.75,4.75,2.75,0.25,0.0,0.0,0.25,0.75,2.0,1.0,0.0
1dbfae2d,2.31,1.15,1.15,1.15,0.0,1.15,2.69,42.9,1.54,17.69,3.08,17.4,3.08,8.08,6.54,0.77,0.0,0.0,0.77,0.77,3.08,0.38,0.0
a1d5bd30,0.43,0.43,0.0,0.22,0.22,0.22,0.87,25.0,0.65,12.39,3.26,26.3,0.65,6.3,5.43,1.09,0.22,0.0,0.87,0.43,0.87,0.65,0.0
e358587b,0.0,0.0,0.0,0.0,0.0,0.0,0.14,0.0,0.14,0.14,0.0,0.0,0.14,0.0,0.0,0.0,0.0,0.0,0.0,0.0,0.0,0.0,0.14
6b21b7b5,0.0,0.0,0.0,0.0,0.0,0.0,0.0,,0.0,25.0,10.0,40.0,0.0,10.0,15.0,0.0,0.0,0.0,0.0,0.0,0.0,0.0,0.0
3376a776,0.42,0.42,0.0,0.0,0.42,0.0,1.25,0.0,1.25,15.42,3.75,24.3,5.42,7.92,2.08,4.58,1.25,0.0,3.33,0.83,1.25,1.67,0.0
36a3ff67,1.56,1.04,0.78,0.52,0.26,0.26,1.04,25.0,0.78,18.57,5.58,30.1,4.68,7.79,6.1,1.3,0.26,0.0,1.04,0.65,2.21,0.65,0.0
7fa4e703,1.18,0.78,0.0,0.98,0.2,0.39,1.18,33.3,0.78,19.41,4.31,22.2,4.12,9.41,5.88,1.18,0.2,0.0,0.98,0.98,2.16,0.59,0.0
54f5ce34,2.0,1.67,1.0,0.67,0.33,1.0,2.33,42.9,1.33,16.0,5.33,33.3,6.33,8.0,1.67,2.67,1.33,0.0,1.33,2.33,4.33,3.67,0.0
0a3d6d2b,6.43,3.57,2.14,2.14,2.14,2.86,3.57,80.0,0.71,22.14,12.14,54.8,7.86,10.0,4.29,1.43,0.71,0.0,0.71,0.71,7.14,1.43,0.0
733e7ad8,0.83,0.0,0.28,0.0,0.56,0.28,1.11,25.0,0.83,14.44,3.61,25.0,3.89,8.06,2.5,1.94,0.28,0.0,1.67,1.39,2.22,2.78,0.0
335fa267,3.0,3.0,1.0,1.0,1.0,1.0,2.0,50.0,1.0,7.5,4.0,53.3,1.5,3.0,3.0,0.5,0.5,0.0,0.0,0.5,3.5,1.5,0.0
2e4f5f03,0.24,0.12,0.12,0.0,0.12,0.0,0.71,0.0,0.71,7.62,2.14,28.1,2.14,4.05,1.43,1.31,0.12,0.0,1.19,0.71,0.95,2.38,0.0
da27e268,1.76,0.0,0.59,0.59,0.59,0.0,0.59,0.0,0.59,25.29,5.88,23.3,8.82,9.41,7.06,1.76,0.0,0.0,1.76,0.59,2.35,1.76,0.0
6434f10d,1.84,1.15,0.34,1.26,0.23,0.46,1.49,30.8,1.03,15.29,4.6,30.1,2.53,8.74,4.02,0.69,0.11,0.0,0.57,0.8,2.64,2.07,0.11
3814b753,2.0,0.0,1.0,0.5,0.5,0.0,2.5,0.0,2.5,12.5,0.5,4.0,5.0,3.5,4.0,2.5,0.0,0.0,2.5,1.0,3.0,3.0,0.0
20df3aaf,2.14,0.71,0.71,1.43,0.0,0.71,2.14,33.3,1.43,17.86,2.14,12.0,8.57,7.86,1.43,3.57,0.0,0.0,3.57,0.71,2.86,1.43,0.0
19709006,2.26,1.29,0.32,1.94,0.0,0.65,2.58,25.0,1.94,15.16,3.55,23.4,1.94,10.32,2.9,1.29,0.32,0.0,0.97,0.65,2.9,0.0,0.0
8f5e92a6,2.5,1.67,1.39,1.11,0.0,0.56,2.22,25.0,1.67,18.61,3.33,17.9,4.17,7.22,7.22,0.83,0.0,0.0,0.83,0.83,3.33,0.56,0.0
a3d94a58,4.06,2.17,2.61,1.45,0.0,0.58,2.03,28.6,1.45,16.96,6.38,37.6,8.41,7.97,0.58,2.61,1.01,0.0,1.59,2.32,6.38,5.36,0.0
dea698d9,0.0,0.0,0.0,0.0,0.0,0.0,0.48,0.0,0.48,4.44,1.43,32.1,0.63,0.95,2.86,0.48,0.16,0.0,0.32,0.16,0.16,0.79,0.0
ed45c4a5,2.45,1.84,0.82,1.43,0.2,0.41,1.02,40.0,0.61,20.41,7.14,35.0,6.12,10.61,3.67,2.65,0.0,0.0,2.65,1.22,3.67,0.82,0.2
2a1beb34,2.26,2.08,0.57,1.32,0.38,0.94,3.96,23.8,3.02,18.11,4.53,25.0,4.53,10.57,3.02,1.13,0.0,0.0,1.13,2.26,4.53,1.32,0.0
18b896d6,0.78,0.49,0.39,0.29,0.1,0.1,0.29,33.3,0.19,7.77,1.94,25.0,4.27,2.91,0.58,1.36,0.78,0.0,0.58,0.78,1.55,4.47,0.0
14b8fcdf,5.0,5.0,5.0,0.0,0.0,5.0,5.0,100.0,0.0,10.0,5.0,50.0,5.0,5.0,0.0,5.0,5.0,0.0,0.0,0.0,5.0,5.0,0.0
ae9898c5,0.0,0.0,0.0,0.0,0.0,0.0,0.0,,0.0,5.0,0.0,0.0,0.0,0.0,5.0,0.0,0.0,0.0,0.0,10.0,10.0,5.0,0.0
c64c01fc,10.0,10.0,5.0,0.0,5.0,0.0,0.0,,0.0,25.0,20.0,80.0,5.0,5.0,15.0,0.0,0.0,0.0,0.0,0.0,10.0,0.0,0.0
32314605,3.53,1.18,3.53,0.0,0.0,2.35,5.88,40.0,3.53,21.76,7.06,32.4,12.35,6.47,2.94,3.53,0.0,0.0,3.53,1.18,4.71,1.18,0.0
86dd16a8,0.67,0.33,0.33,0.33,0.0,0.5,1.5,33.3,1.0,9.17,2.67,29.1,6.83,1.67,0.67,2.17,0.5,0.0,1.67,2.33,3.0,4.5,0.0
903b6e8b,0.0,0.0,0.0,0.0,0.0,0.0,0.0,,0.0,0.17,0.0,0.0,0.17,0.0,0.0,0.17,0.0,0.0,0.17,0.0,0.0,0.0,0.0
e280527c,2.38,1.59,0.95,1.43,0.0,0.63,3.17,20.0,2.54,17.46,5.24,30.0,4.6,11.75,1.11,0.63,0.48,0.0,0.16,2.54,4.92,1.11,0.16
4c32fb38,0.0,0.0,0.0,0.0,0.0,0.0,0.0,,0.0,7.5,2.5,33.3,2.5,0.0,5.0,0.0,0.0,0.0,0.0,0.0,0.0,0.0,0.0
d97b252e,0.0,0.0,0.0,0.0,0.0,0.0,0.0,,0.0,0.0,0.0,,0.0,0.0,0.0,0.0,0.0,0.0,0.0,0.0,0.0,0.0,0.0
d63e2912,2.17,1.33,1.5,0.5,0.17,1.0,2.33,42.9,1.33,12.67,5.17,40.8,5.0,5.67,2.0,2.17,0.33,0.0,1.83,0.33,2.5,2.67,0.0
e342ad68,0.47,0.23,0.12,0.35,0.0,0.12,0.81,14.3,0.7,15.35,5.47,35.6,0.81,6.28,8.26,1.28,0.0,0.0,1.28,0.58,1.05,0.47,0.12
74733221,0.0,0.0,0.0,0.0,0.0,0.0,0.0,,0.0,0.0,0.0,,0.0,0.0,0.0,0.0,0.0,0.0,0.0,0.0,0.0,0.0,0.0
2c0f8e9e,1.54,1.54,0.77,0.0,0.77,0.0,1.54,0.0,1.54,21.54,6.15,28.6,1.54,10.0,10.0,0.77,0.0,0.0,0.77,1.54,3.08,0.0,0.0
dbf053da,0.47,0.47,0.0,0.0,0.47,0.47,1.4,33.3,0.93,7.67,1.63,21.2,2.09,2.56,3.02,0.7,0.0,0.0,0.7,0.7,1.16,0.23,0.0
0d82903c,2.26,1.89,0.57,1.32,0.38,0.57,1.7,33.3,1.13,10.0,4.34,43.4,2.64,5.66,1.7,2.26,0.19,0.0,2.08,1.89,4.15,2.08,0.0
2b114be3,1.41,0.78,0.31,0.31,0.78,0.47,2.34,20.0,1.88,19.84,5.31,26.8,3.44,7.5,8.91,1.09,0.0,0.0,1.09,1.09,2.5,0.31,0.0
6e7f1353,3.17,1.22,0.98,1.95,0.24,1.22,3.17,38.5,1.95,29.51,6.83,23.1,6.83,17.56,5.12,1.46,0.0,0.0,1.46,0.49,3.66,0.0,0.0
c50e5bba,3.64,1.59,2.5,0.91,0.23,1.82,3.86,47.1,2.05,13.18,3.86,29.3,7.73,4.09,1.36,2.05,0.0,0.0,2.05,0.91,4.55,1.36,0.0
24051310,2.19,1.04,1.04,1.15,0.0,1.25,1.88,66.7,0.62,13.85,4.38,31.6,5.62,6.56,1.67,1.67,0.31,0.1,1.35,2.19,4.38,3.33,0.0
9744ff80,1.88,0.62,0.62,0.62,0.62,0.62,3.12,20.0,2.5,16.25,4.38,26.9,5.0,6.25,5.0,1.88,0.62,0.0,1.25,1.25,3.12,0.62,0.0
1a4b9094,1.43,1.43,0.95,0.48,0.0,0.48,0.95,50.0,0.48,10.48,2.86,27.3,3.33,5.71,1.43,1.9,0.0,0.0,1.9,0.95,2.38,1.9,0.0
4315f30d,0.21,0.0,0.21,0.0,0.0,0.0,0.0,,0.0,4.04,1.28,31.6,2.34,1.49,0.21,2.55,0.85,0.0,1.7,1.28,1.49,3.62,0.0
f6ac68c1,1.01,0.76,0.51,0.51,0.0,0.25,0.89,28.6,0.63,9.24,3.04,32.9,5.82,3.16,0.25,1.01,0.51,0.0,0.51,0.76,1.77,6.08,0.0
b0c7a51d,1.67,1.17,1.33,0.33,0.0,1.0,2.17,46.2,1.17,8.0,4.0,50.0,4.33,3.33,0.33,1.17,0.17,0.0,1.0,1.0,2.67,4.17,0.17
746fec7d,0.0,0.0,0.0,0.0,0.0,0.0,0.0,,0.0,13.33,3.33,25.0,3.33,0.0,10.0,0.0,0.0,0.0,0.0,3.33,3.33,0.0,0.0
fa274d97,1.3,1.3,0.0,0.43,0.87,0.0,1.74,0.0,1.74,10.43,2.17,20.8,4.35,3.48,2.61,1.3,0.43,0.0,0.87,0.0,1.3,5.65,0.0
e613313c,1.61,1.07,0.89,0.71,0.0,0.89,1.79,50.0,0.89,16.79,5.18,30.9,8.93,7.14,0.71,3.04,0.89,0.0,2.14,1.25,2.86,3.75,0.18
c904f3d5,0.68,0.68,0.51,0.17,0.0,0.68,1.36,50.0,0.68,7.12,2.54,35.7,5.08,1.86,0.17,2.03,1.02,0.0,1.02,1.69,2.37,3.73,0.0
b70bde8f,0.0,0.0,0.0,0.0,0.0,0.0,10.0,0.0,10.0,40.0,0.0,0.0,0.0,20.0,20.0,0.0,0.0,0.0,0.0,0.0,0.0,0.0,0.0
52e101a8,2.0,1.0,2.0,0.0,0.0,1.0,2.0,50.0,1.0,6.0,2.0,33.3,5.0,0.0,1.0,0.0,0.0,0.0,0.0,0.0,2.0,4.0,0.0
e8c0cafd,7.5,5.0,5.0,2.5,0.0,2.5,5.0,50.0,2.5,30.0,10.0,33.3,12.5,15.0,2.5,0.0,0.0,0.0,0.0,5.0,12.5,7.5,0.0
17e3e467,2.34,1.7,1.28,0.85,0.21,0.85,3.19,26.7,2.34,25.74,7.02,27.3,9.57,13.4,2.77,1.49,0.21,0.0,1.28,1.91,4.26,1.06,0.0
6421ec64,2.22,2.22,0.56,1.67,0.0,0.56,1.11,50.0,0.56,20.0,6.11,30.6,3.33,13.33,3.33,4.44,0.56,0.0,3.89,0.0,2.22,0.56,0.0
9c94165b,2.43,1.89,0.54,1.62,0.27,0.54,1.08,50.0,0.54,12.7,5.14,40.4,3.51,6.76,2.43,1.35,0.0,0.0,1.35,1.08,3.51,2.16,0.0
a81ed730,1.38,0.34,1.03,0.34,0.0,0.0,1.03,0.0,1.03,19.31,3.1,16.1,9.66,7.93,1.72,1.72,0.34,0.0,1.38,0.69,2.07,1.38,0.0
3d2320f7,0.7,0.23,0.0,0.47,0.23,0.0,0.7,0.0,0.7,17.21,3.26,18.9,5.12,8.37,3.72,0.93,0.23,0.0,0.7,0.0,0.7,0.47,0.23
3eb22ec9,1.46,0.58,0.39,0.68,0.39,0.58,1.75,33.3,1.17,22.52,5.15,22.8,2.91,9.32,10.29,1.26,0.19,0.0,1.07,0.58,2.04,0.39,0.1
86e7deaf,0.63,0.32,0.48,0.16,0.0,0.32,0.48,66.7,0.16,4.44,1.59,35.7,1.75,2.7,0.0,1.43,0.48,0.0,0.95,1.43,2.06,3.65,0.0
2690dffa,inf,,inf,,,inf,inf,100.0,,inf,,0.0,inf,inf,,,,,,inf,inf,inf,
fd9c4805,0.79,0.53,0.26,0.26,0.26,0.0,1.32,0.0,1.32,17.11,4.74,27.7,4.21,7.89,5.0,1.05,0.53,0.0,0.53,0.26,1.05,0.26,0.0
30f5ffa9,1.33,1.33,1.0,0.33,0.0,0.33,1.33,25.0,1.0,7.67,4.0,52.2,4.67,2.67,0.33,1.0,0.67,0.0,0.33,1.33,2.67,1.67,0.0
defb905a,1.56,1.33,1.11,0.44,0.0,0.22,1.33,16.7,1.11,7.33,2.22,30.3,3.33,3.56,0.44,2.0,0.67,0.0,1.33,1.11,2.67,4.67,0.0
76d5857d,1.2,0.4,0.8,0.2,0.2,0.2,0.6,33.3,0.4,7.4,1.8,24.3,4.0,2.8,0.6,2.2,0.8,0.0,1.4,1.2,2.4,2.8,0.0
cbbfa2e7,0.91,0.91,0.45,0.0,0.45,0.0,0.45,0.0,0.45,14.55,4.09,28.1,1.82,7.27,5.45,1.36,0.45,0.0,0.91,1.36,2.27,0.45,0.0
2ccd89a3,2.0,1.71,0.29,1.43,0.29,0.57,0.86,66.7,0.29,12.29,3.14,25.6,3.14,7.14,2.0,0.29,0.0,0.0,0.29,0.86,2.86,1.14,0.0
886f9aac,1.22,0.98,0.73,0.24,0.24,0.24,1.46,16.7,1.22,11.22,4.15,37.0,5.37,3.66,2.2,2.2,0.0,0.0,2.2,0.98,2.2,0.24,0.0
c1febb46,1.35,0.96,0.77,0.19,0.38,0.38,0.77,50.0,0.38,20.77,4.04,19.4,5.38,11.92,3.46,0.96,0.0,0.0,0.96,1.92,3.27,0.19,0.0
420c18a1,0.0,0.0,0.0,0.0,0.0,0.0,0.0,,0.0,0.0,0.0,,0.0,0.0,0.0,0.0,0.0,0.0,0.0,0.0,0.0,0.0,0.0
28f66c2e,0.56,0.56,0.56,0.0,0.0,0.56,1.67,33.3,1.11,9.44,2.78,29.4,3.33,4.44,1.67,2.22,0.56,0.0,1.67,0.56,1.11,3.33,0.0
2fd337af,1.18,0.59,0.59,0.59,0.0,0.0,0.0,,0.0,9.41,4.71,50.0,5.29,4.12,0.0,2.35,1.76,0.0,0.59,0.59,1.76,10.0,0.0
7a435eb3,0.0,0.0,0.0,0.0,0.0,0.0,0.0,,0.0,20.0,5.0,25.0,0.0,7.5,12.5,0.0,0.0,0.0,0.0,0.0,0.0,2.5,0.0
8e8f40e0,5.0,2.5,2.5,2.5,0.0,5.0,12.5,40.0,7.5,37.5,7.5,20.0,20.0,15.0,2.5,5.0,0.0,0.0,5.0,0.0,5.0,5.0,0.0
ac4003af,0.0,0.0,0.0,0.0,0.0,0.0,0.4,0.0,0.4,0.8,0.2,25.0,0.8,0.0,0.0,0.0,0.0,0.0,0.0,0.0,0.0,0.0,0.4
27d902c8,0.0,0.0,0.0,0.0,0.0,0.0,0.0,,0.0,0.0,0.0,,0.0,0.0,0.0,0.0,0.0,0.0,0.0,0.17,0.17,0.0,0.0
42130443,0.0,0.0,0.0,0.0,0.0,0.0,0.0,,0.0,0.0,0.0,,0.0,0.0,0.0,0.0,0.0,0.0,0.0,0.0,0.0,0.0,0.0
ee3519f5,1.25,0.94,0.62,0.31,0.31,0.31,1.25,25.0,0.94,10.0,3.12,31.3,5.62,3.12,1.25,0.62,0.31,0.0,0.31,1.25,2.5,3.44,0.0
b400bde0,0.83,0.83,0.0,0.42,0.42,0.28,0.83,33.3,0.56,9.44,2.22,23.5,0.42,4.31,4.72,0.56,0.0,0.0,0.56,0.14,0.97,0.0,0.0
3b1ed320,5.0,5.0,5.0,0.0,0.0,5.0,5.0,100.0,0.0,15.0,5.0,33.3,10.0,0.0,5.0,0.0,0.0,0.0,0.0,0.0,5.0,5.0,0.0
7cd6badb,1.86,1.19,1.02,0.68,0.17,0.34,2.2,15.4,1.86,23.22,4.75,20.4,5.08,12.03,6.1,1.19,0.0,0.0,1.19,1.02,2.88,0.34,0.0
5eecec3d,0.45,0.45,0.22,0.11,0.11,0.11,0.22,50.0,0.11,5.84,1.46,25.0,2.13,2.92,0.79,1.46,1.12,0.0,0.34,1.01,1.46,3.37,0.11
339fe0e8,0.0,0.0,0.0,0.0,0.0,0.0,0.0,,0.0,0.0,0.0,,0.0,0.0,0.0,0.0,0.0,0.0,0.0,0.0,0.0,0.0,0.0
ef2e5e1a,3.33,0.0,3.33,0.0,0.0,3.33,3.33,100.0,0.0,23.33,3.33,14.3,10.0,6.67,6.67,0.0,0.0,0.0,0.0,0.0,3.33,0.0,0.0
a6154613,0.2,0.2,0.0,0.2,0.0,0.0,0.0,,0.0,7.65,1.76,23.1,0.39,3.33,3.92,0.59,0.39,0.0,0.2,0.0,0.2,1.18,0.0
1e1378e1,2.0,2.0,0.0,2.0,0.0,2.0,12.0,16.7,10.0,42.0,14.0,33.3,8.0,28.0,6.0,2.0,0.0,0.0,2.0,4.0,6.0,2.0,0.0
a793f5a8,0.0,0.0,0.0,0.0,0.0,0.0,10.0,0.0,10.0,30.0,0.0,0.0,10.0,20.0,0.0,10.0,10.0,0.0,0.0,0.0,0.0,0.0,0.0
e33c06cf,1.33,0.67,0.5,0.67,0.17,0.33,1.5,22.2,1.17,9.33,3.0,32.1,4.83,3.83,0.67,1.17,0.33,0.0,0.83,1.17,2.5,3.5,0.0
d94653be,2.17,2.17,1.3,0.0,0.87,0.87,1.74,50.0,0.87,11.3,3.48,30.8,4.78,3.91,2.61,3.04,0.0,0.0,3.04,0.43,2.61,2.17,0.0
73affbb6,0.29,0.0,0.0,0.29,0.0,0.0,1.18,0.0,1.18,18.82,4.71,25.0,1.76,10.29,6.76,0.59,0.29,0.0,0.29,0.0,0.29,0.0,0.0
4e219ad2,1.94,0.65,0.65,0.65,0.65,1.29,3.23,40.0,1.94,12.9,2.9,22.5,2.58,6.77,3.55,0.0,0.0,0.0,0.0,0.97,2.9,0.32,0.0
bd20f4eb,2.59,2.22,1.48,0.74,0.37,1.48,3.33,44.4,1.85,15.56,3.7,23.8,5.93,6.67,2.96,3.7,0.37,0.0,3.33,1.11,3.7,1.11,0.0
9614b550,2.6,1.2,2.0,0.6,0.0,1.0,1.2,83.3,0.2,10.0,3.2,32.0,5.8,3.4,0.8,1.4,0.2,0.0,1.2,1.8,4.4,5.6,0.4
c71e97ba,2.82,1.28,1.03,1.54,0.26,0.77,1.28,60.0,0.51,14.62,2.82,19.3,5.64,7.95,1.03,2.05,0.26,0.0,1.79,2.56,5.38,2.05,0.0
01b8a2b2,0.0,0.0,0.0,0.0,0.0,0.0,0.0,,0.0,0.14,0.14,100.0,0.14,0.0,0.0,0.0,0.0,0.0,0.0,0.0,0.0,0.0,0.14
934e1968,1.43,0.71,0.54,0.36,0.54,0.36,2.32,15.4,1.96,18.75,5.18,27.6,5.0,10.18,3.57,2.14,0.18,0.18,1.96,0.89,2.32,1.61,0.0
e92cd3f7,1.54,0.77,0.0,0.77,0.77,0.0,0.77,0.0,0.77,20.77,6.15,29.6,0.77,9.23,10.77,0.77,0.77,0.0,0.0,0.0,1.54,0.0,0.0
2475dcc6,0.5,0.33,0.0,0.17,0.33,0.33,0.67,50.0,0.33,11.5,4.0,34.8,1.33,5.17,5.0,1.33,0.17,0.0,1.17,0.17,0.67,0.33,0.0
f0661424,2.81,2.11,1.4,1.23,0.18,0.53,1.75,30.0,1.23,12.81,5.61,43.8,5.44,5.09,2.28,0.88,0.18,0.0,0.7,0.53,3.33,3.16,0.18
7272a72a,1.61,0.97,1.29,0.32,0.0,0.0,0.32,0.0,0.32,19.03,4.84,25.4,6.13,7.42,5.48,1.61,0.0,0.0,1.61,0.32,1.94,0.65,0.0
a0f9b535,0.0,0.0,0.0,0.0,0.0,0.0,0.0,,0.0,10.0,6.0,60.0,2.0,8.0,0.0,4.0,0.0,0.0,4.0,0.0,0.0,0.0,0.0
4c2a5d34,0.45,0.0,0.0,0.0,0.45,0.0,1.36,0.0,1.36,19.09,6.36,33.3,1.36,10.91,6.82,1.36,0.45,0.0,0.91,1.36,1.82,0.91,0.0
bfe272bd,2.0,1.5,0.5,1.5,0.0,1.5,3.0,50.0,1.5,26.5,6.5,24.5,9.0,14.0,3.5,0.5,0.5,0.0,0.0,2.5,4.5,1.0,0.0
e73c9bb2,2.19,0.94,0.94,0.94,0.31,0.62,1.88,33.3,1.25,13.44,4.69,34.9,3.44,7.19,2.81,3.44,0.0,0.0,3.44,0.62,2.81,1.56,0.0
6f51e382,0.0,0.0,0.0,0.0,0.0,0.0,0.0,,0.0,0.0,0.0,,0.0,0.0,0.0,0.0,0.0,0.0,0.0,0.0,0.0,0.4,0.0
5148dcc5,2.22,1.48,1.11,1.11,0.0,0.74,1.85,40.0,1.11,15.93,3.7,23.3,6.67,4.81,4.44,2.22,0.0,0.0,2.22,0.0,2.22,0.74,0.0
7120a04d,0.7,0.35,0.35,0.35,0.0,0.35,1.58,22.2,1.23,17.02,5.44,32.0,5.96,6.14,4.91,2.11,0.0,0.0,2.11,0.35,1.05,0.53,0.0
2b9fdeea,1.32,0.94,0.94,0.19,0.19,0.75,2.45,30.8,1.7,15.28,2.83,18.5,3.02,7.55,4.72,0.57,0.0,0.0,0.57,0.19,1.51,0.19,0.0
6f8cd6d0,0.61,0.45,0.3,0.3,0.0,0.15,1.06,14.3,0.91,11.21,1.36,12.2,3.33,4.24,3.64,2.12,0.3,0.0,1.82,1.06,1.67,0.61,0.0
6b8887c2,0.0,0.0,0.0,0.0,0.0,0.0,0.0,,0.0,50.0,0.0,0.0,0.0,10.0,40.0,0.0,0.0,0.0,0.0,0.0,0.0,0.0,0.0
41034650,,,,,,,,,,inf,inf,100.0,inf,,,,,,,,,,
652d4c37,1.07,0.71,0.0,0.71,0.36,0.71,1.07,66.7,0.36,13.93,5.0,35.9,4.29,6.79,2.86,0.71,0.0,0.0,0.71,0.71,1.79,0.36,0.0
c56dc39e,3.19,2.17,1.45,1.74,0.0,1.3,2.9,45.0,1.59,12.46,3.91,31.4,6.38,5.07,1.01,1.3,0.43,0.0,0.87,1.01,4.2,3.77,0.0
f93c876b,2.4,0.8,2.0,0.4,0.0,1.2,2.4,50.0,1.2,11.2,4.4,39.3,8.0,2.8,0.4,2.0,0.8,0.0,1.2,2.4,4.8,4.0,0.0
52611641,6.0,4.0,0.0,6.0,0.0,2.0,8.0,25.0,6.0,22.0,10.0,45.5,6.0,12.0,4.0,6.0,0.0,0.0,6.0,0.0,6.0,2.0,0.0
9e1035f8,1.25,0.25,0.0,0.75,0.5,0.5,0.75,66.7,0.25,15.75,3.75,23.8,0.75,3.75,11.25,0.75,0.0,0.0,0.75,0.5,1.75,0.5,0.0
58a9a4d9,1.94,1.61,0.65,0.97,0.32,0.32,2.26,14.3,1.94,15.16,6.45,42.6,3.23,5.81,6.13,1.61,0.0,0.0,1.61,1.29,3.23,0.0,0.0
a4b1028a,1.5,1.0,1.17,0.33,0.0,0.33,1.33,25.0,1.0,9.5,2.83,29.8,4.83,4.17,0.5,1.5,0.17,0.0,1.33,1.0,2.5,2.67,0.0
096a77c4,0.0,0.0,0.0,0.0,0.0,0.0,3.33,0.0,3.33,13.33,3.33,25.0,6.67,6.67,0.0,3.33,0.0,0.0,3.33,0.0,0.0,3.33,0.0
77e39b04,1.35,0.81,0.0,0.27,1.08,0.0,1.89,0.0,1.89,19.73,6.49,32.9,2.16,7.3,10.27,1.62,0.0,0.0,1.62,0.54,1.89,0.0,0.0
21512407,1.91,1.03,1.03,0.59,0.29,0.88,1.62,54.5,0.74,13.24,4.85,36.7,5.59,5.0,2.65,1.62,0.44,0.0,1.18,0.59,2.5,2.35,0.0
41f0b196,0.0,0.0,0.0,0.0,0.0,0.0,0.4,0.0,0.4,0.4,0.0,0.0,0.4,0.0,0.0,0.0,0.0,0.0,0.0,0.0,0.0,0.0,0.0
5d0e0a1f,3.33,1.85,2.22,0.37,0.74,0.74,2.22,33.3,1.48,12.59,5.56,44.1,4.07,5.56,2.96,1.48,0.37,0.0,1.11,0.74,4.07,2.22,0.0
f315ca93,1.43,0.71,0.71,0.0,0.71,0.71,2.86,25.0,2.14,21.43,4.29,20.0,10.0,8.57,2.86,2.86,0.71,0.0,2.14,1.43,2.86,5.0,0.71
f7e87032,1.06,0.64,0.64,0.21,0.21,0.21,2.13,10.0,1.91,20.0,4.26,21.3,8.51,7.66,3.83,1.06,0.21,0.0,0.85,0.85,1.91,0.64,0.0
2baec6ce,2.17,2.17,1.74,0.43,0.0,0.43,0.87,50.0,0.43,12.61,4.78,37.9,10.0,2.17,0.43,0.0,0.0,0.0,0.0,0.43,2.61,4.35,0.0
ed140063,0.69,0.52,0.34,0.34,0.0,0.34,1.38,25.0,1.03,17.24,4.31,25.0,6.55,7.24,3.45,2.41,0.69,0.0,1.72,0.86,1.55,0.86,0.0
1a799243,3.17,2.0,2.0,0.83,0.33,1.17,2.33,50.0,1.17,16.5,5.33,32.3,7.17,5.83,3.5,1.67,0.17,0.0,1.5,0.5,3.67,2.0,0.0
3eed9821,2.5,0.0,0.0,2.5,0.0,0.0,0.0,,0.0,10.0,2.5,25.0,0.0,7.5,2.5,2.5,0.0,0.0,2.5,2.5,5.0,0.0,0.0
d248cd8f,2.84,2.24,1.79,0.9,0.15,0.45,1.19,37.5,0.75,12.54,5.37,42.9,8.06,4.03,0.45,1.19,0.45,0.0,0.75,1.94,4.78,3.73,0.3
b997c3de,2.53,1.57,1.45,1.08,0.0,0.24,1.57,15.4,1.33,18.67,4.7,25.2,6.87,8.55,3.25,0.96,0.0,0.0,0.96,1.2,3.73,1.81,0.0
9ddb85e8,3.2,3.2,1.2,1.6,0.4,1.2,3.2,37.5,2.0,8.8,3.2,36.4,2.4,4.0,2.4,0.8,0.4,0.0,0.4,0.0,3.2,0.4,0.0
01da7812,0.37,0.37,0.0,0.37,0.0,0.0,1.48,0.0,1.48,12.59,2.96,23.5,3.33,4.44,4.81,1.11,0.37,0.0,0.74,1.11,1.48,0.74,0.0
7b456af7,0.0,0.0,0.0,0.0,0.0,0.0,0.5,0.0,0.5,0.0,0.0,,0.0,0.0,0.0,0.0,0.0,0.0,0.0,0.0,0.0,0.0,0.0
7a4cea18,1.07,1.07,0.36,0.71,0.0,0.0,0.71,0.0,0.71,10.36,3.93,37.9,0.71,6.43,3.21,1.07,0.0,0.0,1.07,0.71,1.79,0.0,0.0
9778d8dd,2.0,0.0,0.0,2.0,0.0,1.0,4.0,25.0,3.0,11.0,4.0,36.4,3.0,7.0,1.0,2.0,0.0,0.0,2.0,1.0,3.0,3.0,0.0
0959c2a2,2.78,1.11,0.93,0.74,1.11,0.93,2.22,41.7,1.3,21.11,5.74,27.2,4.63,11.3,5.19,2.59,0.19,0.0,2.41,2.04,4.81,0.93,0.0
21453b2e,,,,,,,,,,,,,,,,inf,,,inf,,,,
2bf50b37,0.0,0.0,0.0,0.0,0.0,0.0,0.0,,0.0,20.0,0.0,0.0,0.0,10.0,10.0,0.0,0.0,0.0,0.0,10.0,10.0,0.0,0.0
392a7aea,0.85,0.85,0.17,0.51,0.17,0.34,1.02,33.3,0.68,14.07,3.9,27.7,2.2,7.46,4.41,1.19,0.0,0.0,1.19,1.02,1.86,1.02,0.0
9f8e9423,1.22,0.78,0.89,0.22,0.11,0.22,0.67,33.3,0.44,9.44,2.56,27.1,4.44,3.89,1.11,1.0,0.44,0.0,0.56,0.89,2.11,3.67,0.0
467bae22,3.0,1.0,0.0,3.0,0.0,2.0,4.0,50.0,2.0,24.0,6.0,25.0,0.0,19.0,5.0,1.0,1.0,1.0,0.0,0.0,3.0,0.0,0.0
fd51b456,2.75,2.0,1.12,1.25,0.38,1.12,2.88,39.1,1.75,19.25,6.38,33.1,7.75,7.38,4.12,2.25,0.0,0.0,2.25,0.88,3.62,1.38,0.0
2ebc1b44,0.94,0.62,0.0,0.94,0.0,0.0,1.56,0.0,1.56,20.94,4.38,20.9,2.19,11.56,7.19,1.56,0.0,0.0,1.56,0.62,1.56,0.31,0.0
1467af0d,3.04,2.5,1.07,1.79,0.18,1.96,4.64,42.3,2.68,20.89,6.07,29.1,5.71,10.89,4.29,1.07,0.36,0.0,0.71,1.79,4.82,0.54,0.0
f5f2ec59,0.0,0.0,0.0,0.0,0.0,0.0,2.0,0.0,2.0,26.0,6.0,23.1,6.0,6.0,14.0,2.0,0.0,0.0,2.0,0.0,0.0,0.0,0.0
67cdbc0e,5.0,2.19,0.94,3.12,0.94,2.5,4.38,57.1,1.88,23.75,6.25,26.3,7.81,12.19,3.75,1.88,0.0,0.0,1.88,0.94,5.94,1.25,0.0
6412cc03,2.22,2.22,1.67,0.0,0.56,0.0,0.56,0.0,0.56,17.22,1.67,9.7,3.33,10.0,3.89,0.0,0.0,0.0,0.0,0.56,2.78,0.0,0.0
c7069d87,3.02,1.4,0.93,1.86,0.23,0.7,2.79,25.0,2.09,21.86,6.74,30.9,6.74,12.79,2.33,0.93,0.0,0.0,0.93,1.4,4.42,1.4,0.0
b937e490,0.0,0.0,0.0,0.0,0.0,0.0,5.0,0.0,5.0,45.0,10.0,22.2,15.0,30.0,0.0,0.0,0.0,0.0,0.0,0.0,0.0,0.0,0.0
da1185fc,0.43,0.43,0.0,0.0,0.43,0.21,0.85,25.0,0.64,7.66,2.55,33.3,1.49,2.77,3.4,1.7,0.0,0.0,1.7,0.64,1.06,0.43,0.0
d4f034db,2.14,0.71,2.14,0.0,0.0,1.43,1.43,100.0,0.0,3.57,1.43,40.0,2.14,1.43,0.0,2.14,1.43,0.0,0.71,0.0,2.14,11.43,0.0
db750822,10.0,6.67,3.33,3.33,3.33,3.33,3.33,100.0,0.0,46.67,13.33,28.6,6.67,3.33,36.67,0.0,0.0,0.0,0.0,3.33,13.33,0.0,0.0
e4d5e2ae,,,,,,,,,,inf,,0.0,,inf,,,,,,,,,
c24544c7,1.58,1.23,0.35,1.05,0.18,0.7,1.23,57.1,0.53,12.63,4.39,34.7,3.68,6.32,2.63,0.88,0.0,0.0,0.88,1.05,2.63,0.18,0.18
d0d8dd44,0.67,0.33,0.33,0.33,0.0,0.0,0.0,,0.0,7.67,2.0,26.1,4.0,3.5,0.17,2.0,0.67,0.0,1.33,1.67,2.33,3.5,0.0
d2795011,3.33,1.9,1.43,1.43,0.48,0.95,1.9,50.0,0.95,16.67,6.67,40.0,5.71,7.14,3.81,0.95,0.0,0.0,0.95,2.38,5.71,1.43,0.0
86dd77d1,2.57,1.83,1.1,1.1,0.37,0.83,1.56,52.9,0.73,11.38,4.13,36.3,3.21,5.78,2.39,1.19,0.09,0.0,1.1,1.1,3.67,2.29,0.0
9e525177,2.88,1.54,1.73,1.15,0.0,0.77,0.96,80.0,0.19,11.92,2.69,22.6,5.0,5.0,1.92,4.23,0.58,0.0,3.65,1.92,4.81,2.31,0.0
5da33b33,2.17,1.3,0.43,0.87,0.87,1.3,1.74,75.0,0.43,9.13,1.74,19.0,2.61,4.78,1.74,1.3,0.0,0.0,1.3,0.43,2.61,0.0,0.0
33b11df6,1.25,0.62,1.25,0.0,0.0,0.62,4.38,14.3,3.75,23.75,3.75,15.8,8.12,10.62,5.0,0.62,0.0,0.0,0.62,0.0,1.25,0.62,0.0
b69261a0,2.92,2.08,1.25,1.25,0.42,1.25,2.5,50.0,1.25,8.33,2.08,25.0,2.5,4.58,1.25,3.75,1.25,0.0,2.5,1.67,4.58,1.67,0.0
49fe9070,0.56,0.11,0.22,0.33,0.0,0.11,1.11,10.0,1.0,14.56,3.0,20.6,2.33,6.0,6.22,0.78,0.0,0.0,0.78,0.56,1.11,0.22,0.0
eb58eef0,1.25,1.12,0.12,1.12,0.0,0.0,0.5,0.0,0.5,14.75,5.0,33.9,3.12,8.38,3.25,1.25,0.0,0.0,1.25,0.88,2.12,0.38,0.0
5e74d6c8,0.0,0.0,0.0,0.0,0.0,0.0,0.0,,0.0,10.0,0.0,0.0,1.43,7.14,1.43,1.43,0.0,0.0,1.43,1.43,1.43,1.43,0.0
dd323728,3.33,1.9,2.38,0.95,0.0,0.95,1.9,50.0,0.95,18.57,3.81,20.5,8.1,7.62,2.86,3.81,0.48,0.0,3.33,1.9,5.24,1.43,0.48
012c975a,1.08,0.27,0.54,0.54,0.0,0.54,0.81,66.7,0.27,9.46,2.16,22.9,5.41,4.05,0.0,0.27,0.0,0.0,0.27,0.54,1.62,3.51,0.0
5dfc6ad5,1.25,1.25,0.5,0.5,0.25,0.0,1.0,0.0,1.0,11.25,4.25,37.8,2.75,5.25,3.25,0.75,0.25,0.0,0.5,1.0,2.25,1.25,0.0
4b803b3c,2.11,0.7,1.23,0.53,0.35,0.35,1.58,22.2,1.23,7.89,2.11,26.7,4.91,2.46,0.53,1.4,0.7,0.0,0.7,1.05,3.16,7.02,0.0
be42a291,1.11,1.11,1.11,0.0,0.0,0.0,1.11,0.0,1.11,31.11,6.67,21.4,10.0,15.56,5.56,3.33,0.0,0.0,3.33,1.11,2.22,0.0,0.0
be927d03,1.3,0.87,0.22,1.09,0.0,0.65,0.87,75.0,0.22,6.09,1.52,25.0,1.09,3.04,1.96,1.52,0.0,0.0,1.52,0.65,1.96,0.65,0.0
88968486,0.17,0.17,0.17,0.0,0.0,0.17,1.33,12.5,1.17,5.17,1.83,35.5,3.67,1.5,0.0,1.0,0.83,0.0,0.17,2.0,2.17,5.83,0.0
a4effc55,15.0,5.0,15.0,0.0,0.0,0.0,0.0,,0.0,20.0,10.0,50.0,20.0,0.0,0.0,0.0,0.0,0.0,0.0,0.0,15.0,40.0,0.0
384d58d9,2.5,1.88,1.88,0.62,0.0,0.31,1.56,20.0,1.25,15.0,3.44,22.9,6.88,6.88,1.25,0.94,0.31,0.0,0.62,1.88,4.38,0.94,0.0
d3de9af0,0.86,0.52,0.34,0.52,0.0,0.0,0.0,,0.0,7.76,1.55,20.0,0.69,2.93,4.14,0.69,0.0,0.0,0.69,0.17,1.03,1.38,0.0
ed87a229,1.67,0.83,1.67,0.0,0.0,0.83,2.5,33.3,1.67,20.83,3.33,16.0,7.5,5.83,7.5,0.83,0.0,0.0,0.83,0.83,2.5,1.67,0.0
ed2b33cb,1.67,0.56,0.0,0.56,1.11,0.0,1.11,0.0,1.11,7.22,3.89,53.8,1.11,2.78,3.33,0.56,0.56,0.0,0.0,1.67,3.33,0.56,0.0
833a8fbc,1.19,0.34,0.85,0.17,0.17,0.68,0.85,80.0,0.17,8.64,2.2,25.5,4.41,2.37,1.86,2.88,0.51,0.0,2.37,1.02,2.2,3.05,0.0
51cf8561,2.31,1.23,1.23,0.92,0.15,1.08,2.15,50.0,1.08,10.0,4.62,46.2,3.08,5.38,1.54,2.31,0.15,0.0,2.15,0.92,3.23,2.46,0.0
028e70b9,0.0,0.0,0.0,0.0,0.0,0.0,10.0,0.0,10.0,10.0,10.0,100.0,10.0,0.0,0.0,0.0,0.0,0.0,0.0,0.0,0.0,0.0,0.0
6622454d,2.31,1.54,0.26,1.03,1.03,0.51,3.08,16.7,2.56,19.23,5.64,29.3,1.79,10.0,7.44,1.54,0.26,0.0,1.28,1.28,3.59,0.51,0.0
ce4246f5,1.4,1.4,0.6,0.8,0.0,0.4,0.8,50.0,0.4,5.4,2.4,44.4,2.8,2.6,0.0,1.4,1.0,0.0,0.4,0.2,1.6,5.8,0.0
adfbe1f5,1.86,1.4,0.7,0.93,0.23,0.7,1.86,37.5,1.16,22.09,5.35,24.2,5.81,10.93,5.35,1.16,0.0,0.0,1.16,0.47,2.33,0.7,0.0
79300479,0.67,0.67,0.0,0.0,0.67,0.0,0.67,0.0,0.67,8.67,2.0,23.1,2.0,2.0,4.67,0.0,0.0,0.0,0.0,0.0,0.67,0.67,0.0
