Player,Tota Cmp,Tota Att,Tota Cmp%,Tota TotDist,Tota PrgDist,Shor Cmp,Shor Att,Shor Cmp%,Medi Cmp,Medi Att,Medi Cmp%,Long Cmp,Long Att,Long Cmp%,Ast,xA,A-xA,KP,1/3,PPA,CrsPA,Prog
8bc373ea,38.0,52.0,73.1,880.4,319.0,9.2,10.6,86.8,17.6,20.6,85.4,10.0,18.0,11.12,0.0,0.02,-0.02,0.2,1.6,0.0,0.0,2.2
f586779e,15.38,18.46,83.3,195.38,31.15,8.85,11.15,79.3,4.62,5.0,92.3,0.38,0.38,38.46,0.38,0.04,0.35,0.38,0.77,0.38,0.38,0.77
b96b595c,49.25,58.62,84.0,997.25,354.38,18.62,20.0,93.1,21.25,24.25,87.6,8.25,12.38,8.34,0.12,0.14,-0.01,1.12,1.75,1.25,0.62,2.75
81442ecb,67.22,82.78,81.2,1298.33,496.67,23.89,25.56,93.5,35.56,37.5,94.8,7.5,17.78,11.72,0.28,0.28,0.0,3.06,7.5,1.94,1.94,5.28
2b09d998,43.44,53.75,80.8,667.19,255.94,25.0,27.19,92.0,14.69,18.44,79.7,2.81,5.94,14.81,0.0,0.25,-0.25,0.94,2.5,0.62,0.31,2.19
501055d8,8.33,11.67,71.4,163.33,58.33,5.0,6.67,75.0,1.67,1.67,100.0,1.67,3.33,83.33,0.0,0.0,0.0,0.0,1.67,0.0,0.0,1.67
f76e6b4e,22.0,35.0,62.9,773.0,531.0,5.0,6.0,83.3,2.0,2.0,100.0,13.0,25.0,52.0,0.0,0.0,0.0,0.0,1.0,0.0,0.0,0.0
288e1e13,57.42,64.52,89.0,1246.45,445.48,19.68,21.29,92.4,26.13,27.74,94.2,11.29,14.84,24.55,0.0,0.0,0.0,0.0,2.9,0.0,0.0,1.61
4d034881,10.0,14.12,70.8,97.65,32.94,7.65,10.0,76.5,1.18,2.35,50.0,0.0,0.0,,0.0,0.0,0.0,0.0,0.59,0.0,0.0,0.0
89ac64a6,74.29,80.43,92.4,1498.0,463.71,26.14,27.57,94.8,36.43,38.0,95.9,10.86,13.57,11.43,0.0,0.01,-0.01,0.43,6.86,0.14,0.0,3.57
414e1f69,30.0,35.0,85.7,490.0,60.0,15.0,17.5,85.7,10.0,12.5,80.0,2.5,2.5,250.0,0.0,0.0,0.0,0.0,2.5,0.0,0.0,0.0
eaeca114,62.5,69.0,90.6,1094.5,333.5,27.5,29.0,94.8,31.0,33.5,92.5,3.5,5.0,35.0,0.5,0.0,0.5,0.0,2.0,0.5,0.0,3.5
fdf4b948,23.75,29.69,80.0,395.94,78.75,12.81,15.0,85.4,7.5,9.69,77.4,2.19,3.12,21.88,0.0,0.0,0.0,0.0,2.19,0.0,0.0,2.19
05439de2,68.89,77.89,88.4,1452.0,393.33,20.44,21.44,95.3,37.56,40.67,92.3,10.44,14.33,8.1,0.11,0.09,0.02,0.89,6.33,1.0,0.22,5.33
4601e194,85.19,96.67,88.1,1323.15,457.59,50.56,54.26,93.2,29.07,32.96,88.2,5.0,7.78,11.91,0.37,0.31,0.06,2.41,5.74,3.33,0.74,9.63
5294a83f,51.7,65.66,78.7,902.64,363.4,24.15,27.17,88.9,21.32,25.66,83.1,5.47,10.75,9.6,0.19,0.4,-0.21,2.45,6.6,2.45,0.19,9.43
77e84962,61.6,70.4,87.5,1228.8,368.0,22.8,24.4,93.4,27.6,32.4,85.2,10.8,12.4,34.84,0.0,0.08,-0.08,0.8,8.8,1.6,0.0,11.6
d68cb24c,35.0,43.33,80.8,661.67,162.5,10.83,14.17,76.5,21.67,22.5,96.3,2.5,4.17,50.0,0.0,0.0,0.0,0.0,0.0,0.0,0.0,0.83
6c811eb7,108.57,113.57,95.6,1778.57,422.14,51.43,52.86,97.3,50.71,53.57,94.7,5.71,5.71,71.43,0.0,0.07,-0.07,2.14,14.29,2.14,0.0,8.57
cd1acf9d,56.46,79.24,71.2,1280.51,576.33,20.13,23.54,85.5,22.66,28.35,79.9,13.29,25.19,6.68,0.25,0.35,-0.1,2.15,6.58,2.66,0.51,8.23
edd38473,35.83,51.67,69.4,630.83,283.33,13.33,15.0,88.9,19.17,23.33,82.1,3.33,10.83,25.67,0.0,0.0,0.0,0.0,5.0,0.0,0.0,5.0
7a2e46a8,30.43,37.14,81.9,877.86,477.57,3.29,3.29,100.0,15.29,15.43,99.1,11.43,18.0,9.07,0.0,0.0,0.0,0.0,0.0,0.0,0.0,0.0
f4290206,45.0,51.5,87.4,808.5,316.5,23.5,25.0,94.0,16.5,20.0,82.5,5.0,5.5,45.45,0.0,0.05,-0.05,0.5,1.5,1.5,1.5,2.5
8ce30c57,38.46,46.92,82.0,709.62,169.23,15.77,18.46,85.4,18.08,21.15,85.5,4.23,5.38,30.23,0.0,0.0,0.0,0.38,5.77,0.0,0.0,3.85
8b3ab7ad,34.29,42.14,81.4,704.29,168.57,12.14,15.0,81.0,16.43,17.86,92.0,5.71,8.57,47.64,0.0,0.0,0.0,0.71,2.14,0.0,0.0,1.43
22721b88,45.4,54.8,82.8,804.6,195.4,21.4,23.8,89.9,18.4,21.2,86.8,5.0,7.8,12.82,0.0,0.04,-0.04,0.8,0.8,0.6,0.6,1.0
63e905bc,33.0,47.5,69.5,977.0,670.0,8.0,8.0,100.0,12.0,12.0,100.0,13.0,27.5,23.65,0.0,0.0,0.0,0.0,0.0,0.0,0.0,0.0
9f1893b9,24.29,27.14,89.5,372.86,60.0,12.86,14.29,90.0,7.14,7.14,100.0,2.86,2.86,142.86,0.0,0.0,0.0,1.43,0.0,1.43,0.0,1.43
0a721e85,21.05,30.0,70.2,348.95,97.89,10.53,13.68,76.9,8.95,10.0,89.5,1.58,5.79,14.37,0.0,0.21,-0.21,1.05,1.58,1.58,0.0,4.21
b5f66351,30.68,47.73,64.3,685.0,292.27,9.09,11.59,78.4,14.09,20.45,68.9,7.27,14.09,11.73,0.0,0.02,-0.02,0.45,3.86,0.91,0.45,3.64
4e3f5992,50.71,58.57,86.6,997.86,208.57,22.86,23.57,97.0,21.43,24.29,88.2,6.43,10.0,45.93,0.0,0.36,-0.36,0.71,4.29,0.0,0.0,4.29
30941e96,41.0,58.14,70.5,734.43,279.86,19.71,23.14,85.2,17.43,22.86,76.3,3.71,10.0,5.3,0.43,0.17,0.26,2.14,1.57,2.29,1.0,3.71
b105919e,44.44,50.0,88.9,628.89,211.11,25.56,27.78,92.0,17.78,18.89,94.1,1.11,1.11,111.11,0.0,0.33,-0.33,2.22,1.11,3.33,0.0,7.78
108fe016,50.74,58.15,87.3,884.44,173.7,24.07,25.93,92.9,19.63,21.85,89.8,5.56,8.52,24.15,0.0,0.04,-0.04,0.74,3.7,0.0,0.0,2.59
99127249,28.75,41.5,69.3,487.75,127.75,15.5,18.5,83.8,9.25,13.75,67.3,3.25,6.25,13.0,0.0,0.15,-0.15,1.5,1.5,1.5,0.5,3.25
c63f6e46,12.55,18.09,69.4,223.4,24.47,5.53,7.23,76.5,4.47,6.6,67.7,1.7,2.34,15.47,0.0,0.02,-0.02,0.43,0.85,0.21,0.21,0.43
2bef2bca,53.12,56.88,93.4,981.88,211.88,17.5,17.5,100.0,27.5,29.38,93.6,5.62,7.5,46.88,0.0,0.0,0.0,0.0,0.62,0.0,0.0,0.62
30643ce2,20.0,43.33,46.2,320.0,60.0,13.33,20.0,66.7,6.67,23.33,28.6,0.0,0.0,,0.0,0.33,-0.33,3.33,0.0,3.33,0.0,3.33
1394bf42,30.0,32.86,91.3,522.86,72.86,14.29,14.29,100.0,14.29,15.71,90.9,1.43,1.43,142.86,0.0,0.0,0.0,0.0,0.0,0.0,0.0,0.0
1e465e70,60.0,62.5,96.0,1102.5,217.5,22.5,25.0,90.0,30.0,30.0,100.0,5.0,5.0,250.0,0.0,0.0,0.0,0.0,0.0,2.5,2.5,5.0
28d596a0,22.0,25.0,88.0,456.0,160.0,3.0,3.0,100.0,19.0,19.0,100.0,0.0,3.0,0.0,0.0,0.0,0.0,0.0,0.0,0.0,0.0,0.0
45af8a54,37.39,47.1,79.4,637.83,93.19,20.43,23.04,88.7,12.17,15.22,80.0,4.2,6.67,9.13,0.0,0.03,-0.03,0.43,2.46,0.43,0.14,2.61
552e00b9,84.0,86.0,97.7,1300.0,302.0,38.0,38.0,100.0,42.0,42.0,100.0,0.0,2.0,0.0,0.0,0.0,0.0,0.0,8.0,0.0,0.0,4.0
10549b49,17.5,24.38,71.8,281.25,42.19,9.69,13.44,72.1,6.25,8.44,74.1,1.56,2.19,22.31,0.0,0.19,-0.19,1.88,0.62,0.31,0.31,0.94
53cad200,57.38,69.16,83.0,966.54,399.07,28.04,29.63,94.6,24.11,27.2,88.7,4.49,10.09,4.15,0.0,0.04,-0.04,0.65,4.3,0.47,0.19,3.74
8b683d09,19.44,25.0,77.8,325.83,43.06,10.28,12.22,84.1,6.67,8.61,77.4,1.94,3.06,17.67,0.28,0.11,0.17,0.56,1.11,0.28,0.0,0.83
60c07b31,43.33,50.48,85.8,911.43,289.05,14.76,15.71,93.9,21.43,22.38,95.7,7.14,11.9,28.57,0.0,0.0,0.0,0.0,0.0,0.0,0.0,0.48
6a2b9aee,7.5,17.5,42.9,75.0,12.5,2.5,10.0,25.0,2.5,5.0,50.0,0.0,0.0,,0.0,0.0,0.0,0.0,2.5,0.0,0.0,0.0
a8567629,35.22,41.96,83.9,486.09,145.43,24.35,25.65,94.9,8.04,10.0,80.4,1.74,3.26,11.59,0.0,0.0,0.0,0.22,1.3,0.0,0.0,1.3
7c3ed041,58.21,64.29,90.6,1272.14,318.21,16.07,16.79,95.7,29.64,31.79,93.3,11.79,14.64,28.75,0.0,0.0,0.0,0.0,0.71,0.0,0.0,1.07
ed33f42d,40.0,50.0,80.0,840.0,40.0,10.0,10.0,100.0,30.0,30.0,100.0,0.0,10.0,0.0,0.0,0.0,0.0,0.0,10.0,0.0,0.0,0.0
6928979a,42.03,55.93,75.2,767.12,279.49,19.66,23.39,84.1,16.1,20.17,79.8,5.42,8.98,10.24,0.17,0.07,0.1,0.85,5.59,3.05,0.51,8.47
a4e16ab4,30.0,37.14,80.8,508.57,81.43,12.86,15.71,81.8,14.29,17.14,83.3,1.43,1.43,142.86,0.0,0.0,0.0,0.0,1.43,0.0,0.0,0.0
8e7f49d3,47.64,56.0,85.1,951.45,251.45,17.82,20.55,86.7,20.0,22.36,89.4,8.36,10.36,14.67,0.0,0.0,0.0,0.18,3.64,0.36,0.0,2.36
75b86fb3,61.52,73.7,83.5,1315.22,328.04,19.13,21.52,88.9,30.0,31.3,95.8,11.96,18.26,14.24,0.22,0.02,0.2,0.43,7.17,0.87,0.22,5.0
c432ba7d,37.5,45.0,83.3,510.0,32.5,25.0,27.5,90.9,12.5,15.0,83.3,0.0,0.0,,0.0,0.5,-0.5,2.5,0.0,0.0,0.0,0.0
50dc94ce,54.84,60.97,89.9,817.42,175.48,32.9,36.45,90.3,19.03,20.97,90.8,1.94,2.58,24.19,0.0,0.06,-0.06,1.61,4.84,0.97,0.0,3.23
57d88cf9,38.95,46.71,83.4,667.5,118.29,18.03,21.18,85.1,15.39,17.5,88.0,3.95,5.39,9.63,0.13,0.11,0.03,0.79,3.82,0.66,0.0,3.55
bef0a7ac,11.03,14.48,76.2,215.86,43.45,4.83,5.52,87.5,2.07,3.1,66.7,2.41,3.45,24.14,0.0,0.0,0.0,0.69,0.34,0.34,0.34,1.03
fe888e39,20.0,30.0,66.7,370.0,15.0,5.0,10.0,50.0,15.0,20.0,75.0,0.0,0.0,,0.0,0.0,0.0,0.0,0.0,0.0,0.0,0.0
378825c7,36.6,48.4,75.6,631.6,248.4,16.8,19.2,87.5,16.2,20.0,81.0,3.2,6.8,9.42,0.0,0.02,-0.02,0.4,1.4,0.2,0.0,1.2
3b8674e6,62.5,71.15,87.8,1160.0,307.31,28.46,30.38,93.7,25.0,27.5,90.9,7.88,10.77,14.08,0.0,0.08,-0.08,1.54,7.12,0.58,0.19,7.5
70d74ece,33.44,38.49,86.9,516.77,89.68,19.03,21.83,87.2,10.43,11.18,93.3,2.69,3.12,9.27,0.0,0.19,-0.19,2.04,2.15,1.61,0.11,2.37
b39bf63f,15.61,21.93,71.2,228.07,34.74,9.65,12.63,76.4,4.74,6.67,71.1,0.7,1.75,7.02,0.0,0.02,-0.02,0.7,0.53,0.35,0.0,0.88
eb6e14be,17.69,24.04,73.6,249.04,100.0,10.58,14.04,75.3,4.62,6.35,72.7,1.15,1.35,16.48,0.19,0.35,-0.15,1.73,1.73,1.73,0.19,4.23
ee93c1a9,37.65,49.41,76.2,740.0,242.94,17.65,20.59,85.7,13.53,16.47,82.1,5.88,8.82,39.24,0.59,0.18,0.41,2.35,2.94,2.35,1.18,4.12
3cdfc63e,66.83,77.83,85.9,1594.17,502.17,14.0,15.83,88.4,37.17,38.17,97.4,15.0,22.33,11.2,0.0,0.02,-0.02,0.33,5.67,0.33,0.0,4.33
691bef82,56.52,67.83,83.3,1276.96,490.65,14.57,16.52,88.2,29.13,32.83,88.7,12.17,17.17,15.41,0.0,0.02,-0.02,0.43,3.91,0.65,0.0,3.91
2db2fd7b,66.03,75.52,87.4,1641.72,477.41,12.07,13.28,90.9,35.69,38.28,93.2,18.1,23.1,13.52,0.0,0.02,-0.02,0.17,6.55,0.52,0.17,5.86
9c2b4382,22.22,24.44,90.9,314.44,42.22,13.33,14.44,92.3,6.67,6.67,100.0,1.11,2.22,55.56,0.0,0.0,0.0,1.11,1.11,2.22,0.0,2.22
c603ad6a,41.95,52.93,79.3,640.49,264.88,24.15,28.05,86.1,14.88,17.32,85.9,1.95,4.88,9.76,0.0,0.07,-0.07,0.98,2.2,1.46,0.24,4.63
7713c72a,50.33,57.0,88.3,1182.0,312.33,10.17,10.83,93.8,27.5,29.0,94.8,12.33,16.67,12.33,0.0,0.0,0.0,0.0,0.5,0.0,0.0,0.83
52ec54d0,70.36,76.55,91.9,1657.09,613.27,14.91,15.64,95.3,40.36,42.18,95.7,14.55,18.18,14.55,0.0,0.0,0.0,0.0,6.0,0.73,0.0,4.36
2cb77ec6,41.72,52.41,79.6,714.48,244.83,18.97,22.41,84.6,20.69,24.48,84.5,2.07,4.83,14.79,0.0,0.0,0.0,0.69,3.1,0.34,0.0,4.14
1c07b06e,45.65,54.78,83.3,906.74,221.96,16.3,19.35,84.3,20.22,22.39,90.3,7.61,10.0,16.54,0.0,0.07,-0.07,0.22,5.0,0.87,0.0,5.0
f6798fc3,24.2,28.4,85.2,707.8,324.4,3.2,3.2,100.0,12.0,12.0,100.0,8.8,13.0,13.54,0.0,0.0,0.0,0.0,0.2,0.0,0.0,0.0
20e73fac,49.51,61.95,79.9,1063.17,242.44,19.27,20.73,92.9,18.78,20.0,93.9,11.22,19.02,14.39,0.24,0.2,0.05,2.93,4.63,1.46,0.24,3.41
1e064bfb,33.0,40.0,82.5,795.0,375.0,9.0,10.0,90.0,17.0,17.0,100.0,7.0,13.0,53.8,0.0,0.0,0.0,0.0,0.0,0.0,0.0,0.0
fd771f95,14.62,18.85,77.6,170.0,18.85,10.77,12.69,84.8,2.69,4.23,63.6,0.38,0.38,38.46,0.38,0.08,0.31,0.38,0.0,0.77,0.0,1.15
a167537f,63.75,73.75,86.4,1190.42,208.75,33.33,37.5,88.9,19.17,20.0,95.8,10.83,13.33,33.88,0.0,0.12,-0.12,2.5,3.75,1.67,0.0,4.17
4c184730,24.0,28.0,85.7,236.0,12.0,16.0,18.0,88.9,4.0,4.0,100.0,0.0,0.0,,0.0,0.2,-0.2,2.0,0.0,0.0,0.0,0.0
33b8d077,73.9,88.54,83.5,1657.56,398.78,19.76,21.71,91.0,38.05,41.71,91.2,14.88,20.98,17.29,0.24,0.17,0.07,2.2,8.54,0.49,0.0,5.12
5caa62a7,47.14,60.0,78.6,732.86,135.71,30.0,31.43,95.5,15.71,18.57,84.6,1.43,2.86,71.43,0.0,0.0,0.0,0.0,0.0,0.0,0.0,1.43
e40d028b,24.0,28.0,85.7,711.0,495.0,5.0,5.0,100.0,9.0,9.0,100.0,9.0,13.0,69.2,0.0,0.0,0.0,0.0,0.0,0.0,0.0,0.0
9d12e142,26.5,33.75,78.5,681.75,373.75,5.25,5.25,100.0,14.25,14.25,100.0,6.75,14.0,12.05,0.0,0.0,0.0,0.0,0.25,0.0,0.0,0.0
eb2b33aa,21.25,29.0,73.3,668.75,396.75,2.5,2.5,100.0,10.5,11.0,95.5,8.25,15.5,13.3,0.0,0.0,0.0,0.0,0.0,0.0,0.0,0.0
5ab0ea87,89.19,95.68,93.2,1615.14,369.46,37.3,39.46,94.5,39.46,42.97,91.8,10.27,11.08,25.05,0.0,0.05,-0.05,1.08,10.27,0.81,0.0,6.22
b8814868,20.0,23.42,85.4,334.74,87.63,9.74,10.53,92.5,8.16,9.47,86.1,1.58,1.84,22.55,0.0,0.16,-0.16,1.32,2.37,0.53,0.0,2.89
148e136f,39.29,46.43,84.6,561.07,106.07,21.43,22.5,95.2,12.14,13.93,87.2,2.86,5.36,19.04,0.0,0.29,-0.29,1.43,1.79,2.5,0.0,4.64
038aa94a,20.0,23.33,85.7,266.67,90.0,10.0,10.0,100.0,10.0,13.33,75.0,0.0,0.0,,0.0,0.0,0.0,0.0,0.0,0.0,0.0,0.0
93b891d1,28.0,34.0,82.4,370.67,43.33,16.67,18.67,89.3,7.33,8.67,84.6,1.33,2.67,33.33,0.0,0.07,-0.07,1.33,1.33,1.33,0.0,2.0
928a4a61,23.61,31.67,74.6,403.06,90.0,10.28,12.78,80.4,11.11,13.06,85.1,1.67,3.33,13.89,0.28,0.06,0.22,0.56,2.5,0.28,0.0,2.22
ac7e640b,50.0,60.0,83.3,880.0,290.0,20.0,20.0,100.0,20.0,30.0,66.7,10.0,10.0,1000.0,0.0,0.0,0.0,0.0,0.0,0.0,0.0,0.0
94f8d10c,56.75,64.5,88.0,1236.0,435.0,17.0,19.25,88.3,28.75,30.0,95.8,10.75,15.0,17.92,0.0,0.02,-0.02,0.25,4.5,0.5,0.25,2.25
489e80e3,44.13,56.09,78.7,883.26,250.0,14.57,17.61,82.7,21.52,25.65,83.9,6.74,10.43,14.04,0.0,0.0,0.0,0.22,5.43,0.87,0.0,4.57
13ea2544,37.19,48.44,76.8,664.69,160.0,17.5,20.31,86.2,15.31,19.06,80.3,4.06,7.19,17.66,0.0,0.0,0.0,0.31,0.94,0.31,0.31,0.31
7b9c2d84,44.17,48.06,91.9,819.72,148.33,16.67,18.33,90.9,20.28,21.67,93.6,6.39,6.94,25.56,0.0,0.14,-0.14,1.94,4.17,0.83,0.0,3.33
873619c6,0.0,0.0,,0.0,0.0,0.0,0.0,,0.0,0.0,,0.0,0.0,,0.0,0.0,0.0,0.0,0.0,0.0,0.0,0.0
a65ce836,32.5,38.65,84.1,715.58,205.58,10.38,12.12,85.7,14.42,15.58,92.6,6.92,10.0,13.31,0.0,0.02,-0.02,0.19,3.08,0.19,0.0,1.35
bd6351cd,79.85,92.09,86.7,1377.31,332.84,40.9,45.22,90.4,30.6,34.33,89.1,7.61,10.15,11.19,0.15,0.12,0.03,0.9,6.57,2.09,0.6,5.37
b4a014b1,67.88,76.25,89.0,1527.75,419.88,17.62,19.0,92.8,35.0,36.5,95.9,14.75,19.88,9.28,0.0,0.0,0.0,0.12,3.75,0.0,0.0,1.75
de39485a,31.43,42.38,74.2,462.62,159.29,20.71,25.24,82.1,7.86,10.24,76.7,2.14,5.24,9.74,0.24,0.07,0.17,1.43,1.43,1.43,0.0,3.81
4958bfb2,68.33,78.33,87.2,1218.33,415.0,32.78,37.78,86.8,28.89,30.56,94.5,6.67,7.78,47.61,0.0,0.06,-0.06,1.11,2.78,1.11,0.56,2.22
4d224fe8,59.13,68.91,85.8,1157.39,277.93,22.61,25.11,90.0,26.2,28.8,90.9,8.8,12.28,7.79,0.11,0.04,0.07,0.43,4.35,0.33,0.0,3.04
ba3d3bea,56.0,65.0,86.2,969.0,343.0,27.0,28.0,96.4,25.0,30.0,83.3,4.0,5.0,80.0,0.0,0.2,-0.2,1.0,6.0,0.0,0.0,5.0
527f063d,22.17,25.65,86.4,313.91,20.87,11.74,12.61,93.1,8.7,9.57,90.9,0.43,0.87,21.74,0.0,0.09,-0.09,0.87,0.43,0.0,0.0,0.43
10fe831e,32.2,37.2,86.6,737.2,237.4,7.2,8.0,90.0,18.0,20.2,89.1,6.8,8.8,15.46,0.0,0.0,0.0,0.2,1.0,0.0,0.0,1.6
5b54bf3b,25.38,34.62,73.3,442.31,77.69,14.62,16.92,86.4,5.38,8.46,63.6,4.62,6.92,51.31,0.0,0.08,-0.08,0.77,2.31,0.0,0.0,0.77
15975a3c,21.56,34.69,62.2,365.94,177.81,10.94,13.75,79.5,9.38,14.69,63.8,1.25,5.0,7.81,0.0,0.03,-0.03,0.31,1.56,0.62,0.31,2.5
e85fb9b8,94.38,103.75,91.0,2223.12,614.38,16.25,17.5,92.9,61.88,63.75,97.1,15.62,21.88,44.62,0.0,0.0,0.0,0.62,4.38,0.0,0.0,7.5
b0f7e36c,25.08,35.57,70.5,436.72,117.7,12.79,15.08,84.8,9.67,12.46,77.6,2.46,6.07,6.64,0.16,0.18,-0.02,0.98,0.82,1.8,0.66,3.77
d2424d1b,45.12,60.23,74.9,750.7,302.67,23.02,25.12,91.7,18.14,23.26,78.0,3.49,9.19,4.42,0.0,0.13,-0.13,0.93,1.74,0.93,0.23,3.26
1cb49278,54.39,60.45,90.0,1129.39,336.21,18.33,19.39,94.5,26.82,28.94,92.7,8.79,11.21,11.88,0.0,0.0,0.0,0.0,3.03,0.0,0.0,2.12
5fcb90ac,32.86,40.0,82.1,681.43,350.0,15.71,15.71,100.0,10.0,12.86,77.8,7.14,11.43,89.29,0.0,0.0,0.0,0.0,2.86,0.0,0.0,4.29
b3a712de,24.38,32.19,75.7,361.56,111.56,12.5,15.94,78.4,9.06,10.94,82.9,1.56,3.12,15.62,0.31,0.22,0.09,1.88,0.62,1.88,0.0,3.12
d5dafedb,43.0,58.0,74.1,889.0,212.0,16.0,20.0,80.0,22.0,25.0,88.0,5.0,13.0,38.5,0.0,0.0,0.0,1.0,5.0,2.0,0.0,4.0
042e8a49,31.0,40.67,76.2,526.33,93.33,16.67,19.83,84.0,10.33,13.17,78.5,3.33,4.67,11.9,0.5,0.17,0.33,1.67,1.0,1.0,0.33,1.67
5ef3d210,40.0,50.0,80.0,370.0,20.0,40.0,40.0,100.0,0.0,0.0,,0.0,0.0,,0.0,0.0,0.0,0.0,0.0,0.0,0.0,0.0
0331786b,35.65,53.04,67.2,913.04,412.17,6.52,9.13,71.4,17.39,26.52,65.6,11.74,16.52,30.91,0.0,0.13,-0.13,1.3,2.61,0.43,0.43,4.35
6ceef869,29.78,39.78,74.9,829.78,380.0,4.44,4.89,90.9,14.0,16.0,87.5,11.11,18.67,13.22,0.0,0.0,0.0,0.0,2.67,0.44,0.22,4.22
fb938d24,23.57,31.67,74.4,373.21,111.07,12.62,14.4,87.6,7.5,10.24,73.3,2.26,4.17,6.46,0.24,0.2,0.04,0.95,0.95,1.07,0.36,1.79
01eb744d,28.15,37.96,74.1,424.26,84.63,13.89,18.33,75.8,9.81,11.67,84.1,2.59,3.7,12.96,0.37,0.39,-0.02,2.22,1.3,1.3,0.56,1.85
45b9b619,25.0,31.35,79.7,396.89,84.59,13.51,16.62,81.3,7.97,9.32,85.5,2.03,3.11,8.81,0.27,0.2,0.07,1.35,1.76,1.08,0.0,2.7
93fffbcf,21.0,45.0,46.7,680.0,425.0,2.0,2.0,100.0,12.0,12.0,100.0,7.0,31.0,22.6,0.0,0.0,0.0,0.0,0.0,0.0,0.0,0.0
4fa7cb9b,39.62,50.77,78.0,620.38,110.77,22.31,24.23,92.1,11.15,14.23,78.4,3.85,7.69,19.23,0.38,0.08,0.31,1.15,2.69,0.77,0.0,2.31
1840e36d,30.0,37.25,80.5,801.75,375.58,4.5,4.5,100.0,16.75,16.92,99.0,8.58,15.67,4.57,0.0,0.0,0.0,0.0,0.42,0.08,0.0,0.0
0ef89a37,65.33,80.0,81.7,1067.33,190.0,36.0,40.67,88.5,23.33,30.0,77.8,4.67,8.0,38.87,0.0,0.07,-0.07,1.33,7.33,2.67,0.0,5.33
06f33dc8,18.89,23.7,79.7,322.59,32.96,11.11,12.96,85.7,4.81,5.93,81.3,2.59,3.33,28.81,0.0,0.11,-0.11,1.48,1.48,0.0,0.0,1.48
0ab1f153,62.95,77.21,81.5,1288.85,384.1,22.79,25.74,88.5,29.51,33.44,88.2,10.16,15.74,10.59,0.98,0.49,0.49,4.26,3.11,3.44,1.97,6.39
5722eced,49.23,60.38,81.5,813.46,180.38,23.85,25.38,93.9,17.69,21.15,83.6,4.62,9.23,19.23,0.0,0.04,-0.04,0.38,5.77,0.0,0.0,3.85
4c14af32,10.0,13.33,75.0,266.67,0.0,3.33,3.33,100.0,3.33,3.33,100.0,3.33,3.33,333.33,0.0,0.0,0.0,0.0,0.0,0.0,0.0,0.0
44eb9093,61.18,70.0,87.4,1136.76,328.53,26.47,30.0,88.2,27.35,29.41,93.0,7.35,9.12,23.71,0.0,0.03,-0.03,0.59,2.65,0.59,0.29,2.94
1ec7e1c5,49.31,56.72,86.9,1173.1,359.31,11.72,12.93,90.7,24.31,26.21,92.8,13.1,17.41,12.97,0.0,0.0,0.0,0.17,4.66,0.0,0.0,2.07
29c02c9f,26.8,32.8,81.7,348.8,191.2,19.2,21.2,90.6,6.8,7.6,89.5,0.4,1.6,10.0,0.0,0.0,0.0,0.0,0.4,0.4,0.0,1.6
db4ed67b,51.48,58.15,88.5,1004.44,234.63,20.74,22.78,91.1,21.67,23.15,93.6,8.15,9.63,15.67,0.0,0.11,-0.11,0.74,4.81,1.48,0.0,5.74
ca45605e,14.35,22.61,63.5,230.0,35.65,6.96,10.87,64.0,4.78,6.52,73.3,1.3,3.48,16.3,0.43,0.09,0.35,1.3,0.43,0.0,0.0,0.87
94b2001f,68.73,77.78,88.4,1416.19,404.29,20.79,22.54,92.3,36.83,39.84,92.4,10.32,14.29,11.46,0.0,0.0,0.0,0.16,7.3,0.48,0.0,4.76
96e0490d,40.53,52.11,77.8,740.53,237.89,18.42,21.05,87.5,16.32,16.84,96.9,5.26,9.47,29.26,0.0,0.16,-0.16,2.11,2.11,2.11,1.58,4.74
d781d855,75.56,84.72,89.2,1248.89,398.89,35.83,37.5,95.6,34.44,38.89,88.6,4.72,6.11,21.47,0.0,0.11,-0.11,0.56,9.17,2.5,0.83,7.78
e46012d4,48.24,62.3,77.4,894.32,210.41,23.11,25.81,89.5,18.51,23.11,80.1,6.35,11.22,7.65,0.54,0.41,0.14,1.89,4.73,2.3,0.27,6.49
2ef7c612,27.45,37.25,73.7,404.51,113.53,16.08,19.41,82.8,8.04,11.76,68.3,1.96,2.75,14.0,0.0,0.02,-0.02,0.39,1.18,0.98,0.2,2.35
4b77bb89,50.0,50.0,100.0,685.0,120.0,30.0,30.0,100.0,20.0,20.0,100.0,0.0,0.0,,0.0,0.5,-0.5,10.0,5.0,0.0,0.0,5.0
0be95d34,30.0,39.33,76.3,509.33,120.0,14.0,17.33,80.8,12.67,14.67,86.4,2.0,3.33,40.0,0.0,0.07,-0.07,0.67,2.67,0.67,0.0,2.67
fe641c1a,49.38,56.04,88.1,942.08,207.92,22.92,23.96,95.7,20.21,22.92,88.2,6.25,8.54,15.25,0.0,0.0,0.0,0.21,5.21,0.83,0.0,3.54
6b6cbca4,59.43,68.0,87.4,1306.86,316.29,18.86,19.43,97.1,28.0,30.29,92.5,11.71,17.43,19.2,0.0,0.0,0.0,0.0,4.57,0.29,0.0,2.57
e7986081,14.0,22.0,63.6,176.0,70.0,10.0,16.0,62.5,2.0,4.0,50.0,0.0,0.0,,0.0,0.0,0.0,0.0,2.0,2.0,0.0,4.0
b19db005,38.57,48.33,79.8,602.62,135.24,22.86,26.67,85.7,12.38,15.71,78.8,2.14,3.33,15.31,0.48,0.29,0.19,1.67,2.14,1.67,0.71,3.1
e3cceee6,71.14,77.27,92.1,1242.5,427.27,28.86,30.68,94.1,34.77,36.82,94.4,6.14,7.73,18.05,0.0,0.0,0.0,0.0,3.86,0.23,0.0,3.86
2c44a35d,21.58,30.26,71.3,275.26,69.47,14.21,16.84,84.4,4.47,7.63,58.6,1.05,1.84,15.03,0.26,0.21,0.05,1.05,0.79,1.32,0.0,2.37
85686f86,20.56,22.78,90.2,361.67,54.44,8.33,10.0,83.3,7.22,7.78,92.9,2.78,2.78,55.56,0.0,0.11,-0.11,0.56,1.11,0.0,0.0,1.11
d97f2e8d,50.0,80.0,62.5,570.0,210.0,50.0,60.0,83.3,0.0,10.0,0.0,0.0,10.0,0.0,0.0,0.0,0.0,0.0,10.0,0.0,0.0,0.0
5976f83e,61.54,69.08,89.1,867.38,236.92,38.62,41.54,93.0,19.54,21.54,90.7,1.85,3.38,8.38,0.0,0.2,-0.2,1.08,3.38,1.08,0.31,3.69
19cda00b,33.38,46.88,71.2,597.66,203.77,16.62,19.09,87.1,10.0,13.25,75.5,5.45,11.04,6.42,0.52,0.26,0.26,1.43,3.25,1.95,0.65,3.77
fc62f087,42.14,50.89,82.8,697.32,296.96,21.07,23.04,91.5,17.14,20.18,85.0,3.21,6.07,9.45,0.18,0.12,0.05,0.36,1.25,0.18,0.0,1.43
9dc96f10,23.33,33.33,70.0,326.67,173.33,20.0,30.0,66.7,3.33,3.33,100.0,0.0,0.0,,0.0,0.33,-0.33,3.33,0.0,6.67,0.0,10.0
31c69ef1,78.8,83.06,94.9,1664.26,486.48,21.3,22.04,96.6,44.91,46.39,96.8,12.22,13.98,8.09,0.0,0.0,0.0,0.09,5.46,0.0,0.0,4.07
8104e41e,32.61,45.0,72.5,585.65,174.78,17.39,21.52,80.8,10.0,15.0,66.7,4.13,6.3,14.24,0.0,0.11,-0.11,0.65,2.61,1.74,0.43,4.35
4a1a9578,18.6,23.6,78.8,340.0,54.0,9.4,11.2,83.9,5.6,7.6,73.7,2.8,3.4,16.48,0.0,0.04,-0.04,0.6,1.6,0.2,0.0,1.6
4030c7ae,31.5,39.67,79.4,891.33,442.5,5.5,5.67,97.1,14.33,14.33,100.0,11.5,19.5,9.83,0.0,0.0,0.0,0.0,0.17,0.0,0.0,0.17
6eee05f1,42.12,52.0,81.0,702.38,313.38,19.75,21.62,91.3,18.38,21.75,84.5,3.0,5.75,6.52,0.0,0.02,-0.02,0.38,3.0,0.25,0.12,3.0
b5f7d10b,45.83,54.67,83.8,788.33,209.33,18.83,21.17,89.0,22.17,25.83,85.8,2.67,3.17,14.03,0.0,0.03,-0.03,0.5,1.0,0.33,0.33,2.33
fffea3e5,27.33,35.56,76.9,484.67,109.78,13.11,15.56,84.3,11.11,14.0,79.4,2.67,3.11,19.04,0.0,0.31,-0.31,2.67,0.44,3.33,1.56,3.11
5526deb1,10.0,10.0,100.0,300.0,0.0,0.0,0.0,,10.0,10.0,100.0,0.0,0.0,,0.0,0.0,0.0,0.0,0.0,0.0,0.0,0.0
8954fddc,28.57,41.43,69.0,498.57,172.86,17.14,22.86,75.0,10.0,11.43,87.5,1.43,4.29,47.57,0.0,0.0,0.0,0.0,0.0,0.0,0.0,1.43
620922ed,125.0,130.0,96.2,2485.0,610.0,35.0,35.0,100.0,70.0,75.0,93.3,20.0,20.0,500.0,0.0,0.0,0.0,0.0,10.0,0.0,0.0,0.0
1a992676,29.0,35.67,81.3,459.33,173.0,16.67,19.33,86.2,10.33,12.0,86.1,1.67,2.67,20.83,0.33,0.1,0.23,1.0,1.67,0.67,0.0,3.0
c6486b01,19.27,27.45,70.2,368.18,129.45,9.27,11.09,83.6,6.36,8.91,71.4,2.91,6.18,8.56,0.0,0.04,-0.04,0.73,0.73,1.64,0.0,3.27
60e86875,34.52,43.55,79.3,613.23,119.68,16.77,19.03,88.1,9.68,12.26,78.9,6.13,9.35,21.13,0.0,0.06,-0.06,1.29,1.29,0.32,0.32,0.65
37e103f8,30.0,30.0,100.0,445.0,0.0,15.0,15.0,100.0,15.0,15.0,100.0,0.0,0.0,,0.0,0.0,0.0,0.0,0.0,0.0,0.0,0.0
303636d2,67.56,79.27,85.2,1501.22,441.22,16.59,17.8,93.2,36.1,39.27,91.9,14.63,21.46,16.63,0.0,0.0,0.0,0.24,1.95,0.24,0.0,3.66
e0921a4f,45.42,52.5,86.5,734.17,105.83,23.75,25.0,95.0,17.08,19.17,89.1,4.17,5.83,29.75,0.0,0.08,-0.08,1.25,2.5,0.42,0.0,2.08
448a3608,24.47,40.53,60.4,341.32,87.37,17.11,25.26,67.7,6.32,11.05,57.1,1.05,1.84,15.03,0.26,0.26,0.0,1.84,2.11,1.05,0.0,2.11
f0fc9d0e,15.36,22.86,67.2,223.93,23.57,10.0,12.14,82.4,4.29,7.5,57.1,0.71,1.43,17.86,0.0,0.14,-0.14,0.71,0.36,0.36,0.0,1.07
3bb7b8b4,23.25,27.42,84.8,612.58,352.17,4.25,4.33,98.1,13.08,13.17,99.4,5.92,9.92,4.98,0.0,0.0,0.0,0.0,0.25,0.0,0.0,0.08
73d6a176,26.0,34.0,76.5,413.0,128.0,12.0,13.0,92.3,10.0,14.0,71.4,3.0,3.0,100.0,0.0,0.4,-0.4,1.0,2.0,1.0,0.0,4.0
48035304,53.19,56.52,94.1,1020.87,228.7,17.83,18.84,94.6,28.99,29.86,97.1,5.8,6.96,12.07,0.0,0.0,0.0,0.0,0.58,0.0,0.0,1.01
0b4f388a,21.52,25.76,83.5,309.09,34.24,11.52,13.64,84.4,8.18,8.79,93.1,0.61,1.21,15.15,0.0,0.06,-0.06,0.91,0.3,0.0,0.0,0.61
04e17fd5,10.47,14.65,71.4,150.0,24.88,5.81,7.21,80.6,3.26,5.12,63.6,0.7,0.93,17.44,0.0,0.07,-0.07,0.93,0.0,0.47,0.23,0.7
58dda688,37.33,46.22,80.8,859.56,268.22,7.56,8.89,85.0,21.56,25.56,84.3,8.0,11.56,15.38,0.0,0.0,0.0,0.0,1.78,0.0,0.0,2.0
980522ec,48.18,60.0,80.3,835.45,243.64,23.64,26.36,89.7,19.09,20.91,91.3,4.55,9.09,45.45,0.0,0.45,-0.45,1.82,5.45,1.82,0.91,7.27
1c78737d,17.33,23.0,75.4,230.33,60.67,9.33,11.33,82.4,5.67,7.0,81.0,0.33,1.67,6.67,0.0,0.03,-0.03,0.67,1.33,0.0,0.0,1.0
3f79a1c8,50.62,56.88,89.0,841.88,179.38,24.38,25.62,95.1,20.62,22.5,91.7,3.75,5.62,41.69,0.0,0.0,0.0,0.0,2.5,0.0,0.0,2.5
b0616e3d,59.0,72.5,81.4,1018.5,295.5,28.0,31.5,88.9,27.5,31.5,87.3,3.5,7.0,25.0,0.0,0.0,0.0,0.0,3.5,0.0,0.0,2.0
4352d221,38.82,54.12,71.7,858.24,303.53,11.76,15.29,76.9,17.65,21.18,83.3,8.82,16.47,31.53,0.0,0.18,-0.18,2.94,2.35,1.18,0.59,5.29
6f3cc2fe,16.67,20.0,83.3,177.78,44.44,13.33,14.44,92.3,2.22,3.33,66.7,0.0,0.0,,0.0,0.0,0.0,0.0,0.0,0.0,0.0,1.11
7f3b388c,58.71,65.81,89.2,1219.19,357.1,19.03,20.65,92.2,29.35,31.13,94.3,9.68,13.23,11.81,0.0,0.06,-0.06,0.32,4.68,0.32,0.0,4.03
b7a5bc86,26.05,39.47,66.0,426.05,107.89,13.16,17.37,75.8,9.47,12.63,75.0,2.63,5.26,13.16,0.0,0.0,0.0,0.0,0.79,0.53,0.53,2.11
0ba976e4,55.56,61.67,90.1,691.67,116.67,39.44,42.78,92.2,14.44,15.56,92.9,0.56,0.56,55.56,1.11,0.33,0.78,3.89,2.22,0.0,0.0,1.67
51a3c4c8,19.07,26.51,71.9,439.53,142.33,5.58,7.44,75.0,8.14,10.23,79.5,5.12,8.6,13.84,0.0,0.0,0.0,0.0,0.7,0.0,0.0,1.16
15d0c248,46.0,49.5,92.9,1038.5,336.5,13.0,13.5,96.3,23.0,24.0,95.8,9.5,11.0,43.2,0.0,0.0,0.0,0.0,2.0,0.0,0.0,3.5
8aafd64f,27.56,37.31,73.9,397.95,133.85,15.77,19.1,82.6,8.33,11.54,72.2,1.67,3.21,6.67,0.0,0.08,-0.08,0.64,3.46,1.54,0.0,4.49
507c7bdf,46.12,66.94,68.9,877.35,317.76,20.61,26.33,78.3,16.73,21.22,78.8,6.94,13.88,10.2,0.2,0.43,-0.22,2.86,5.51,3.67,0.41,7.35
f76fdcd2,70.0,75.0,93.3,1075.0,165.0,25.0,30.0,83.3,40.0,40.0,100.0,0.0,0.0,,0.0,0.0,0.0,0.0,5.0,0.0,0.0,0.0
e08647d6,20.0,30.0,66.7,480.0,80.0,10.0,10.0,100.0,0.0,10.0,0.0,10.0,10.0,1000.0,0.0,0.0,0.0,0.0,0.0,0.0,0.0,0.0
101da2b5,61.58,69.47,88.6,1158.42,343.95,25.0,27.11,92.2,28.95,31.05,93.2,7.37,10.53,18.42,0.0,0.11,-0.11,1.32,8.68,1.58,0.0,9.47
41f32541,51.09,56.18,90.9,1038.0,201.64,18.73,20.36,92.0,24.91,25.64,97.2,7.27,8.91,14.84,0.18,0.02,0.16,0.36,3.27,0.18,0.0,4.0
d9d43555,32.5,35.0,92.9,497.5,125.0,17.5,17.5,100.0,15.0,17.5,85.7,0.0,0.0,,0.0,0.0,0.0,0.0,0.0,0.0,0.0,0.0
4c370d81,33.51,42.97,78.0,497.03,114.86,19.46,22.7,85.7,11.35,14.05,80.8,1.62,3.24,13.51,0.0,0.22,-0.22,1.62,2.43,1.35,0.0,3.24
24f59bb2,73.1,79.31,92.2,1074.14,298.28,42.07,43.1,97.6,27.24,30.0,90.8,2.41,3.45,24.14,0.0,0.0,0.0,0.34,5.17,0.34,0.0,3.79
e288d4b3,38.44,48.56,79.2,675.22,244.67,18.56,20.22,91.8,14.67,17.44,84.1,4.33,8.0,6.02,0.0,0.13,-0.13,0.89,2.56,0.78,0.56,3.56
ed1e53f3,42.12,51.19,82.3,646.02,113.05,25.34,27.54,92.0,13.47,16.53,81.5,2.46,4.75,4.39,0.25,0.21,0.04,1.44,1.36,1.44,0.08,2.63
9a2e0ccc,26.47,31.18,84.9,430.39,100.39,15.29,16.86,90.7,8.24,9.8,84.0,2.75,3.33,16.16,0.2,0.08,0.12,1.37,2.55,0.78,0.0,2.94
715e5b0e,41.25,54.69,75.4,715.0,158.75,20.31,24.38,83.3,16.25,18.12,89.7,4.38,10.62,12.88,0.0,0.25,-0.25,2.19,1.88,1.25,0.0,3.12
a9142dc3,60.0,63.33,94.7,1143.33,406.67,33.33,33.33,100.0,20.0,23.33,85.7,6.67,6.67,333.33,0.0,0.0,0.0,0.0,10.0,3.33,0.0,6.67
d80b1835,35.0,50.0,70.0,610.0,265.0,15.0,20.0,75.0,20.0,30.0,66.7,0.0,0.0,,0.0,0.5,-0.5,5.0,0.0,5.0,5.0,0.0
f620b04f,21.36,30.0,71.2,280.0,44.55,13.64,17.27,78.9,5.45,8.18,66.7,0.45,0.45,45.45,0.45,0.14,0.32,0.91,0.91,0.0,0.0,0.91
b853e0ad,49.21,55.53,88.6,888.68,256.84,19.74,21.84,90.4,22.37,24.74,90.4,5.26,6.05,22.89,0.0,0.0,0.0,0.26,5.0,0.79,0.0,4.21
98d2c2c4,51.72,60.17,86.0,914.31,288.1,22.07,23.79,92.8,24.14,26.72,90.3,4.83,8.1,10.28,0.17,0.22,-0.05,1.72,2.59,0.86,0.17,5.0
1c90cd29,42.5,47.5,89.5,994.5,189.0,8.5,10.0,85.0,24.5,25.5,96.1,9.0,11.5,39.15,0.0,0.0,0.0,0.0,0.5,0.0,0.0,0.5
ce30bfc8,37.14,43.57,85.2,589.29,136.79,16.43,18.21,90.2,14.64,16.79,87.2,3.21,3.93,29.21,0.36,0.04,0.32,0.71,2.14,0.36,0.0,1.79
72c812f3,41.48,47.22,87.8,657.22,165.74,22.41,24.26,92.4,14.26,15.37,92.8,3.15,4.63,12.59,0.0,0.04,-0.04,0.37,2.41,0.0,0.0,1.48
2bed3eab,96.09,102.61,93.6,2204.78,568.26,20.87,23.04,90.6,53.91,54.78,98.4,20.87,23.91,37.96,0.0,0.0,0.0,0.0,9.13,0.43,0.0,5.65
ecb68eea,39.29,49.52,79.3,713.57,202.14,16.43,20.0,82.1,18.1,20.71,87.4,4.29,7.62,13.4,0.0,0.07,-0.07,0.95,1.67,1.67,0.24,4.52
6be41a31,20.91,28.18,74.2,272.73,78.18,15.45,16.36,94.4,5.45,6.36,85.7,0.0,0.91,0.0,0.0,0.0,0.0,0.0,0.0,1.82,0.0,2.73
7ba6d84e,19.0,25.6,74.2,576.4,346.6,4.0,4.0,100.0,6.6,6.8,97.1,7.6,14.0,10.86,0.0,0.0,0.0,0.0,0.4,0.0,0.0,0.0
ea0ff634,17.27,21.82,79.2,237.27,32.27,9.55,10.91,87.5,5.45,7.73,70.6,0.91,1.82,22.73,0.0,0.05,-0.05,0.91,0.45,0.0,0.0,0.0
df10e27c,73.64,82.73,89.0,1380.91,198.18,26.36,30.0,87.9,37.27,40.0,93.2,8.18,10.0,74.36,0.0,0.09,-0.09,1.82,7.27,0.0,0.0,4.55
f521b80a,46.25,56.38,82.0,955.62,296.12,15.75,16.75,94.0,23.75,26.12,90.9,6.75,13.12,6.42,0.0,0.01,-0.01,0.25,2.5,0.25,0.0,2.5
16ceb862,20.0,25.17,79.5,227.93,28.97,11.03,12.41,88.9,5.52,7.59,72.7,0.34,0.69,17.24,0.0,0.03,-0.03,0.34,0.69,0.69,0.0,0.69
88e357ef,29.25,37.25,78.5,475.25,110.0,15.75,18.75,84.0,10.0,12.75,78.4,2.75,4.0,17.2,0.25,0.32,-0.08,1.5,0.75,1.0,0.25,2.0
f0f7f62f,19.33,28.33,68.2,934.0,653.67,1.33,1.33,100.0,2.67,2.67,100.0,15.33,24.33,21.0,0.0,0.0,0.0,0.0,0.33,0.0,0.0,0.0
d9b9b71a,33.33,46.0,72.5,587.33,206.67,16.0,18.0,88.9,13.33,20.67,64.5,3.33,6.0,37.07,0.67,0.0,0.67,0.67,1.33,1.33,0.67,2.0
7a11550b,62.0,73.33,84.5,1390.67,352.33,14.67,16.67,88.0,33.67,35.33,95.3,13.33,20.67,21.5,0.33,0.03,0.3,0.33,2.0,0.33,0.0,2.33
6e4df551,48.0,63.0,76.2,956.0,198.0,19.0,24.0,79.2,18.0,26.0,69.2,9.0,11.0,81.8,0.0,0.2,-0.2,3.0,5.0,1.0,0.0,3.0
6e4df551,41.2,53.4,77.2,820.0,282.0,17.6,19.4,90.7,15.4,18.0,85.6,7.2,13.8,10.44,0.4,0.34,0.06,3.0,5.2,2.4,0.8,6.2
bc6f5f06,57.27,65.0,88.1,1281.36,370.45,10.91,11.82,92.3,38.18,40.91,93.3,8.18,12.27,30.32,0.0,0.0,0.0,0.0,2.27,0.0,0.0,1.82
cecbce23,26.0,37.75,68.9,806.75,498.75,4.25,4.25,100.0,12.25,12.5,98.0,9.5,21.0,11.3,0.0,0.0,0.0,0.0,0.25,0.0,0.0,0.0
42dcf26d,55.5,62.67,88.6,1182.83,355.83,15.0,15.83,94.7,28.67,31.0,92.5,11.0,14.83,12.37,0.0,0.0,0.0,0.17,1.5,0.17,0.0,2.33
cc86b9a3,50.83,57.29,88.7,928.54,180.42,22.92,24.38,94.0,20.21,22.08,91.5,7.08,8.96,16.48,0.42,0.15,0.27,0.83,5.42,0.83,0.0,3.33
8b3d765f,21.0,36.0,58.3,828.0,619.0,4.5,4.5,100.0,4.5,4.5,100.0,12.0,27.0,22.2,0.0,0.0,0.0,0.0,1.0,0.0,0.0,0.0
2d970560,40.95,51.75,79.1,626.83,276.51,23.97,28.1,85.3,14.44,18.25,79.1,1.9,3.17,9.52,0.0,0.06,-0.06,0.48,3.02,0.63,0.0,4.6
b8e740fb,43.73,53.73,81.4,762.71,176.1,20.17,23.39,86.2,18.31,21.36,85.7,4.41,6.95,10.75,0.0,0.02,-0.02,0.17,2.88,0.85,0.17,4.58
58eee997,26.96,32.17,83.8,480.0,89.57,14.78,17.39,85.0,9.57,10.43,91.7,2.61,3.48,32.61,0.43,0.22,0.22,0.43,2.17,0.87,0.43,3.48
8b298f56,38.8,50.8,76.4,808.4,238.4,14.4,17.2,83.7,17.2,20.0,86.0,6.4,10.4,24.6,0.0,0.04,-0.04,0.8,5.2,0.8,0.4,4.8
df69b544,40.54,46.96,86.3,627.86,96.96,22.86,24.82,92.1,13.39,14.64,91.5,2.86,3.39,15.04,0.0,0.27,-0.27,1.96,2.32,1.07,0.0,2.32
8b8e759d,32.79,40.93,80.1,600.47,110.7,14.19,15.81,89.7,13.72,16.98,80.8,4.19,6.05,16.09,0.0,0.02,-0.02,0.47,2.09,0.47,0.0,2.33
0076ab7f,59.45,63.64,93.4,1181.27,248.55,19.27,20.55,93.8,33.27,34.91,95.3,6.55,7.64,15.58,0.0,0.0,0.0,0.0,3.45,0.0,0.0,1.82
048a1cbc,72.84,83.24,87.5,1151.76,396.08,41.08,44.46,92.4,24.19,26.89,89.9,6.35,9.73,8.82,0.0,0.04,-0.04,0.81,5.81,0.95,0.14,6.76
7155e3e1,51.58,58.95,87.5,970.0,238.42,18.95,21.05,90.0,24.74,25.26,97.9,4.74,8.95,27.84,0.0,0.0,0.0,0.0,2.63,0.0,0.0,3.16
923f4dda,14.74,22.37,65.9,205.0,28.95,7.89,11.05,71.4,5.0,7.37,67.9,0.79,1.32,15.79,0.0,0.0,0.0,0.0,1.05,0.0,0.0,0.26
bcb2ccd8,29.62,38.12,77.7,793.62,379.12,6.12,6.12,100.0,13.62,13.88,98.2,9.88,18.0,6.86,0.0,0.0,0.0,0.0,0.5,0.0,0.0,0.0
b686f4c0,11.3,16.52,68.4,174.35,30.0,7.39,10.87,68.0,2.17,3.04,71.4,1.3,1.3,43.48,0.0,0.04,-0.04,0.87,0.87,0.43,0.0,1.74
819b3158,77.87,85.0,91.6,1369.17,265.0,37.5,40.19,93.3,30.28,31.94,94.8,8.89,11.02,7.47,0.09,0.11,-0.02,1.11,7.69,1.39,0.0,6.02
b583aef5,20.17,30.83,65.4,749.83,436.0,1.33,1.33,100.0,7.33,7.5,97.8,11.5,22.0,8.72,0.0,0.02,-0.02,0.17,0.83,0.0,0.0,0.0
1f44ac21,15.26,20.26,75.3,232.18,30.77,8.46,10.77,78.6,4.87,6.03,80.9,0.9,1.41,8.15,0.26,0.23,0.03,1.41,0.51,0.77,0.13,1.28
8696bc90,30.3,36.36,83.3,493.94,65.45,16.67,18.18,91.7,9.09,10.61,85.7,2.73,3.94,20.97,0.0,0.06,-0.06,1.21,1.21,0.91,0.0,1.82
92432bc6,36.17,44.47,81.3,522.13,165.53,20.85,24.04,86.7,11.7,14.04,83.3,1.91,4.04,10.09,0.21,0.02,0.19,0.43,3.4,0.64,0.21,3.83
e42d61c7,39.75,49.25,80.7,661.25,167.0,19.5,23.0,84.8,16.25,17.75,91.5,3.0,6.0,12.5,0.25,0.08,0.18,0.75,0.5,1.25,0.75,2.75
8ff2354e,52.5,61.5,85.4,1114.0,457.5,20.0,20.5,97.6,24.0,28.5,84.2,8.0,10.5,38.1,0.0,0.0,0.0,0.5,3.5,0.0,0.0,5.0
74419746,26.5,29.67,89.3,658.5,358.33,5.67,5.67,100.0,14.33,14.67,97.7,6.33,9.17,11.52,0.0,0.0,0.0,0.0,0.17,0.0,0.0,0.0
a3b952f8,29.25,49.25,59.4,1010.25,692.5,3.75,3.75,100.0,11.0,11.25,97.8,14.25,34.0,10.48,0.0,0.0,0.0,0.25,1.0,0.0,0.0,0.0
bfc5768b,24.12,33.53,71.9,393.53,58.82,13.53,16.47,82.1,8.24,10.59,77.8,2.35,4.12,33.59,0.0,0.06,-0.06,0.59,1.76,0.59,0.59,0.59
3b333ac3,39.83,45.25,88.0,596.44,224.75,24.92,26.27,94.8,12.03,13.39,89.9,2.54,3.22,13.37,0.34,0.12,0.22,0.85,0.68,1.02,0.51,2.37
fed7cb61,37.24,44.25,84.2,549.77,103.1,21.84,24.6,88.8,10.92,12.64,86.4,2.99,3.45,9.97,0.34,0.17,0.17,1.61,2.3,1.61,0.0,3.1
a39bb753,47.33,54.33,87.1,696.0,134.67,27.33,30.33,90.1,14.67,16.0,91.7,2.67,3.0,29.63,0.0,0.03,-0.03,0.67,2.33,1.67,0.33,3.0
50871bcc,44.08,53.06,83.1,719.18,171.02,23.47,25.51,92.0,15.31,17.35,88.2,3.47,6.53,10.84,0.2,0.2,0.0,1.63,2.86,1.22,0.2,3.67
169fd162,13.0,21.0,61.9,160.0,19.0,8.0,13.0,61.5,4.0,6.0,66.7,0.0,1.0,0.0,0.0,0.1,-0.1,2.0,0.0,1.0,1.0,0.0
fecd43a3,40.23,50.47,79.7,674.19,154.42,17.91,20.23,88.5,20.0,23.95,83.5,2.09,4.19,11.63,0.0,0.05,-0.05,0.23,1.16,0.7,0.47,1.63
e5a76dfe,17.0,19.0,89.5,446.0,227.0,2.0,2.0,100.0,5.0,5.0,100.0,9.0,11.0,81.8,0.0,0.0,0.0,0.0,0.0,0.0,0.0,0.0
935e6b8f,64.5,75.0,86.0,1361.75,362.75,20.5,22.75,90.1,31.0,33.75,91.9,12.25,17.0,18.02,0.0,0.08,-0.08,1.5,6.75,1.75,0.25,7.25
0a89e877,48.46,65.38,74.1,694.62,316.15,26.92,30.77,87.5,17.69,25.38,69.7,1.54,3.85,30.77,0.0,0.08,-0.08,1.54,3.08,0.77,0.0,6.15
f45f9427,37.2,47.6,78.2,662.8,215.6,18.0,19.6,91.8,13.2,18.0,73.3,4.8,8.0,24.0,0.0,0.08,-0.08,0.8,2.0,1.2,0.4,3.2
f36d5624,20.91,28.18,74.2,309.09,61.82,14.55,19.09,76.2,5.45,5.45,100.0,0.91,2.73,30.27,0.0,0.0,0.0,0.0,2.73,0.0,0.0,0.91
555f3a0b,50.51,64.87,77.9,1022.82,459.74,19.23,21.03,91.5,22.05,27.95,78.9,8.46,13.33,16.28,0.0,0.0,0.0,0.0,5.38,0.51,0.0,6.67
c3ee18ef,69.09,80.91,85.4,1296.75,444.29,30.0,33.12,90.6,30.52,34.94,87.4,7.79,10.91,9.27,0.0,0.03,-0.03,0.65,6.23,0.91,0.39,6.1
436a9dd0,47.67,57.83,82.4,785.83,203.33,24.5,27.5,89.1,17.0,19.33,87.9,4.33,8.17,8.85,0.0,0.02,-0.02,0.5,3.17,0.83,0.0,4.0
a8542814,57.88,69.7,83.0,1145.45,285.45,22.42,26.67,84.1,23.03,25.45,90.5,10.0,14.24,21.27,0.3,0.12,0.18,1.82,5.76,1.52,0.61,5.76
dfb6490a,21.43,30.0,71.4,372.86,141.43,11.43,14.29,80.0,5.71,10.0,57.1,2.86,4.29,95.29,0.0,0.0,0.0,0.0,1.43,0.0,0.0,0.0
2e7ff968,21.67,29.5,73.4,611.33,311.67,3.17,3.17,100.0,11.33,11.5,98.6,7.17,14.83,8.05,0.0,0.0,0.0,0.0,0.17,0.0,0.0,0.0
875898c7,48.89,53.15,92.0,1160.93,363.7,11.67,12.04,96.9,24.81,27.04,91.8,11.85,13.52,16.24,0.0,0.0,0.0,0.0,2.59,0.0,0.0,1.67
2903a856,26.25,34.79,75.4,469.17,135.42,13.96,15.83,88.2,7.08,8.54,82.9,4.38,8.75,10.42,0.0,0.04,-0.04,1.04,1.46,1.04,0.21,1.88
12aa7661,40.62,51.25,79.3,688.33,255.21,20.0,21.46,93.2,16.67,21.46,77.7,3.54,6.67,11.06,0.0,0.0,0.0,0.21,2.29,0.83,0.21,4.58
3f65d5ce,19.0,35.0,54.3,862.0,641.0,0.0,0.0,,5.0,5.0,100.0,14.0,30.0,46.7,0.0,0.0,0.0,0.0,2.0,0.0,0.0,0.0
15f3ec41,33.68,40.79,82.6,517.63,120.53,19.21,21.58,89.0,11.32,14.21,79.6,2.63,3.42,20.24,0.0,0.18,-0.18,0.79,0.79,1.32,0.26,2.11
05d548d8,58.64,66.36,88.4,1446.25,397.61,10.11,10.91,92.7,33.98,35.91,94.6,14.55,18.75,8.82,0.0,0.03,-0.03,0.45,4.66,0.11,0.0,2.05
d14229f3,14.0,19.0,73.7,210.0,35.0,7.0,7.0,100.0,4.0,6.0,66.7,2.0,3.0,66.7,0.0,0.0,0.0,0.0,2.0,0.0,0.0,1.0
5042e5c2,25.0,27.5,90.9,245.0,47.5,12.5,15.0,83.3,7.5,7.5,100.0,0.0,0.0,,0.0,0.0,0.0,2.5,0.0,0.0,0.0,2.5
01204d46,16.0,25.0,64.0,247.0,83.0,11.0,13.0,84.6,3.0,7.0,42.9,2.0,5.0,40.0,0.0,0.2,-0.2,1.0,0.0,0.0,0.0,2.0
43b78598,17.04,21.11,80.7,259.63,67.41,9.63,11.85,81.3,5.56,6.67,83.3,1.11,1.48,27.78,0.0,0.26,-0.26,1.48,2.22,0.37,0.0,3.33
34caa4b3,27.65,32.35,85.5,574.12,128.24,11.18,12.94,86.4,10.59,11.76,90.0,4.71,5.88,47.06,0.59,0.0,0.59,0.59,1.76,0.0,0.0,3.53
03622183,inf,inf,100.0,inf,,inf,inf,100.0,,,,,,,,,,,,,,
5cb1d026,17.67,26.74,66.1,320.7,123.02,7.67,11.16,68.8,8.14,10.93,74.5,1.86,3.26,13.28,0.0,0.02,-0.02,0.23,1.16,0.0,0.0,1.4
68252d6d,43.87,63.55,69.0,807.42,228.06,21.61,26.45,81.7,15.48,20.65,75.0,5.81,12.58,14.9,0.32,0.16,0.16,0.97,3.87,2.9,0.32,7.1
4431aed2,24.57,30.0,81.9,419.35,86.52,12.83,15.22,84.3,6.74,7.83,86.1,3.48,4.35,17.39,0.22,0.2,0.02,1.09,1.52,1.09,0.0,3.04
4c2fa917,0.0,0.0,,0.0,0.0,0.0,0.0,,0.0,0.0,,0.0,0.0,,0.0,0.0,0.0,0.0,0.0,0.0,0.0,0.0
d1f48bfc,18.5,24.25,76.3,319.25,97.75,10.5,11.5,91.3,5.25,7.5,70.0,2.0,4.0,12.5,0.0,0.0,0.0,0.5,1.5,0.25,0.0,2.25
5715bb71,14.0,22.0,63.6,188.0,42.0,4.0,8.0,50.0,6.0,6.0,100.0,0.0,4.0,0.0,0.0,0.2,-0.2,2.0,0.0,0.0,0.0,2.0
a0b4bb3e,60.0,70.0,85.7,929.09,210.0,35.45,36.36,97.5,20.91,24.55,85.2,3.64,6.36,51.91,0.0,0.09,-0.09,0.91,6.36,2.73,0.91,5.45
c931d9f9,20.0,25.0,80.0,355.0,122.5,5.0,7.5,66.7,5.0,7.5,66.7,5.0,5.0,250.0,0.0,0.0,0.0,0.0,2.5,2.5,0.0,5.0
40676b27,13.0,24.0,54.2,230.0,91.0,6.0,8.0,75.0,6.0,8.0,75.0,1.0,8.0,12.5,0.0,0.0,0.0,0.0,0.0,0.0,0.0,1.0
1265a93a,48.57,60.63,80.1,850.48,273.65,22.22,23.81,93.3,20.95,26.19,80.0,4.6,8.57,8.52,0.16,0.19,-0.03,1.11,2.22,1.27,1.11,3.49
34b54da7,91.67,96.67,94.8,1915.0,561.67,23.33,25.0,93.3,51.67,53.33,96.9,15.0,16.67,150.0,0.0,0.0,0.0,0.0,1.67,0.0,0.0,3.33
b66315ae,26.33,32.33,81.4,338.0,48.67,17.67,21.67,81.5,6.33,7.33,86.4,1.0,1.0,33.33,0.0,0.1,-0.1,1.33,1.0,1.0,0.0,1.67
4fb9c88f,51.11,55.56,92.0,842.67,190.89,25.78,26.44,97.5,20.22,22.22,91.0,4.67,5.56,18.67,0.44,0.2,0.24,0.89,4.67,0.89,0.0,4.89
1bacc518,74.62,79.08,94.4,1233.23,339.23,38.31,39.85,96.1,29.54,30.92,95.5,5.38,6.46,12.82,0.15,0.08,0.08,0.62,8.77,1.08,0.15,5.54
abb3bb95,20.24,27.38,73.9,276.67,29.76,13.57,17.38,78.1,5.48,6.43,85.2,0.48,1.19,9.52,0.0,0.07,-0.07,0.71,0.71,0.0,0.0,0.95
2a0c8ba4,75.33,83.56,90.2,1458.67,328.0,32.44,34.67,93.6,31.56,32.22,97.9,10.67,14.22,16.67,0.22,0.16,0.07,2.67,8.44,1.78,0.44,6.0
45db685d,57.72,64.47,89.5,1040.53,230.7,25.44,27.28,93.2,24.04,26.4,91.0,7.37,9.47,6.82,0.09,0.08,0.01,0.7,4.3,0.53,0.09,4.74
178ae8f8,24.17,34.0,71.1,357.17,79.0,14.83,19.33,76.7,6.67,9.83,67.8,1.83,3.0,10.18,0.17,0.13,0.03,0.83,1.5,0.67,0.0,2.67
4d8cd038,20.0,21.67,92.3,316.67,0.0,13.33,13.33,100.0,5.0,5.0,100.0,1.67,3.33,83.33,0.0,0.0,0.0,0.0,0.0,0.0,0.0,0.0
7111d552,28.29,35.14,80.5,407.57,73.71,17.86,20.29,88.0,8.57,10.57,81.1,1.29,2.0,9.19,0.14,0.06,0.09,1.14,1.14,1.0,0.29,2.14
dba67bc4,38.82,52.75,73.6,744.51,247.65,16.67,20.0,83.3,13.73,18.63,73.7,7.06,11.76,11.76,0.2,0.02,0.18,0.59,3.73,1.18,0.0,6.08
d29202c2,14.71,21.76,67.6,239.41,25.88,8.04,11.57,69.5,4.12,5.88,70.0,1.76,2.75,12.61,0.2,0.02,0.18,0.2,0.59,0.2,0.0,0.59
2d61d13a,47.14,54.57,86.4,910.29,318.86,16.57,17.71,93.5,25.43,27.43,92.7,4.57,8.57,15.23,0.0,0.0,0.0,0.0,2.0,0.0,0.0,2.86
d2800f47,32.22,43.33,74.4,571.85,123.7,16.11,18.52,87.0,11.11,14.26,77.9,3.7,7.59,9.04,0.19,0.07,0.11,1.3,1.48,0.93,0.19,2.96
091c86e2,30.0,30.0,100.0,310.0,0.0,30.0,30.0,100.0,0.0,0.0,,0.0,0.0,,10.0,1.0,9.0,10.0,0.0,0.0,0.0,0.0
81d3318f,18.5,26.0,71.2,269.5,52.5,13.5,15.0,90.0,4.0,6.5,61.5,1.0,3.5,14.3,0.0,0.0,0.0,0.0,1.0,0.0,0.0,0.0
cc77354e,44.19,54.19,81.5,757.44,187.67,22.56,24.88,90.7,17.44,19.3,90.4,3.72,7.67,11.28,0.0,0.0,0.0,0.0,3.72,0.0,0.0,3.95
768b28d0,10.0,30.0,33.3,85.0,5.0,10.0,20.0,50.0,0.0,0.0,,0.0,10.0,0.0,0.0,0.0,0.0,0.0,5.0,0.0,0.0,0.0
b825a650,40.24,45.61,88.2,714.63,100.49,17.07,18.54,92.1,18.54,20.49,90.5,3.9,5.61,16.98,0.24,0.07,0.17,0.24,2.2,0.49,0.0,2.2
b9fbae28,45.82,53.04,86.4,742.41,193.8,21.9,23.8,92.0,19.87,22.15,89.7,2.66,4.43,7.59,0.13,0.14,-0.01,1.01,3.92,1.39,0.13,4.81
0eac2f24,50.0,50.0,100.0,730.0,220.0,30.0,30.0,100.0,20.0,20.0,100.0,0.0,0.0,,0.0,0.0,0.0,0.0,0.0,0.0,0.0,0.0
1bd5735a,50.0,65.2,76.7,822.4,280.8,26.4,29.6,89.2,18.4,24.0,76.7,4.4,9.2,19.12,0.0,0.08,-0.08,0.8,2.0,1.2,0.0,5.2
b0b902c8,42.58,55.48,76.7,828.71,323.23,17.1,18.71,91.4,18.71,22.9,81.7,6.45,11.29,18.42,0.0,0.0,0.0,0.65,1.61,0.65,0.32,1.94
3d50bcdb,12.86,17.55,73.3,176.53,28.37,7.76,10.0,77.6,4.29,4.69,91.3,0.41,1.22,6.8,0.2,0.12,0.08,1.02,0.2,0.61,0.0,0.82
dc52c72f,43.67,54.67,79.9,847.5,297.67,15.33,18.33,83.6,21.83,24.83,87.9,5.83,9.83,9.88,0.17,0.07,0.1,1.0,2.5,2.33,1.33,4.33
51dbeea9,46.25,56.25,82.2,756.25,293.75,25.0,30.0,83.3,15.0,15.0,100.0,3.75,5.0,93.75,0.0,0.0,0.0,0.0,2.5,0.0,0.0,6.25
f25c8e3a,45.0,52.5,85.7,717.5,169.38,20.62,23.75,86.8,20.0,21.25,94.1,2.5,3.12,50.0,0.0,0.19,-0.19,1.88,4.38,1.25,0.0,3.12
62d7ef38,34.5,47.0,73.4,1018.0,543.5,6.5,6.5,100.0,13.5,13.5,100.0,14.0,26.5,26.4,0.0,0.0,0.0,0.0,0.0,0.0,0.0,0.0
2fabebc0,25.0,32.33,77.3,769.5,441.17,3.5,3.5,100.0,11.17,11.33,98.5,10.17,17.17,9.87,0.0,0.0,0.0,0.0,0.33,0.0,0.0,0.0
14e8fe86,71.39,75.56,94.5,1538.33,355.56,20.28,21.11,96.1,36.11,37.78,95.6,13.89,15.28,25.25,0.0,0.0,0.0,0.0,5.83,0.28,0.0,3.61
862fa9fb,46.67,51.82,90.1,991.82,244.24,11.82,12.73,92.9,26.36,28.18,93.5,7.88,10.3,23.18,0.0,0.0,0.0,0.0,1.21,0.0,0.0,1.52
49296448,66.32,81.03,81.9,1474.12,391.47,22.65,25.88,87.5,27.5,30.0,91.7,15.59,23.97,9.56,0.59,0.35,0.24,3.68,8.82,3.24,0.29,7.94
aef6e670,47.98,51.38,93.4,881.47,263.85,20.46,21.19,96.5,21.93,23.12,94.8,5.23,6.51,7.37,0.0,0.0,0.0,0.09,1.56,0.0,0.0,1.47
15fd5593,36.6,43.0,85.1,669.8,203.2,15.6,17.8,87.6,16.2,17.6,92.0,4.0,6.6,12.12,0.0,0.0,0.0,0.2,3.2,0.4,0.0,4.4
f4ceb85b,46.67,58.33,80.0,1073.33,296.67,13.33,15.0,88.9,20.0,23.33,85.7,13.33,20.0,111.17,0.0,0.17,-0.17,1.67,5.0,0.0,0.0,1.67
ca8033cb,50.0,61.0,82.0,900.5,316.5,23.0,24.5,93.9,19.5,22.5,86.7,6.5,12.0,27.1,0.0,0.0,0.0,0.0,3.0,0.0,0.0,1.0
4c3a6744,22.94,31.18,73.6,301.18,52.94,14.12,17.65,80.0,7.65,11.18,68.4,0.59,0.59,58.82,0.0,0.06,-0.06,1.18,0.59,0.0,0.0,0.59
19a967ab,10.0,16.67,60.0,143.33,32.0,6.0,8.67,69.2,3.33,4.0,83.3,0.67,2.0,22.2,0.0,0.13,-0.13,1.33,0.0,0.0,0.0,0.67
6747869d,17.78,25.56,69.6,228.67,67.78,10.22,13.11,78.0,3.33,5.78,57.7,1.56,1.78,19.44,0.22,0.31,-0.09,2.67,0.67,1.78,0.22,2.44
9fc2531b,10.0,16.67,60.0,146.67,0.0,3.33,3.33,100.0,6.67,13.33,50.0,0.0,0.0,,0.0,0.0,0.0,0.0,0.0,0.0,0.0,0.0
55126f3b,60.68,69.46,87.4,1126.89,317.97,27.57,29.73,92.7,24.32,26.76,90.9,7.3,10.27,9.61,0.0,0.0,0.0,0.27,7.3,1.22,0.14,6.62
eda40760,62.0,72.0,86.1,1262.0,433.0,13.0,14.0,92.9,39.0,41.0,95.1,8.0,15.0,53.3,0.0,0.1,-0.1,2.0,4.0,2.0,1.0,5.0
5ed9b537,41.13,50.19,82.0,854.53,322.26,12.26,14.15,86.7,23.58,26.79,88.0,5.28,8.87,11.25,0.0,0.0,0.0,0.0,2.45,0.38,0.0,3.4
f38cc3b3,46.67,59.67,78.2,772.33,307.33,22.67,28.0,81.0,19.0,23.67,80.3,3.0,5.33,18.77,0.33,0.17,0.17,0.67,2.33,0.0,0.0,3.33
1f3afdcb,49.6,56.4,87.9,1210.4,294.8,9.2,10.8,85.2,28.0,29.6,94.6,12.0,15.0,16.0,0.0,0.0,0.0,0.0,2.4,0.4,0.0,1.6
866c67e9,24.0,36.0,66.7,640.0,162.0,4.0,6.0,66.7,14.0,18.0,77.8,6.0,12.0,100.0,0.0,0.0,0.0,0.0,0.0,0.0,0.0,2.0
4d1666ff,64.74,74.04,87.4,1289.65,470.53,20.7,23.86,86.8,35.79,37.54,95.3,7.02,10.18,12.11,0.0,0.02,-0.02,0.35,6.84,0.18,0.0,5.44
b79d8e93,63.68,72.63,87.7,1346.84,429.47,15.26,17.89,85.3,40.0,41.58,96.2,7.89,12.63,32.89,0.0,0.0,0.0,0.0,1.58,0.0,0.0,3.68
79c0821a,60.45,67.76,89.2,1125.37,247.91,24.93,26.72,93.3,26.42,28.96,91.2,7.91,9.85,11.99,0.15,0.13,0.01,1.19,7.01,0.9,0.0,4.48
9d60028d,29.17,32.92,88.6,559.58,96.25,12.5,13.75,90.9,10.0,11.25,88.9,5.0,5.83,35.71,0.0,0.04,-0.04,0.83,2.08,0.0,0.0,1.25
8690eef7,18.33,30.0,61.1,196.67,68.33,15.0,21.67,69.2,3.33,8.33,40.0,0.0,0.0,,0.0,0.0,0.0,0.0,1.67,1.67,0.0,3.33
496aeede,52.46,57.68,91.0,826.52,201.74,28.84,29.86,96.6,19.57,21.59,90.6,3.19,4.64,9.97,0.0,0.0,0.0,0.14,2.75,0.58,0.0,2.61
43cd8b69,5.0,7.5,66.7,47.5,0.0,3.75,6.25,60.0,1.25,1.25,100.0,0.0,0.0,,0.0,0.0,0.0,0.0,0.0,0.0,0.0,0.0
6ce1f46f,89.44,99.35,90.0,1938.32,549.35,33.27,34.95,95.2,36.26,38.69,93.7,18.88,23.64,7.46,0.19,0.18,0.01,2.62,12.06,0.84,0.09,9.16
a802405e,28.89,42.22,68.4,435.56,195.56,15.56,18.89,82.4,8.33,12.22,68.2,2.78,7.22,21.39,0.0,0.0,0.0,0.0,0.56,1.11,0.56,1.11
580d52dd,36.0,45.25,79.6,766.25,230.5,13.25,16.25,81.5,15.0,19.0,78.9,7.25,8.25,21.98,0.0,0.02,-0.02,0.5,2.75,0.25,0.0,3.25
292a652a,66.0,78.0,84.6,1595.0,588.0,10.0,12.0,83.3,40.0,41.0,97.6,16.0,24.0,66.7,0.0,0.0,0.0,0.0,9.0,0.0,0.0,5.0
c01f247a,27.0,34.75,77.7,519.25,189.75,11.75,14.0,83.9,11.25,14.25,78.9,3.75,5.5,17.05,0.0,0.0,0.0,0.25,3.0,0.0,0.0,3.5
df3cda47,20.33,29.67,68.5,335.33,93.67,11.67,16.0,72.9,7.0,8.0,87.5,1.33,3.33,13.33,0.33,0.03,0.3,0.67,1.0,1.0,0.0,3.0
41e7ef1c,43.33,54.05,80.2,648.1,266.19,25.71,27.62,93.1,14.76,19.05,77.5,1.67,3.57,11.12,0.0,0.02,-0.02,0.71,1.9,0.95,0.24,3.33
d4e93bab,44.9,53.27,84.3,715.92,160.82,24.08,26.94,89.4,16.94,20.0,84.7,2.65,3.88,13.96,0.0,0.0,0.0,0.2,4.29,0.82,0.2,3.47
ebc56869,28.0,37.0,75.7,455.0,127.0,17.0,19.0,89.5,7.0,9.0,77.8,3.0,7.0,21.45,0.0,0.0,0.0,0.0,2.5,2.0,0.5,3.0
22798128,33.6,41.6,80.8,627.2,167.6,12.4,16.0,77.5,16.4,18.8,87.2,4.0,5.2,30.76,0.4,0.04,0.36,0.8,2.4,0.4,0.0,4.0
4aea5077,34.61,45.66,75.8,622.89,273.68,15.79,18.16,87.0,14.87,17.76,83.7,3.68,7.89,6.14,0.13,0.05,0.08,0.53,2.24,1.32,0.39,4.21
c283ddef,50.0,60.0,83.3,1210.0,110.0,20.0,20.0,100.0,20.0,30.0,66.7,10.0,10.0,1000.0,0.0,0.0,0.0,0.0,0.0,0.0,0.0,0.0
864db10a,60.0,70.0,85.7,820.0,360.0,40.0,40.0,100.0,20.0,30.0,66.7,0.0,0.0,,0.0,0.0,0.0,0.0,0.0,0.0,0.0,0.0
8e034340,36.36,45.15,80.5,550.61,166.97,21.21,22.42,94.6,11.21,14.24,78.7,2.73,5.15,16.03,0.3,0.12,0.18,1.21,1.82,2.12,0.3,5.76
119b9a8e,95.81,101.94,94.0,2047.42,617.42,28.06,29.03,96.7,51.29,53.23,96.4,16.45,19.68,26.97,0.0,0.0,0.0,0.0,9.03,0.32,0.0,4.52
016ff750,35.93,42.59,84.3,538.15,158.15,19.63,22.22,88.3,11.85,13.7,86.5,2.59,4.44,21.59,0.37,0.19,0.19,0.74,0.37,0.74,0.37,2.22
02caf6e0,28.89,38.33,75.4,478.61,121.67,13.89,16.11,86.2,11.94,15.28,78.2,2.22,3.33,18.53,0.0,0.0,0.0,0.0,0.28,0.28,0.28,0.28
7cf431a5,24.17,35.0,69.0,474.58,73.33,9.58,11.67,82.1,9.58,12.08,79.3,4.17,7.08,24.5,0.0,0.04,-0.04,0.42,2.5,0.0,0.0,2.08
c4987edc,37.0,41.5,89.2,857.0,252.0,7.5,8.0,93.8,23.5,24.5,95.9,6.0,8.5,35.3,0.0,0.0,0.0,0.0,2.0,0.0,0.0,1.0
4c78b5ed,55.13,60.77,90.7,1025.13,310.77,21.03,23.33,90.1,27.44,28.21,97.3,5.9,7.69,19.67,0.26,0.03,0.23,0.51,5.9,0.0,0.0,4.62
4dbd0916,41.43,56.19,73.7,789.05,187.62,19.05,21.9,87.0,16.67,22.86,72.9,5.24,8.57,29.1,0.48,0.19,0.29,1.9,2.38,1.43,0.48,2.86
4f28a6ff,74.84,80.16,93.4,1445.81,491.29,24.68,25.65,96.2,41.45,43.39,95.5,8.06,10.16,12.81,0.0,0.0,0.0,0.16,6.94,0.0,0.0,4.52
8d78e732,18.6,23.86,77.9,282.46,49.65,11.05,13.33,82.9,5.96,7.19,82.9,1.23,1.58,13.65,0.0,0.07,-0.07,1.23,1.23,0.53,0.0,1.58
b1dae700,15.0,17.5,85.7,247.5,95.0,7.5,7.5,100.0,7.5,7.5,100.0,0.0,2.5,0.0,0.0,0.0,0.0,0.0,2.5,0.0,0.0,5.0
d6e53a3a,71.11,77.56,91.7,1500.44,443.11,20.22,21.78,92.9,39.11,41.11,95.1,11.56,14.22,18.07,0.0,0.0,0.0,0.22,7.33,0.44,0.0,3.11
f5deef4c,40.23,45.0,89.4,901.59,252.95,9.55,10.68,89.4,23.41,24.77,94.5,7.05,9.32,17.18,0.0,0.0,0.0,0.0,2.27,0.45,0.0,1.59
49b45985,18.75,32.5,57.7,275.0,60.0,11.25,15.0,75.0,3.75,6.25,60.0,1.25,5.0,31.25,0.0,0.0,0.0,0.0,0.0,0.0,0.0,0.0
02c15616,33.29,42.05,79.2,533.15,120.68,18.08,20.96,86.3,11.23,13.7,82.0,2.88,4.25,9.27,0.14,0.12,0.01,1.1,2.19,0.68,0.0,2.47
ed9f7cfe,47.38,60.71,78.0,720.48,231.9,26.43,28.81,91.7,17.38,21.19,82.0,2.38,6.9,8.21,0.0,0.1,-0.1,0.71,1.19,1.67,0.24,3.57
1a2935f6,40.23,46.74,86.1,1034.65,435.12,7.67,8.14,94.3,21.16,22.33,94.8,11.4,15.58,17.0,0.0,0.0,0.0,0.0,3.26,0.47,0.0,3.95
0176f037,47.32,63.41,74.6,943.66,344.39,17.07,21.46,79.5,22.44,28.54,78.6,7.32,11.22,15.9,0.0,0.1,-0.1,1.22,0.98,1.71,0.98,2.68
921f6058,48.26,57.39,84.1,907.83,330.43,18.26,20.43,89.4,23.04,24.78,93.0,5.65,9.57,25.7,0.0,0.0,0.0,0.0,4.78,0.0,0.0,3.48
520c318f,14.52,23.1,62.9,235.95,56.67,8.33,12.14,68.6,4.05,6.43,63.0,1.67,2.14,18.52,0.24,0.1,0.14,0.24,2.14,0.71,0.0,1.9
5eae500a,16.53,23.88,69.2,259.39,63.06,10.41,13.88,75.0,3.47,5.31,65.4,1.63,2.24,14.84,0.0,0.16,-0.16,1.63,1.84,1.02,0.2,2.45
7fd58fe3,30.0,36.67,81.8,483.33,150.0,15.0,17.5,85.7,13.33,15.83,84.2,1.67,3.33,41.67,0.0,0.17,-0.17,0.83,0.0,2.5,1.67,0.83
22aba139,30.0,46.0,65.2,830.0,282.0,6.0,6.0,100.0,18.0,22.0,81.8,6.0,14.0,85.8,0.0,0.0,0.0,0.0,2.0,0.0,0.0,0.0
d4133fa1,54.41,61.69,88.2,1126.27,314.24,19.83,21.53,92.1,25.25,27.29,92.5,8.81,11.69,12.78,0.0,0.02,-0.02,0.34,3.73,0.0,0.0,3.56
922da988,21.6,32.4,66.7,327.4,75.2,12.4,16.0,77.5,5.8,8.8,65.9,2.2,4.0,11.0,0.0,0.04,-0.04,1.0,0.8,0.4,0.4,0.8
6d7e4b06,32.0,45.0,71.1,691.0,153.0,11.0,14.0,78.6,11.0,17.0,64.7,9.0,13.0,69.2,0.0,0.2,-0.2,1.0,3.0,0.0,0.0,2.0
b088363d,27.27,39.09,69.8,513.18,230.45,11.36,16.36,69.4,11.82,14.55,81.3,3.18,6.82,21.23,0.0,0.0,0.0,0.45,2.73,0.45,0.0,3.18
d8931174,58.2,67.0,86.9,1277.8,415.0,15.6,17.6,88.6,31.6,33.6,94.0,10.4,14.2,14.64,0.0,0.02,-0.02,0.4,4.8,0.2,0.0,3.4
892d5bb1,39.56,49.56,79.8,645.89,159.22,21.33,23.67,90.1,13.44,16.33,82.3,3.89,6.44,6.7,0.22,0.18,0.04,2.11,1.56,2.11,0.11,3.56
73fc8cc3,38.0,48.0,79.2,662.0,196.0,21.0,21.0,100.0,12.0,14.0,85.7,5.0,13.0,38.5,0.0,0.0,0.0,1.0,5.0,0.0,0.0,6.0
6853490f,35.19,41.48,84.8,550.0,167.78,18.15,19.63,92.5,14.81,15.56,95.2,1.85,4.81,14.26,0.0,0.07,-0.07,0.74,1.48,2.22,0.37,5.56
48d5bd33,46.0,59.33,77.5,1018.67,462.67,20.67,23.33,88.6,14.67,17.33,84.6,10.67,16.67,42.67,0.0,0.73,-0.73,3.33,7.33,3.33,0.0,10.67
e27fdbca,41.81,51.81,80.7,649.04,240.0,25.54,28.07,91.0,11.93,14.22,83.9,3.49,6.51,6.47,0.12,0.11,0.01,0.84,1.81,0.72,0.36,2.05
1d2d5cc8,28.5,41.5,68.7,724.5,391.67,7.5,7.5,100.0,13.83,14.0,98.8,7.17,20.0,5.97,0.0,0.0,0.0,0.0,0.0,0.0,0.0,0.0
c691bfe2,22.15,30.0,73.8,387.09,94.3,10.51,13.16,79.8,8.1,10.25,79.0,2.66,4.3,7.82,0.13,0.11,0.01,0.63,1.9,1.14,0.13,2.91
e54a9890,40.0,54.44,73.5,788.89,275.56,16.67,18.89,88.2,16.67,21.11,78.9,6.67,14.44,51.33,0.0,0.11,-0.11,2.22,4.44,0.0,0.0,3.33
603116a7,53.89,67.78,79.5,972.22,298.33,30.0,33.89,88.5,16.67,20.56,81.1,6.67,12.22,30.28,0.56,0.06,0.5,1.67,4.44,4.44,0.56,7.78
853b7c48,23.76,41.61,57.1,807.31,517.2,3.44,3.44,100.0,8.82,9.03,97.6,11.4,29.03,4.23,0.0,0.0,0.0,0.0,0.11,0.0,0.0,0.0
05a84d52,9.15,14.63,62.5,125.24,24.76,5.61,7.32,76.7,3.05,4.76,64.1,0.12,0.61,2.44,0.12,0.04,0.09,0.24,0.24,0.24,0.0,0.85
f0da930c,55.14,60.0,91.9,1169.73,407.03,17.84,18.92,94.3,28.11,29.46,95.4,8.65,11.08,21.08,0.0,0.0,0.0,0.0,5.41,0.0,0.0,2.97
5c4dc0ff,13.33,17.5,76.2,188.33,19.17,9.17,11.67,78.6,3.33,4.17,80.0,0.83,0.83,83.33,0.0,0.0,0.0,0.83,0.0,0.0,0.0,0.0
a3b0ed18,31.0,41.17,75.3,1006.17,666.83,4.83,4.83,100.0,12.83,12.83,100.0,13.33,23.5,9.45,0.0,0.0,0.0,0.0,0.17,0.0,0.0,0.0
82a39b66,18.89,28.89,65.4,328.89,105.56,10.0,18.89,52.9,6.67,7.78,85.7,2.22,2.22,111.11,0.0,0.0,0.0,1.11,3.33,1.11,0.0,3.33
c864997f,inf,inf,50.0,inf,inf,inf,inf,50.0,,,,,,,,,,,,,,
9139bb12,44.26,48.51,91.2,771.28,160.21,20.21,21.28,95.0,19.36,20.0,96.8,3.62,5.53,13.91,0.0,0.02,-0.02,0.85,2.34,0.64,0.0,2.77
d5f2f82b,56.15,63.41,88.6,1135.05,398.68,19.01,20.44,93.0,27.58,29.23,94.4,8.79,11.98,8.07,0.0,0.0,0.0,0.11,4.84,0.44,0.11,4.84
8b788c01,26.38,32.77,80.5,396.6,95.11,15.53,18.94,82.0,7.66,9.36,81.8,1.7,1.7,21.28,0.21,0.19,0.02,0.85,2.34,0.85,0.21,2.77
468fdbad,34.0,37.0,91.9,566.0,146.0,14.0,16.0,87.5,16.0,17.0,94.1,3.0,3.0,100.0,0.0,0.0,0.0,0.0,1.0,0.0,0.0,0.0
7f97771d,52.38,59.05,88.7,975.71,155.71,21.43,24.29,88.2,20.95,22.38,93.6,8.1,10.0,38.57,0.95,0.05,0.9,0.95,2.86,0.0,0.0,1.9
f7036e1c,11.33,16.0,70.8,182.44,39.11,6.89,8.44,81.6,3.56,4.89,72.7,0.89,1.56,12.69,0.22,0.09,0.13,1.11,1.78,0.44,0.0,1.78
bac46a10,63.64,77.58,82.0,1306.06,392.12,18.79,20.0,93.9,36.97,41.52,89.1,7.88,14.55,16.42,0.0,0.0,0.0,0.3,3.33,0.0,0.0,3.64
f3945e07,14.55,19.09,76.2,180.0,30.0,10.0,10.91,91.7,2.73,4.55,60.0,0.0,0.0,,0.0,0.0,0.0,0.0,1.82,0.0,0.0,0.91
675b0427,27.0,35.4,76.3,651.8,270.2,6.2,6.8,91.2,13.0,15.8,82.3,7.8,12.6,12.38,0.2,0.08,0.12,0.2,1.4,0.0,0.0,1.2
d4535821,31.0,36.12,85.8,524.0,183.62,16.62,18.88,88.1,10.75,12.12,88.7,3.38,4.38,9.64,0.12,0.09,0.04,1.12,1.38,0.5,0.38,1.75
9d689a5b,20.62,30.62,67.3,340.62,86.25,11.25,14.69,76.6,7.5,10.31,72.7,1.88,4.06,14.44,0.0,0.16,-0.16,1.25,0.94,0.94,0.94,0.94
55abe554,52.03,63.22,82.3,947.8,266.1,22.71,25.42,89.3,23.9,26.27,91.0,5.08,9.15,9.42,0.0,0.02,-0.02,0.34,3.73,0.68,0.17,3.9
29733c72,38.57,41.43,93.1,494.29,58.57,27.14,27.14,100.0,8.57,10.0,85.7,1.43,1.43,142.86,0.0,0.0,0.0,1.43,1.43,0.0,0.0,0.0
eb7822d7,75.6,84.8,89.2,1391.6,430.4,28.8,31.6,91.1,38.0,41.2,92.2,7.6,10.4,29.24,0.0,0.0,0.0,0.0,9.2,0.0,0.0,9.2
b217ef29,55.26,64.74,85.4,1403.16,356.84,8.95,11.58,77.3,31.05,32.63,95.2,14.74,20.0,38.79,0.0,0.0,0.0,0.0,4.74,0.0,0.0,4.21
1adcf39e,43.94,55.45,79.2,798.79,234.55,15.15,16.97,89.3,24.55,27.27,90.0,3.94,8.48,14.06,0.0,0.06,-0.06,0.61,0.91,0.61,0.0,2.73
0e6bc38c,12.33,15.12,81.5,173.02,17.21,6.51,7.91,82.4,4.42,4.88,90.5,0.47,0.7,15.51,0.0,0.07,-0.07,0.93,0.47,0.0,0.0,0.23
005ca692,46.59,51.95,89.7,961.46,200.24,16.83,17.8,94.5,20.98,23.17,90.5,8.29,10.24,19.76,0.24,0.17,0.07,1.22,2.44,0.24,0.0,1.95
b74277a0,49.43,62.83,78.7,960.0,418.11,18.3,20.75,88.2,24.53,30.94,79.3,6.23,10.0,11.75,0.0,0.06,-0.06,0.57,5.09,0.75,0.38,8.3
42fd9c7f,21.3,28.0,76.1,312.7,66.3,11.9,14.4,82.6,7.9,10.2,77.5,0.9,1.2,7.5,0.3,0.35,-0.05,1.9,0.8,1.1,0.1,2.2
e76cb9cc,31.07,35.63,87.2,733.11,223.4,7.09,7.77,91.3,15.05,16.41,91.7,8.54,10.39,7.98,0.0,0.0,0.0,0.1,1.17,0.19,0.0,2.33
01c3aff5,30.89,38.89,79.4,484.44,94.44,17.56,20.22,86.8,11.11,13.78,80.6,1.56,2.67,12.96,0.0,0.04,-0.04,1.11,2.67,0.44,0.0,2.44
d93c2511,39.21,46.05,85.1,728.42,193.42,17.63,18.68,94.4,16.32,19.47,83.8,5.26,6.84,20.24,0.0,0.03,-0.03,1.05,4.74,0.0,0.0,2.89
0a6dbbf7,23.5,27.0,87.0,590.5,228.0,5.0,5.0,100.0,14.0,17.0,82.4,4.5,4.5,50.0,0.0,0.0,0.0,0.0,0.5,0.0,0.0,1.0
48b3dd60,83.24,90.0,92.5,1716.76,355.14,26.49,28.11,94.2,42.16,44.32,95.1,13.51,15.68,23.3,0.0,0.03,-0.03,0.54,10.27,0.81,0.0,6.76
5271c8f1,81.11,92.22,88.0,1341.11,487.78,41.11,43.33,94.9,35.56,40.0,88.9,4.44,7.78,63.44,0.0,0.11,-0.11,2.22,3.33,5.56,3.33,10.0
33887998,24.67,30.92,79.8,684.5,378.92,4.67,4.67,100.0,11.75,12.0,97.9,7.75,13.67,4.73,0.0,0.0,0.0,0.0,0.0,0.0,0.0,0.0
3cefcaef,57.48,64.58,89.0,933.18,237.38,30.19,31.4,96.1,21.4,23.64,90.5,4.3,6.36,6.32,0.0,0.1,-0.1,0.75,2.52,0.56,0.19,1.87
d70ce98e,67.33,77.83,86.5,1074.0,311.33,37.17,40.83,91.0,23.33,25.5,91.5,5.5,9.0,10.18,0.33,0.45,-0.12,4.0,7.5,5.0,0.67,10.67
e162b013,57.95,70.26,82.5,1007.18,305.64,30.51,32.31,94.4,20.77,25.13,82.7,5.9,9.74,15.51,0.26,0.23,0.03,1.03,4.36,1.54,0.26,4.36
d436eb94,34.2,46.2,74.0,1087.6,609.2,3.4,3.4,100.0,14.6,14.8,98.6,15.8,27.4,11.54,0.0,0.0,0.0,0.0,1.0,0.0,0.0,0.2
4e6dbac4,46.92,58.77,79.8,964.46,213.23,21.69,25.23,86.0,16.0,18.92,84.6,8.77,12.31,10.97,0.0,0.11,-0.11,1.08,4.92,0.46,0.15,5.08
2784f898,54.72,61.51,89.0,1154.53,282.08,16.42,17.74,92.6,27.74,29.25,94.8,10.0,13.77,13.7,0.19,0.06,0.13,0.38,3.21,0.38,0.38,1.32
2f90f6b8,49.25,60.5,81.4,957.5,310.75,21.5,24.75,86.9,19.0,21.5,88.4,8.25,12.0,17.2,0.0,0.05,-0.05,0.5,5.25,1.5,0.25,5.75
f833a830,27.14,34.29,79.2,421.9,75.71,16.67,20.0,83.3,8.1,10.48,77.3,1.9,2.38,38.1,0.0,0.1,-0.1,0.95,0.48,1.43,0.48,2.38
056269d7,76.3,83.33,91.6,1328.15,448.89,33.33,35.19,94.7,35.93,38.15,94.2,6.3,8.15,28.63,0.37,0.0,0.37,0.0,5.56,0.0,0.0,3.33
a9aa0d1d,36.67,60.0,61.1,750.0,116.67,16.67,26.67,62.5,13.33,16.67,80.0,6.67,13.33,166.67,0.0,0.0,0.0,0.0,13.33,0.0,0.0,3.33
807e869a,22.16,34.9,63.5,389.41,155.29,10.78,13.53,79.7,7.84,11.96,65.6,2.94,7.45,7.75,0.0,0.2,-0.2,1.76,1.76,1.18,0.39,3.73
6025fab1,77.23,86.63,89.1,1460.0,402.28,32.97,35.05,94.1,30.4,33.07,91.9,11.88,15.54,7.56,0.3,0.17,0.13,1.68,8.61,1.68,0.4,6.93
b62878a5,10.0,10.0,100.0,180.0,0.0,0.0,0.0,,10.0,10.0,100.0,0.0,0.0,,0.0,0.0,0.0,0.0,0.0,0.0,0.0,0.0
608f2092,40.91,49.09,83.3,562.73,208.18,25.45,27.27,93.3,12.73,14.55,87.5,1.82,5.45,30.27,0.0,0.0,0.0,0.0,2.73,0.91,0.91,3.64
c43e5e7e,16.11,20.0,80.6,253.89,18.89,8.33,11.67,71.4,6.11,6.67,91.7,1.11,1.11,55.56,0.0,0.0,0.0,0.56,0.56,0.0,0.0,0.56
129af0db,18.79,25.61,73.4,321.21,49.24,8.94,11.82,75.6,6.36,8.18,77.8,2.27,3.33,10.33,0.15,0.2,-0.05,1.52,0.91,0.91,0.3,1.21
5fd5e542,39.0,47.6,81.9,737.8,197.8,14.2,16.4,86.6,19.0,20.8,91.3,5.4,8.4,12.86,0.0,0.0,0.0,0.2,0.8,0.6,0.0,3.2
f4c69aa6,170.0,180.0,94.4,2240.0,470.0,100.0,100.0,100.0,50.0,50.0,100.0,0.0,0.0,,0.0,0.0,0.0,0.0,10.0,10.0,0.0,10.0
dfb50e5c,29.09,39.09,74.4,436.36,53.18,16.36,19.55,83.7,10.91,13.64,80.0,0.91,3.64,11.36,0.0,0.05,-0.05,0.45,0.45,0.91,0.45,1.82
6ce43701,10.0,15.0,66.7,92.5,2.5,10.0,12.5,80.0,0.0,2.5,0.0,0.0,0.0,,0.0,0.0,0.0,0.0,0.0,2.5,0.0,2.5
9674002f,33.93,41.67,81.4,561.07,156.43,18.21,20.12,90.5,12.26,14.64,83.7,3.21,5.36,7.14,0.24,0.27,-0.04,1.43,4.64,1.31,0.12,3.69
90463dba,44.0,48.0,91.7,806.0,282.0,20.0,22.0,90.9,18.0,20.0,90.0,4.0,4.0,200.0,0.0,0.0,0.0,0.0,4.0,0.0,0.0,8.0
ac73ec79,51.64,69.67,74.1,999.18,418.36,20.66,23.77,86.9,23.93,30.66,78.1,6.39,11.8,8.89,0.0,0.18,-0.18,1.31,2.79,1.48,0.66,3.61
3c6089ab,34.14,47.71,71.6,574.14,149.14,17.86,22.57,79.1,11.43,15.0,76.2,3.43,6.14,7.97,0.29,0.36,-0.07,2.0,3.0,1.86,0.57,4.14
eb2fe5b6,23.85,37.18,64.1,409.74,86.67,12.31,15.13,81.4,9.23,13.33,69.2,1.79,5.64,8.15,0.0,0.21,-0.21,1.28,2.31,1.28,0.26,3.08
0cadc46d,19.5,32.5,60.0,338.0,57.5,8.5,13.5,63.0,7.0,12.5,56.0,3.0,4.5,33.35,0.0,0.1,-0.1,1.5,1.5,0.0,0.0,2.0
91899ca8,33.33,40.0,83.3,533.33,236.67,10.0,10.0,100.0,23.33,30.0,77.8,0.0,0.0,,0.0,0.0,0.0,0.0,0.0,0.0,0.0,3.33
dca7b0fb,41.67,50.0,83.3,851.67,298.33,16.67,18.33,90.9,20.0,23.33,85.7,5.0,8.33,100.0,0.0,0.0,0.0,0.0,6.67,1.67,0.0,8.33
2c0558b8,35.38,39.62,89.3,499.23,113.08,21.15,23.46,90.2,11.15,11.92,93.5,1.54,1.92,30.77,0.0,0.04,-0.04,0.38,2.31,0.77,0.0,1.92
1d5cab82,36.55,49.31,74.1,583.62,187.59,18.28,22.59,80.9,15.0,20.17,74.4,2.24,3.79,10.19,0.0,0.22,-0.22,1.55,3.1,1.21,0.17,3.97
30d4a2e5,48.97,61.79,79.3,940.77,323.08,18.72,21.54,86.9,23.33,27.95,83.5,6.67,11.28,15.15,0.0,0.03,-0.03,0.51,4.1,0.0,0.0,4.87
c459a650,30.53,37.37,81.7,503.68,214.74,16.32,16.84,96.9,11.58,14.74,78.6,2.63,4.21,32.89,0.0,0.0,0.0,0.53,1.58,1.58,1.05,3.68
2946f9a1,50.88,57.75,88.1,922.12,266.5,21.88,23.38,93.6,22.62,24.38,92.8,5.88,8.75,8.39,0.0,0.0,0.0,0.0,3.62,0.0,0.0,2.0
4b6960d2,36.36,40.0,90.9,690.91,270.91,14.55,15.45,94.1,17.27,18.18,95.0,3.64,3.64,90.91,0.0,0.0,0.0,0.0,1.82,0.91,0.0,4.55
1f9328da,inf,inf,83.3,inf,inf,inf,inf,66.7,inf,inf,100.0,,,,,,,,inf,,,
be60b6f4,15.0,23.75,63.2,251.25,92.5,8.75,10.0,87.5,6.25,11.25,55.6,0.0,2.5,0.0,0.0,0.0,0.0,0.0,3.75,2.5,0.0,5.0
3f10bd22,62.94,80.78,77.9,1244.31,365.49,29.02,31.76,91.4,22.35,27.84,80.3,10.98,18.04,11.94,0.0,0.18,-0.18,1.96,3.73,4.12,2.55,6.27
ecada4fc,27.83,36.75,75.7,778.58,425.75,4.0,4.0,100.0,15.5,15.75,98.4,8.25,16.83,4.08,0.0,0.0,0.0,0.0,0.08,0.0,0.0,0.0
bcfc4473,30.0,30.0,100.0,460.0,250.0,20.0,20.0,100.0,10.0,10.0,100.0,0.0,0.0,,0.0,0.0,0.0,0.0,0.0,0.0,0.0,0.0
4f1e6a0b,30.88,40.29,76.6,457.94,116.76,22.65,27.94,81.1,5.59,7.94,70.4,2.65,3.53,22.06,0.0,0.74,-0.74,2.35,1.76,1.76,0.59,2.94
0880e10b,36.0,39.0,92.3,975.0,501.0,6.0,6.0,100.0,18.0,18.0,100.0,12.0,15.0,80.0,0.0,0.0,0.0,0.0,0.0,0.0,0.0,0.0
a9dc785c,25.67,30.67,83.7,609.67,307.67,8.33,8.33,100.0,11.67,11.67,100.0,5.33,10.33,17.2,0.0,0.0,0.0,0.0,0.0,0.0,0.0,0.0
8778c910,34.75,39.25,88.5,960.75,528.75,4.62,4.62,100.0,17.25,17.5,98.6,12.88,17.12,9.4,0.0,0.01,-0.01,0.12,0.25,0.12,0.0,0.12
36a59ba4,48.46,57.44,84.4,929.49,286.79,19.62,21.15,92.7,21.41,23.85,89.8,6.79,10.0,8.71,0.13,0.22,-0.09,1.15,3.85,0.64,0.0,4.36
69384e5d,37.83,49.4,76.6,658.07,218.67,19.52,22.05,88.5,12.17,16.39,74.3,4.94,8.67,6.86,0.24,0.23,0.01,2.17,4.1,2.29,0.12,5.42
36a79857,15.1,18.63,81.1,272.94,43.14,7.06,8.43,83.7,5.69,6.27,90.6,1.96,2.16,17.82,0.2,0.12,0.08,1.76,1.57,0.78,0.0,1.18
2054d037,16.36,20.91,78.3,194.55,0.0,7.27,8.18,88.9,5.45,6.36,85.7,0.0,0.91,0.0,0.0,0.0,0.0,0.0,0.0,0.0,0.0,0.0
c14bc029,44.12,51.76,85.2,752.16,171.76,22.55,26.47,85.2,16.86,18.24,92.5,4.51,5.69,15.55,0.0,0.0,0.0,0.0,2.94,0.59,0.2,3.73
39769cff,41.4,56.2,73.7,656.2,278.6,21.6,24.0,90.0,16.0,21.6,74.1,3.0,8.2,7.32,0.2,0.1,0.1,0.6,2.8,0.8,0.2,4.4
7c56da38,37.54,48.92,76.7,623.69,179.54,20.62,24.62,83.8,11.38,13.69,83.1,4.46,7.85,8.75,0.15,0.26,-0.11,2.77,1.69,2.46,0.62,3.54
afb0c500,35.0,40.5,86.4,767.5,369.0,7.0,7.0,100.0,22.0,22.5,97.8,6.0,10.5,28.55,0.0,0.0,0.0,0.0,0.0,0.0,0.0,0.0
6043997c,59.5,66.5,89.5,1241.0,378.0,16.5,19.5,84.6,29.0,31.0,93.5,12.5,14.5,43.1,0.0,0.0,0.0,0.0,2.0,0.0,0.0,3.0
c7526c18,66.81,72.98,91.5,1289.36,276.17,27.02,29.15,92.7,28.51,30.64,93.1,9.79,10.64,19.57,0.0,0.0,0.0,0.43,6.81,0.0,0.0,3.83
ee8508c0,15.5,25.62,60.5,528.12,356.12,2.25,2.38,94.7,5.62,5.75,97.8,7.62,17.5,5.45,0.0,0.0,0.0,0.0,0.0,0.0,0.0,0.0
a08b974a,29.4,42.0,70.0,524.8,125.2,14.4,17.0,84.7,10.0,13.8,72.5,4.0,6.6,12.12,0.0,0.12,-0.12,1.2,1.6,1.6,0.4,3.8
1d1691ad,30.0,35.0,85.7,572.5,137.5,15.0,15.0,100.0,7.5,10.0,75.0,5.0,5.0,250.0,0.0,0.0,0.0,0.0,0.0,0.0,0.0,0.0
ca607d59,36.67,46.67,78.6,615.0,50.0,21.67,26.67,81.3,10.0,11.67,85.7,3.33,5.0,111.17,0.0,0.0,0.0,1.67,3.33,1.67,0.0,1.67
d125f22f,26.67,33.33,80.0,393.33,96.67,10.0,13.33,75.0,16.67,20.0,83.3,0.0,0.0,,0.0,0.0,0.0,0.0,0.0,0.0,0.0,0.0
63b9cc6d,12.0,14.0,85.7,212.0,60.0,8.0,8.0,100.0,2.0,2.0,100.0,2.0,4.0,100.0,0.0,0.0,0.0,0.0,4.0,0.0,0.0,2.0
947e036f,31.95,44.27,72.2,601.22,161.95,15.49,17.32,89.4,10.73,14.15,75.9,5.0,10.73,5.68,0.0,0.07,-0.07,1.1,2.68,0.73,0.0,2.68
ae44e8e2,32.0,40.92,78.2,512.92,180.15,17.08,19.54,87.4,10.46,13.23,79.1,2.92,4.92,9.14,0.0,0.11,-0.11,1.54,2.0,2.46,0.15,5.38
fa73ccc7,34.89,44.67,78.1,612.67,215.33,15.11,17.33,87.2,14.89,17.78,83.8,4.22,7.33,12.8,0.22,0.18,0.04,1.56,3.11,1.33,0.0,4.44
e9c0c1b2,41.17,52.17,78.9,1149.33,633.17,9.0,9.0,100.0,16.5,16.67,99.0,15.67,26.33,9.92,0.0,0.0,0.0,0.0,0.33,0.0,0.0,0.0
e81f0356,56.0,70.0,80.0,1140.0,320.0,16.0,18.0,88.9,28.0,38.0,73.7,10.0,12.0,166.6,0.0,0.0,0.0,0.0,0.0,0.0,0.0,2.0
2944f86f,27.68,32.5,85.2,540.54,124.46,12.14,13.75,88.3,10.54,12.14,86.8,5.0,6.07,14.71,0.0,0.02,-0.02,0.36,1.96,0.71,0.18,2.5
20030c06,45.28,53.06,85.3,868.61,293.89,16.94,19.17,88.4,22.78,26.11,87.2,5.0,7.22,19.22,0.0,0.0,0.0,0.0,3.89,0.28,0.0,3.06
43a166b4,19.57,24.35,80.4,305.65,56.96,10.87,13.04,83.3,6.96,8.26,84.2,1.74,2.17,34.78,0.43,0.3,0.13,0.87,0.43,1.3,0.87,0.87
28b1f3ce,33.08,44.87,73.7,603.97,237.69,17.18,19.62,87.6,10.0,13.59,73.6,4.74,8.97,6.78,0.0,0.1,-0.1,1.28,4.36,1.54,0.0,4.74
38c7feef,50.0,66.67,75.0,1166.67,260.0,13.33,16.67,80.0,26.67,30.0,88.9,10.0,20.0,166.67,0.0,0.0,0.0,0.0,13.33,0.0,0.0,6.67
31114001,40.82,44.69,91.3,790.82,111.43,15.51,16.53,93.8,17.14,18.37,93.3,6.73,8.16,16.84,0.0,0.02,-0.02,0.41,1.84,0.2,0.0,0.41
3ef0af0d,34.86,44.0,79.2,747.71,196.86,11.71,15.14,77.4,14.29,17.14,83.3,7.71,9.43,23.37,0.0,0.0,0.0,0.29,2.0,1.43,0.29,3.43
dc7f8a28,50.0,50.0,100.0,620.0,30.0,30.0,30.0,100.0,20.0,20.0,100.0,0.0,0.0,,0.0,0.0,0.0,0.0,0.0,0.0,0.0,0.0
e0bc6fdc,49.58,62.92,78.8,734.17,255.83,30.0,32.5,92.3,16.25,20.42,79.6,2.5,7.92,13.17,0.0,0.17,-0.17,2.5,0.42,1.67,1.25,2.5
a9be27f2,27.24,35.52,76.7,621.55,200.52,6.9,8.62,80.0,13.28,14.83,89.5,6.9,10.86,10.95,0.0,0.0,0.0,0.17,1.9,0.0,0.0,1.72
dff153a4,56.89,62.7,90.7,1016.08,317.97,25.54,27.3,93.6,25.14,26.08,96.4,5.68,8.11,9.46,0.14,0.07,0.07,0.27,2.97,0.54,0.0,3.24
ed5886d2,32.59,37.04,88.0,598.15,217.41,14.81,16.67,88.9,12.96,13.7,94.6,4.07,5.56,27.15,0.0,0.0,0.0,0.37,1.48,0.0,0.0,2.59
e599253a,28.71,38.06,75.4,508.39,146.77,11.94,14.52,82.2,13.23,16.45,80.4,2.9,4.19,22.32,0.32,0.35,-0.03,1.29,3.23,0.97,0.0,3.23
5c899683,47.69,56.92,83.8,756.15,229.23,26.15,27.69,94.4,16.15,18.46,87.5,3.85,6.92,42.77,0.0,0.0,0.0,0.0,1.54,1.54,0.0,3.08
14e05913,23.0,31.0,74.2,519.0,213.0,6.0,6.0,100.0,11.0,11.0,100.0,5.0,13.0,38.5,0.0,0.0,0.0,0.0,0.0,0.0,0.0,0.0
f7223718,46.6,55.32,84.2,955.96,326.81,15.32,16.6,92.3,22.55,24.47,92.2,7.87,12.98,12.91,0.0,0.02,-0.02,0.21,2.55,0.64,0.21,2.55
00672021,51.67,62.78,82.3,925.56,229.44,22.78,26.11,87.2,23.33,27.22,85.7,5.56,8.33,37.06,0.0,0.0,0.0,0.0,7.22,0.0,0.0,3.89
ab1b205d,51.11,61.11,83.6,765.56,258.89,24.44,27.78,88.0,24.44,25.56,95.7,1.11,6.67,18.56,0.0,0.0,0.0,0.0,2.22,1.11,0.0,4.44
f3fa599d,34.15,48.68,70.2,557.36,312.26,18.49,21.89,84.5,11.51,16.04,71.8,3.4,6.98,9.17,0.0,0.02,-0.02,0.19,4.34,0.57,0.38,3.96
45a03961,56.35,69.21,81.4,1025.71,312.7,24.6,27.78,88.6,24.13,29.37,82.2,6.51,9.84,10.49,0.32,0.08,0.24,0.63,3.49,0.95,0.79,4.13
58ae47b2,33.68,48.16,69.9,603.68,147.11,17.37,22.11,78.6,11.32,13.95,81.1,4.47,10.53,11.18,0.0,0.24,-0.24,3.16,1.32,1.32,0.79,1.58
0d9b2d31,53.09,60.73,87.4,890.36,153.45,27.45,30.36,90.4,18.73,20.55,91.2,5.45,6.73,14.75,0.18,0.05,0.13,0.55,3.64,2.0,0.0,4.55
f8ce97ca,60.0,80.0,75.0,940.0,280.0,30.0,50.0,60.0,30.0,30.0,100.0,0.0,0.0,,0.0,0.0,0.0,0.0,0.0,0.0,0.0,10.0
6b915aa1,22.78,36.67,62.1,351.67,89.17,13.61,17.5,77.8,7.78,11.67,66.7,1.39,4.44,8.69,0.0,0.06,-0.06,0.83,0.83,0.56,0.28,1.94
c906ce0f,33.33,41.11,81.1,774.13,216.51,8.1,9.05,89.5,18.1,19.52,92.7,6.83,11.75,9.22,0.0,0.03,-0.03,0.32,1.27,0.0,0.0,1.27
6639e500,35.33,48.67,72.6,660.67,220.0,16.67,22.0,75.8,12.67,16.0,79.2,6.0,10.0,40.0,0.67,0.33,0.33,2.67,3.33,1.33,0.67,3.33
8fd9996f,44.71,49.54,90.3,910.69,233.45,14.94,15.63,95.6,22.41,23.79,94.2,6.9,9.2,8.62,0.0,0.01,-0.01,0.11,1.72,0.11,0.0,1.15
6fe90922,27.78,42.22,65.8,517.78,139.63,11.48,13.7,83.8,10.37,14.44,71.8,4.44,10.0,16.44,0.0,0.15,-0.15,1.48,1.48,1.11,0.74,2.22
780e3631,45.37,53.15,85.4,772.04,182.59,22.78,25.37,89.8,16.67,19.07,87.4,5.0,5.93,15.63,0.0,0.04,-0.04,0.37,2.96,0.37,0.0,3.15
17145c90,26.25,32.5,80.8,452.5,191.25,12.5,15.0,83.3,11.25,12.5,90.0,2.5,3.75,83.38,0.0,0.62,-0.62,1.25,0.0,0.0,0.0,6.25
83e1f40e,20.0,45.0,44.4,230.0,95.0,10.0,20.0,50.0,5.0,20.0,25.0,0.0,0.0,,0.0,0.0,0.0,0.0,10.0,0.0,0.0,5.0
515ebe8d,49.0,55.67,88.0,975.33,375.0,17.67,19.0,93.0,24.67,26.0,94.9,6.67,10.33,21.5,0.0,0.0,0.0,0.0,4.67,0.33,0.0,6.67
08aa9cd1,20.0,20.0,100.0,410.0,0.0,10.0,10.0,100.0,10.0,10.0,100.0,0.0,0.0,,0.0,0.0,0.0,0.0,0.0,0.0,0.0,0.0
adfc9123,75.0,76.54,98.0,1618.08,426.15,18.85,18.85,100.0,43.46,44.62,97.4,11.54,11.92,37.23,0.0,0.04,-0.04,0.77,6.54,0.0,0.0,4.62
fe2db476,66.4,76.0,87.4,1414.0,404.0,21.2,24.0,88.3,34.8,37.6,92.6,10.4,13.6,30.6,0.0,0.0,0.0,0.0,8.8,0.0,0.0,6.0
ad6df2d5,100.55,109.64,91.7,1627.82,394.55,53.09,56.18,94.5,37.82,40.55,93.3,7.45,10.18,13.31,0.0,0.07,-0.07,1.45,12.0,1.45,0.0,7.82
bc6bd723,19.33,26.67,72.5,342.17,78.17,10.0,12.5,80.0,6.83,9.17,74.5,2.0,2.83,11.77,0.33,0.15,0.18,1.33,1.67,2.17,0.17,2.67
867239d3,44.5,56.0,79.5,827.0,263.0,20.5,25.0,82.0,18.5,21.5,86.0,5.0,7.5,33.35,1.0,0.15,0.85,2.5,4.0,2.5,0.0,7.0
b1579026,27.62,33.81,81.7,520.48,216.67,8.1,9.05,89.5,15.71,18.57,84.6,2.86,4.76,28.57,0.0,0.0,0.0,0.0,0.48,0.48,0.0,1.9
67f0703d,58.91,69.78,84.4,1375.43,446.74,13.04,15.22,85.7,31.52,34.57,91.2,13.91,18.91,16.0,0.0,0.0,0.0,0.0,2.17,0.0,0.0,1.09
d2416c2e,20.71,29.46,70.3,268.75,48.04,13.04,16.61,78.5,5.0,7.5,66.7,0.89,1.07,14.88,0.18,0.09,0.09,0.89,1.07,0.54,0.0,1.07
256ac8f4,41.0,53.0,77.4,936.5,296.0,8.0,8.5,94.1,23.0,25.5,90.2,9.0,18.0,25.0,0.0,0.05,-0.05,0.5,1.5,0.0,0.0,2.0
b182a240,34.29,41.79,82.1,494.64,118.57,17.14,22.14,77.4,13.21,15.36,86.0,1.79,1.79,35.71,0.36,0.07,0.29,0.36,1.79,1.43,0.0,3.57
f090a37a,109.0,119.0,91.6,1815.0,315.0,58.0,60.0,96.7,38.0,42.0,90.5,12.0,12.0,100.0,0.0,0.5,-0.5,5.0,13.0,5.0,0.0,9.0
1bf33a9a,29.79,37.87,78.7,441.91,95.11,17.87,20.43,87.5,8.3,10.21,81.3,2.34,3.4,14.64,0.43,0.38,0.04,1.91,1.49,0.85,0.0,2.98
34c3b935,22.0,26.0,84.6,680.0,438.0,4.0,4.0,100.0,9.0,9.0,100.0,9.0,13.0,69.2,0.0,0.0,0.0,0.0,0.0,0.0,0.0,0.0
8794e251,55.54,61.79,89.9,1042.86,231.96,21.79,23.21,93.8,25.0,27.32,91.5,6.96,8.21,15.14,0.18,0.23,-0.05,1.25,5.54,1.07,0.18,4.29
0630eb63,15.0,22.0,68.2,250.0,63.0,8.0,9.0,88.9,6.0,10.0,60.0,1.0,2.0,50.0,0.0,0.0,0.0,0.0,0.0,0.0,0.0,0.0
53de807a,42.0,45.33,92.6,901.33,417.33,14.0,14.0,100.0,20.0,23.33,85.7,7.33,7.33,66.67,0.0,0.0,0.0,0.0,5.33,1.33,0.67,2.0
9a1f2e1c,43.86,54.91,79.9,744.21,344.91,21.93,24.04,91.2,17.72,21.75,81.5,3.51,7.19,8.56,0.0,0.11,-0.11,1.05,1.93,1.05,0.53,3.16
d003e213,54.83,63.67,86.1,952.83,273.0,24.83,27.17,91.4,23.83,27.17,87.7,5.0,7.5,11.12,0.0,0.0,0.0,0.17,1.5,0.17,0.17,2.67
0c2ac3cb,67.14,75.71,88.7,1041.43,225.71,37.14,37.86,98.1,20.71,25.0,82.9,6.43,8.57,53.57,0.71,0.57,0.14,2.14,7.14,0.71,0.0,7.14
9686fc54,27.0,35.0,77.1,601.0,200.33,6.33,7.33,86.4,17.33,19.33,89.7,3.33,7.67,14.5,0.0,0.0,0.0,0.0,0.67,0.0,0.0,1.67
89f951b5,70.0,78.82,88.8,1368.43,312.75,31.37,33.73,93.0,27.25,29.22,93.3,10.2,13.33,15.0,0.2,0.16,0.04,1.96,8.04,0.98,0.2,5.1
47fd5136,45.0,55.19,81.5,1159.42,427.31,10.96,12.12,90.5,18.85,20.96,89.9,14.62,21.15,13.29,0.19,0.02,0.17,0.58,4.62,0.58,0.38,4.62
7483d9f9,52.17,61.0,85.5,1149.17,382.0,13.5,15.33,88.0,27.83,30.5,91.3,10.33,14.33,12.02,0.17,0.08,0.08,0.33,4.67,0.33,0.33,5.5
8a1d7b51,27.64,37.45,73.8,425.82,173.82,14.18,16.0,88.6,11.27,15.82,71.3,1.45,4.18,6.33,0.0,0.04,-0.04,0.36,0.73,0.36,0.18,1.64
08511d65,72.98,78.94,92.5,1751.28,519.36,19.36,21.06,91.9,35.32,37.23,94.9,17.87,19.79,19.21,0.21,0.13,0.09,0.21,5.96,0.0,0.0,2.13
ef619b0b,45.5,54.75,83.1,808.75,190.25,19.25,21.5,89.5,19.5,23.25,83.9,5.25,7.5,17.5,0.0,0.15,-0.15,1.5,4.25,1.5,0.0,5.0
1dbfae2d,21.92,30.77,71.3,328.08,51.54,14.23,16.54,86.0,5.77,8.08,71.4,1.54,3.08,19.23,0.0,0.0,0.0,0.0,0.77,1.15,0.38,0.77
a1d5bd30,25.87,32.39,79.9,363.26,76.96,15.87,17.39,91.3,8.7,10.87,80.0,0.87,1.96,9.65,0.0,0.15,-0.15,0.87,1.09,1.74,0.22,2.83
e358587b,34.43,40.43,85.2,931.86,579.29,6.0,6.0,100.0,16.86,17.43,96.7,11.29,16.71,9.64,0.0,0.0,0.0,0.0,0.14,0.0,0.0,0.0
6b21b7b5,85.0,105.0,81.0,1680.0,150.0,35.0,50.0,70.0,30.0,30.0,100.0,15.0,15.0,500.0,0.0,0.0,0.0,0.0,5.0,0.0,0.0,0.0
3376a776,47.5,59.58,79.7,778.75,302.5,23.75,27.08,87.7,16.67,21.25,78.4,4.58,7.08,26.96,0.0,0.0,0.0,0.42,0.83,1.67,1.25,1.67
36a3ff67,30.39,36.75,82.7,408.18,111.3,19.48,22.08,88.2,7.79,9.48,82.2,1.43,2.21,8.4,0.26,0.21,0.05,1.3,1.3,1.43,0.0,3.51
7fa4e703,45.29,53.33,84.9,705.1,137.45,25.69,28.24,91.0,16.08,18.43,87.2,2.75,3.92,13.73,0.2,0.16,0.04,1.37,2.75,0.98,0.2,3.53
54f5ce34,42.33,50.67,83.6,842.0,345.0,14.67,16.33,89.8,20.0,22.0,90.9,7.0,10.0,23.33,0.0,0.0,0.0,0.33,5.33,0.67,0.33,4.33
0a3d6d2b,63.57,74.29,85.6,1020.71,337.86,34.29,38.57,88.9,23.57,27.14,86.8,4.29,5.0,61.21,0.0,0.0,0.0,0.0,0.71,0.71,0.0,4.29
733e7ad8,36.67,43.06,85.2,785.83,153.61,9.72,11.39,85.4,19.44,21.94,88.6,6.94,8.89,21.69,0.0,0.03,-0.03,0.56,2.22,0.28,0.0,1.67
335fa267,80.5,87.0,92.5,1260.0,446.5,43.0,45.5,94.5,30.5,31.5,96.8,4.5,6.0,37.5,0.0,0.05,-0.05,1.0,7.0,2.5,0.0,5.5
2e4f5f03,62.38,77.98,80.0,1186.55,485.24,24.64,27.62,89.2,29.88,34.52,86.6,7.5,13.33,6.7,0.0,0.15,-0.15,1.55,4.17,0.95,0.12,5.83
da27e268,92.35,99.41,92.9,1703.53,571.76,42.35,42.94,98.6,40.59,44.71,90.8,8.82,10.59,49.0,0.0,0.0,0.0,0.0,10.0,0.59,0.0,12.94
6434f10d,87.7,95.06,92.3,1779.89,349.89,33.22,35.06,94.8,39.89,41.84,95.3,14.6,17.01,9.86,0.0,0.01,-0.01,0.57,8.51,0.57,0.0,5.29
3814b753,27.5,32.0,85.9,505.0,91.0,14.0,15.5,90.3,10.5,12.5,84.0,3.0,3.0,50.0,0.0,0.25,-0.25,0.5,1.0,1.0,0.0,2.0
20df3aaf,38.57,45.0,85.7,722.86,138.57,17.14,19.29,88.9,14.29,17.14,83.3,6.43,7.14,64.29,0.0,0.07,-0.07,0.71,2.14,0.0,0.0,2.86
19709006,41.94,49.35,85.0,830.65,173.23,18.71,20.65,90.6,15.16,16.45,92.2,7.1,8.71,26.29,0.65,0.26,0.39,3.23,2.58,0.32,0.32,1.94
8f5e92a6,30.56,41.11,74.3,383.06,99.44,21.39,25.0,85.6,7.22,10.83,66.7,0.83,2.22,10.42,0.28,0.11,0.17,0.83,1.39,2.22,0.56,3.06
a3d94a58,36.23,41.74,86.8,690.43,241.88,12.61,14.49,87.0,19.28,21.16,91.1,3.62,5.07,10.35,0.14,0.13,0.01,0.58,1.3,0.14,0.0,2.75
dea698d9,28.73,35.24,81.5,393.49,73.49,18.89,21.43,88.1,6.83,8.57,79.6,2.06,3.02,10.86,0.32,0.14,0.17,1.59,2.22,0.79,0.63,1.43
ed45c4a5,53.27,60.2,88.5,938.78,200.61,26.12,27.35,95.5,20.0,21.84,91.6,6.12,8.37,14.94,0.0,0.02,-0.02,0.61,4.08,0.2,0.0,3.47
2a1beb34,41.32,53.4,77.4,775.85,248.87,15.47,17.55,88.2,20.57,23.58,87.2,4.72,10.19,8.74,0.0,0.02,-0.02,0.57,4.72,0.19,0.0,4.91
18b896d6,53.01,60.29,87.9,1146.7,328.45,15.34,16.02,95.8,28.25,30.19,93.6,8.93,13.2,6.56,0.1,0.05,0.05,0.19,2.91,0.1,0.0,1.84
14b8fcdf,15.0,15.0,100.0,315.0,45.0,5.0,5.0,100.0,10.0,10.0,100.0,0.0,0.0,,0.0,0.0,0.0,0.0,0.0,0.0,0.0,0.0
ae9898c5,75.0,80.0,93.8,1225.0,635.0,35.0,35.0,100.0,40.0,45.0,88.9,0.0,0.0,,0.0,1.0,-1.0,5.0,10.0,0.0,0.0,20.0
c64c01fc,30.0,35.0,85.7,525.0,35.0,10.0,10.0,100.0,20.0,20.0,100.0,0.0,0.0,,0.0,0.0,0.0,5.0,0.0,0.0,0.0,0.0
32314605,28.24,33.53,84.2,457.65,178.82,14.71,18.24,80.6,11.76,12.94,90.9,1.18,1.76,39.24,0.0,0.12,-0.12,1.18,1.76,0.59,0.0,2.94
86dd16a8,31.0,40.83,75.9,531.17,215.33,14.5,17.17,84.5,13.0,16.33,79.6,3.17,5.67,9.32,0.0,0.02,-0.02,0.33,1.83,0.67,0.17,3.0
903b6e8b,24.33,35.5,68.5,684.83,417.67,4.67,4.83,96.6,11.17,11.5,97.1,8.17,18.83,7.23,0.0,0.0,0.0,0.0,0.17,0.0,0.0,0.0
e280527c,50.16,63.81,78.6,977.46,295.24,22.86,26.67,85.7,18.73,23.33,80.3,7.94,11.43,11.02,0.32,0.08,0.24,0.63,5.4,1.43,0.0,7.62
4c32fb38,17.5,17.5,100.0,220.0,100.0,7.5,7.5,100.0,2.5,2.5,100.0,2.5,2.5,250.0,0.0,0.0,0.0,0.0,0.0,0.0,0.0,0.0
d97b252e,18.0,30.75,58.5,680.5,487.0,1.25,1.25,100.0,5.75,5.75,100.0,11.0,23.75,11.58,0.0,0.0,0.0,0.0,0.5,0.0,0.0,0.0
d63e2912,44.83,53.33,84.1,712.33,226.17,24.33,26.83,90.7,15.67,18.5,84.7,3.5,5.17,11.28,0.0,0.02,-0.02,0.17,2.17,0.17,0.0,2.5
e342ad68,21.86,29.07,75.2,341.4,93.95,12.56,14.3,87.8,7.33,10.12,72.4,1.51,2.33,7.56,0.12,0.12,0.0,0.93,1.28,1.28,0.12,3.49
74733221,17.0,24.0,70.8,579.5,420.5,2.5,2.5,100.0,6.0,6.5,92.3,8.5,15.0,28.35,0.0,0.0,0.0,0.0,0.0,0.0,0.0,0.0
2c0f8e9e,29.23,37.69,77.6,497.69,146.15,11.54,13.08,88.2,10.77,13.08,82.4,3.85,5.38,54.92,0.0,0.08,-0.08,3.08,3.08,2.31,0.0,6.15
dbf053da,54.19,63.95,84.7,820.93,234.42,30.7,32.56,94.3,18.84,21.63,87.1,3.26,6.98,10.86,0.7,0.33,0.37,3.49,3.72,3.95,0.47,6.98
0d82903c,63.77,76.42,83.5,1166.23,346.04,25.85,28.11,91.9,29.43,33.58,87.6,7.17,11.32,11.94,0.19,0.13,0.06,1.51,5.28,1.89,0.94,4.91
2b114be3,29.69,37.5,79.2,477.66,82.03,15.94,19.22,82.9,9.38,11.72,80.0,3.12,4.69,10.42,0.0,0.16,-0.16,1.88,0.62,1.72,0.78,1.56
6e7f1353,27.32,35.61,76.7,447.32,108.54,13.66,15.85,86.2,10.98,12.68,86.5,1.71,5.12,8.12,0.0,0.02,-0.02,0.49,2.68,0.49,0.0,2.44
c50e5bba,43.18,59.55,72.5,849.55,394.09,15.45,17.27,89.5,21.59,26.14,82.6,4.77,12.73,8.52,0.0,0.07,-0.07,0.68,5.23,0.68,0.23,5.0
24051310,26.15,35.94,72.8,474.27,212.71,11.67,14.27,81.8,10.62,14.27,74.5,3.33,6.04,5.75,0.0,0.02,-0.02,0.31,1.15,0.42,0.21,1.56
9744ff80,36.25,43.75,82.9,526.25,165.62,25.62,26.25,97.6,8.12,11.25,72.2,2.5,3.75,41.69,0.0,0.19,-0.19,1.88,3.75,1.88,0.0,2.5
1a4b9094,72.86,84.29,86.4,1096.67,425.71,44.76,48.57,92.2,23.33,25.71,90.7,3.81,7.14,25.38,0.0,0.05,-0.05,1.9,5.71,4.29,2.38,10.0
4315f30d,31.06,35.74,86.9,671.06,232.98,9.36,10.43,89.8,15.74,16.38,96.1,5.96,8.72,14.53,0.0,0.0,0.0,0.0,1.7,0.0,0.0,0.85
f6ac68c1,34.68,41.77,83.0,748.86,246.46,11.52,12.66,91.0,15.57,17.72,87.9,7.47,10.76,8.78,0.0,0.0,0.0,0.13,2.91,0.0,0.0,2.28
b0c7a51d,43.33,49.83,87.0,1036.33,337.83,8.67,10.0,86.7,22.33,24.67,90.5,12.17,15.0,13.52,0.0,0.07,-0.07,0.67,2.83,0.5,0.0,4.33
746fec7d,60.0,70.0,85.7,786.67,140.0,40.0,46.67,85.7,13.33,13.33,100.0,3.33,6.67,166.67,0.0,0.0,0.0,0.0,6.67,0.0,0.0,3.33
fa274d97,40.43,50.43,80.2,630.87,248.26,24.35,28.26,86.2,12.61,15.22,82.9,2.61,5.22,21.74,0.0,0.13,-0.13,0.43,3.48,0.87,0.43,3.48
e613313c,52.86,63.57,83.1,1189.29,318.39,10.36,11.96,86.6,33.21,37.5,88.6,9.11,13.57,11.98,0.0,0.0,0.0,0.0,2.14,0.0,0.0,2.32
c904f3d5,45.76,53.56,85.4,1014.24,300.0,10.85,12.03,90.1,26.27,28.14,93.4,8.47,12.54,11.46,0.0,0.0,0.0,0.0,1.53,0.0,0.0,1.69
b70bde8f,100.0,110.0,90.9,1650.0,540.0,40.0,40.0,100.0,50.0,50.0,100.0,10.0,20.0,500.0,0.0,0.0,0.0,0.0,0.0,0.0,0.0,10.0
52e101a8,42.0,48.0,87.5,695.0,270.0,18.0,21.0,85.7,23.0,24.0,95.8,1.0,2.0,50.0,0.0,0.0,0.0,0.0,4.0,1.0,1.0,3.0
e8c0cafd,40.0,45.0,88.9,700.0,95.0,20.0,20.0,100.0,10.0,12.5,80.0,7.5,10.0,187.5,0.0,0.0,0.0,0.0,0.0,0.0,0.0,0.0
17e3e467,48.09,54.26,88.6,926.6,216.6,22.34,25.32,88.2,16.6,18.09,91.8,8.09,8.94,19.26,0.0,0.0,0.0,0.21,5.32,0.85,0.21,3.4
6421ec64,40.0,51.67,77.4,710.56,190.56,17.22,20.0,86.1,17.22,20.56,83.8,4.44,9.44,26.17,0.0,0.22,-0.22,1.67,3.33,3.33,0.0,5.0
9c94165b,59.46,73.51,80.9,1014.32,449.46,32.43,34.86,93.0,21.08,24.59,85.7,4.86,10.54,12.49,0.27,0.11,0.16,1.62,6.22,1.08,0.81,7.3
a81ed730,39.66,43.45,91.3,735.17,135.86,15.86,16.55,95.8,17.93,19.66,91.2,4.83,6.21,26.83,0.0,0.0,0.0,0.0,2.41,0.69,0.0,2.41
3d2320f7,30.93,36.28,85.3,577.44,71.86,14.19,16.28,87.1,10.23,11.16,91.7,5.35,7.44,16.72,0.0,0.0,0.0,0.0,1.4,0.23,0.0,1.4
3eb22ec9,46.12,52.04,88.6,732.04,132.52,23.4,25.53,91.6,18.06,19.81,91.2,2.82,3.69,7.41,0.19,0.2,-0.01,1.55,2.72,1.55,0.1,4.08
86e7deaf,50.0,54.92,91.0,1057.78,410.48,16.03,16.98,94.4,25.4,26.67,95.2,7.94,10.32,12.21,0.0,0.0,0.0,0.0,3.33,0.48,0.0,3.33
2690dffa,inf,inf,100.0,inf,inf,inf,inf,100.0,inf,inf,100.0,,,,,,,,,,,
fd9c4805,27.63,33.95,81.4,497.11,56.84,13.68,15.79,86.7,10.53,12.37,85.1,3.16,4.47,18.58,0.0,0.08,-0.08,0.26,1.32,0.26,0.0,0.79
30f5ffa9,66.67,72.67,91.7,1386.67,380.33,19.0,20.67,91.9,38.67,40.33,95.9,8.33,11.0,25.27,0.0,0.0,0.0,0.0,6.0,0.33,0.33,4.0
defb905a,39.56,46.0,86.0,881.78,242.44,11.11,11.56,96.2,20.67,23.11,89.4,7.78,10.89,15.87,0.0,0.02,-0.02,0.44,1.78,0.0,0.0,1.33
76d5857d,30.8,40.0,77.0,514.8,207.4,16.6,19.0,87.4,11.2,15.0,74.7,2.8,4.0,14.0,0.0,0.04,-0.04,0.8,1.0,1.0,0.6,3.0
cbbfa2e7,21.82,32.73,66.7,342.73,50.91,12.73,18.64,68.3,6.82,9.09,75.0,1.82,3.64,22.73,0.0,0.09,-0.09,0.91,0.0,0.45,0.0,0.91
2ccd89a3,54.0,66.0,81.8,956.57,370.29,22.86,25.14,90.9,24.86,29.43,84.5,5.43,8.29,18.71,0.0,0.06,-0.06,0.86,6.29,0.57,0.0,8.0
886f9aac,30.0,31.95,93.9,492.44,65.37,15.37,15.85,96.9,12.2,12.68,96.2,2.2,2.68,19.95,0.0,0.0,0.0,0.0,0.98,0.24,0.24,0.98
c1febb46,32.12,37.31,86.1,475.77,76.15,15.58,18.46,84.4,14.62,16.15,90.5,0.38,0.77,9.62,0.0,0.02,-0.02,0.77,1.15,0.19,0.0,0.77
420c18a1,34.38,43.12,79.7,863.5,335.12,5.62,5.62,100.0,19.5,19.75,98.7,9.0,17.5,6.42,0.0,0.0,0.0,0.0,0.0,0.0,0.0,0.0
28f66c2e,22.78,33.89,67.2,537.78,238.89,5.0,8.33,60.0,11.67,13.89,84.0,6.11,10.0,33.94,0.0,0.0,0.0,0.0,1.67,0.56,0.0,2.78
2fd337af,38.82,47.06,82.5,899.41,453.53,11.76,11.76,100.0,15.88,18.82,84.4,8.82,13.53,38.35,0.0,0.06,-0.06,0.59,7.06,0.59,0.59,5.88
7a435eb3,25.0,30.0,83.3,347.5,55.0,12.5,17.5,71.4,12.5,12.5,100.0,0.0,0.0,,0.0,0.5,-0.5,2.5,0.0,0.0,0.0,5.0
8e8f40e0,20.0,35.0,57.1,377.5,62.5,7.5,12.5,60.0,12.5,20.0,62.5,0.0,2.5,0.0,0.0,0.0,0.0,0.0,5.0,0.0,0.0,2.5
ac4003af,17.8,23.2,76.7,537.8,310.4,3.6,3.6,100.0,7.6,7.8,97.4,6.6,11.8,11.18,0.0,0.0,0.0,0.0,0.4,0.0,0.0,0.0
27d902c8,15.83,20.67,76.6,454.83,251.17,1.83,1.83,100.0,7.83,7.83,100.0,5.83,10.5,9.27,0.0,0.0,0.0,0.0,0.33,0.0,0.0,0.0
42130443,23.0,25.0,92.0,435.0,212.0,9.0,9.0,100.0,11.0,11.0,100.0,3.0,5.0,60.0,0.0,0.0,0.0,0.0,0.0,0.0,0.0,0.0
ee3519f5,51.25,57.19,89.6,1113.12,237.5,14.38,14.69,97.9,26.25,29.38,89.4,10.0,11.88,26.31,0.0,0.06,-0.06,0.31,3.44,0.0,0.0,1.56
b400bde0,28.33,33.19,85.4,387.64,85.69,17.5,19.44,90.0,9.72,11.11,87.5,0.42,0.97,5.96,0.28,0.24,0.04,0.97,1.53,0.97,0.0,2.78
3b1ed320,120.0,130.0,92.3,2745.0,675.0,55.0,60.0,91.7,20.0,20.0,100.0,45.0,50.0,450.0,0.0,0.0,0.0,0.0,30.0,0.0,0.0,25.0
7cd6badb,33.9,43.22,78.4,564.07,114.75,17.97,19.83,90.6,11.53,15.08,76.4,3.56,6.1,9.88,0.34,0.14,0.2,2.03,2.03,1.02,0.0,2.37
5eecec3d,70.9,74.38,95.3,1472.81,415.96,21.46,22.13,97.0,37.98,39.21,96.8,11.24,12.58,10.03,0.0,0.0,0.0,0.11,3.93,0.0,0.0,2.47
339fe0e8,10.0,18.0,55.6,351.0,251.0,3.0,3.0,100.0,3.0,3.0,100.0,4.0,12.0,33.3,0.0,0.0,0.0,0.0,1.0,0.0,0.0,0.0
ef2e5e1a,76.67,83.33,92.0,1046.67,360.0,40.0,40.0,100.0,33.33,36.67,90.9,0.0,3.33,0.0,0.0,0.0,0.0,0.0,6.67,0.0,0.0,10.0
a6154613,17.25,25.29,68.2,269.02,41.18,9.61,12.94,74.2,4.9,7.25,67.6,1.96,2.75,14.0,0.0,0.12,-0.12,1.37,0.59,0.98,0.0,1.57
1e1378e1,58.0,64.0,90.6,854.0,254.0,36.0,40.0,90.0,16.0,18.0,88.9,4.0,4.0,200.0,0.0,0.2,-0.2,4.0,4.0,0.0,0.0,4.0
a793f5a8,40.0,40.0,100.0,760.0,10.0,30.0,30.0,100.0,0.0,0.0,,10.0,10.0,1000.0,0.0,0.0,0.0,0.0,0.0,0.0,0.0,0.0
e33c06cf,70.83,76.5,92.6,1501.0,448.33,20.17,21.0,96.0,37.17,39.33,94.5,12.67,14.83,14.23,0.0,0.02,-0.02,0.17,6.0,0.5,0.17,5.83
d94653be,31.3,41.74,75.0,504.35,124.78,16.96,20.43,83.0,12.17,14.78,82.4,1.74,3.91,19.3,0.0,0.0,0.0,0.0,1.3,0.43,0.0,2.17
73affbb6,12.65,16.76,75.4,174.41,11.47,7.06,9.12,77.4,4.41,5.88,75.0,0.59,0.88,19.62,0.0,0.03,-0.03,0.29,0.0,0.0,0.0,0.29
4e219ad2,32.58,45.48,71.6,593.55,139.03,17.74,19.03,93.2,9.68,15.16,63.8,4.84,8.71,17.94,0.0,0.03,-0.03,0.97,2.58,1.29,0.65,1.94
bd20f4eb,57.04,66.3,86.0,940.37,333.33,27.78,30.74,90.4,20.37,24.81,82.1,5.56,7.04,29.22,0.37,0.15,0.22,1.85,2.96,0.37,0.0,2.96
9614b550,33.4,45.6,73.2,719.2,161.4,7.2,11.0,65.5,21.0,24.4,86.1,4.6,9.6,9.58,0.0,0.2,-0.2,0.8,1.8,0.0,0.0,2.0
c71e97ba,55.64,60.0,92.7,1094.62,164.36,20.77,21.28,97.6,25.9,27.18,95.3,8.46,10.26,21.15,0.0,0.03,-0.03,0.26,3.59,0.0,0.0,2.31
01b8a2b2,22.05,23.97,92.0,479.18,282.33,6.85,6.85,100.0,10.96,10.96,100.0,3.97,5.75,9.45,0.0,0.0,0.0,0.0,0.0,0.0,0.0,0.0
934e1968,33.04,48.39,68.3,618.75,242.68,14.29,17.86,80.0,12.68,15.89,79.8,4.82,11.07,7.77,0.0,0.16,-0.16,2.32,3.04,1.61,0.36,4.64
e92cd3f7,17.69,21.54,82.1,292.31,36.92,8.46,9.23,91.7,7.69,9.23,83.3,1.54,1.54,76.92,0.0,0.0,0.0,0.77,0.0,0.0,0.0,1.54
2475dcc6,30.67,42.67,71.9,507.33,163.67,17.5,20.33,86.1,8.83,12.17,72.6,4.0,7.83,8.52,0.5,0.27,0.23,2.5,1.83,1.33,0.5,3.83
f0661424,39.65,53.68,73.9,711.75,330.0,17.72,21.23,83.5,17.54,22.98,76.3,3.86,8.07,8.39,0.0,0.02,-0.02,0.18,2.63,0.53,0.18,4.91
7272a72a,35.16,39.68,88.6,631.94,124.19,17.74,19.03,93.2,11.94,13.23,90.2,4.19,5.16,26.23,0.0,0.03,-0.03,0.32,1.94,1.94,0.0,3.23
a0f9b535,58.0,72.0,80.6,1206.0,296.0,14.0,18.0,77.8,36.0,36.0,100.0,8.0,14.0,114.2,0.0,0.0,0.0,0.0,6.0,2.0,0.0,10.0
4c2a5d34,10.45,16.36,63.9,169.55,36.82,4.55,7.27,62.5,5.0,5.45,91.7,0.45,1.36,15.14,0.0,0.0,0.0,0.0,0.91,0.0,0.0,0.91
bfe272bd,51.5,60.5,85.1,964.5,223.0,22.5,24.0,93.8,22.5,23.5,95.7,6.5,12.0,27.1,0.0,0.05,-0.05,1.5,3.0,1.0,0.0,3.5
e73c9bb2,35.62,52.5,67.9,705.31,320.0,15.0,18.12,82.8,15.31,19.69,77.8,5.0,11.88,13.16,0.0,0.19,-0.19,3.12,2.19,0.94,0.94,1.88
6f51e382,24.2,26.8,90.3,592.0,394.6,6.6,6.8,97.1,10.2,10.4,98.1,7.4,9.6,15.42,0.0,0.0,0.0,0.0,0.2,0.0,0.0,0.0
5148dcc5,17.41,22.22,78.3,295.19,82.96,6.3,6.67,94.4,7.78,9.26,84.0,1.48,3.33,16.44,0.0,0.33,-0.33,2.59,0.74,1.11,0.37,1.48
7120a04d,20.0,25.09,79.7,358.6,73.51,9.3,10.53,88.3,7.72,9.3,83.0,2.46,3.33,12.93,0.18,0.11,0.07,1.05,1.23,0.7,0.18,1.58
2b9fdeea,26.04,36.79,70.8,383.58,125.47,16.04,19.43,82.5,6.42,9.25,69.4,2.26,6.42,6.66,0.0,0.15,-0.15,1.32,1.7,1.13,0.0,3.58
6f8cd6d0,21.21,26.52,80.0,311.67,87.42,12.88,14.55,88.5,6.52,8.48,76.8,1.21,1.97,9.32,0.3,0.17,0.14,0.61,1.36,0.3,0.0,2.42
6b8887c2,10.0,10.0,100.0,100.0,10.0,10.0,10.0,100.0,0.0,0.0,,0.0,0.0,,0.0,0.0,0.0,0.0,0.0,10.0,0.0,10.0
41034650,inf,inf,50.0,inf,inf,inf,inf,50.0,,,,,,,,,,,,,,
652d4c37,53.93,61.43,87.8,1014.64,257.14,26.07,29.64,88.0,17.5,17.86,98.0,8.21,9.64,30.43,0.0,0.07,-0.07,1.07,7.86,2.14,0.36,7.86
c56dc39e,36.23,45.65,79.4,720.72,259.28,12.9,15.51,83.2,18.55,20.58,90.1,4.64,8.55,7.86,0.0,0.0,0.0,0.14,3.91,0.14,0.14,3.62
f93c876b,30.8,36.0,85.6,573.6,114.0,9.2,9.6,95.8,18.8,20.0,94.0,1.6,4.0,16.0,0.0,0.0,0.0,0.0,1.2,0.0,0.0,0.8
52611641,82.0,92.0,89.1,1550.0,374.0,28.0,30.0,93.3,40.0,46.0,87.0,14.0,16.0,175.0,0.0,0.0,0.0,0.0,12.0,0.0,0.0,16.0
9e1035f8,14.0,16.75,83.6,215.0,42.75,8.75,9.5,92.1,3.0,4.0,75.0,1.5,2.0,18.75,0.0,0.2,-0.2,2.0,0.75,1.25,0.0,2.25
58a9a4d9,59.03,69.68,84.7,1223.55,356.77,27.74,30.32,91.5,16.45,20.0,82.3,13.23,16.77,25.42,0.32,0.19,0.13,2.58,7.74,1.94,0.65,6.13
a4b1028a,49.67,66.0,75.3,958.67,338.0,18.5,21.5,86.0,23.67,30.5,77.6,6.67,11.33,9.8,0.0,0.0,0.0,0.17,4.17,0.83,0.33,4.83
096a77c4,23.33,33.33,70.0,320.0,0.0,13.33,16.67,80.0,10.0,13.33,75.0,0.0,0.0,,0.0,0.0,0.0,0.0,0.0,0.0,0.0,0.0
77e39b04,44.86,55.14,81.4,606.22,128.92,30.0,33.78,88.8,11.62,15.41,75.4,1.35,1.89,19.3,0.0,0.05,-0.05,0.54,2.43,0.54,0.0,3.24
21512407,54.26,69.85,77.7,995.59,468.24,23.09,25.74,89.7,23.53,29.26,80.4,6.76,12.21,8.15,0.0,0.12,-0.12,1.32,3.24,3.68,1.03,9.41
41f0b196,26.0,42.8,60.7,812.0,462.8,3.6,3.6,100.0,10.8,11.2,96.4,11.6,28.0,8.28,0.0,0.0,0.0,0.0,0.0,0.0,0.0,0.0
5d0e0a1f,55.56,70.37,78.9,964.44,288.52,24.44,27.04,90.4,26.67,32.59,81.8,3.33,6.67,18.52,0.0,0.04,-0.04,0.74,2.96,1.48,0.74,2.96
f315ca93,49.29,67.86,72.6,904.29,347.86,20.0,23.57,84.8,21.43,27.14,78.9,5.71,15.0,27.21,0.0,0.0,0.0,0.0,6.43,0.0,0.0,7.86
f7e87032,23.4,31.49,74.3,357.87,88.94,13.19,14.89,88.6,7.02,11.06,63.5,2.13,3.62,12.51,0.0,0.02,-0.02,0.43,1.06,1.7,0.64,2.13
2baec6ce,30.43,33.48,90.9,645.22,203.48,10.87,12.61,86.2,14.78,15.22,97.1,4.78,5.22,39.87,0.0,0.0,0.0,0.0,0.87,0.0,0.0,0.43
ed140063,33.62,45.17,74.4,631.9,205.17,15.0,17.93,83.7,13.28,15.17,87.5,4.83,9.48,8.78,0.17,0.12,0.05,1.72,2.59,1.55,0.69,3.79
1a799243,33.17,46.17,71.8,569.0,259.83,16.0,18.83,85.0,13.5,18.17,74.3,3.0,7.83,6.38,0.0,0.22,-0.22,1.33,2.17,1.33,0.33,5.5
3eed9821,62.5,62.5,100.0,1097.5,355.0,25.0,25.0,100.0,27.5,27.5,100.0,7.5,7.5,250.0,0.0,0.0,0.0,0.0,0.0,0.0,0.0,2.5
d248cd8f,67.76,79.1,85.7,1560.0,418.51,16.57,18.51,89.5,34.33,37.91,90.6,16.12,20.9,11.51,0.0,0.01,-0.01,0.15,4.78,0.15,0.0,4.18
b997c3de,26.39,31.33,84.2,413.98,103.37,14.1,14.94,94.4,9.28,10.84,85.6,2.05,4.22,5.86,0.12,0.02,0.1,0.48,1.69,0.12,0.0,2.41
9ddb85e8,21.6,26.8,80.6,316.4,103.2,14.0,16.4,85.4,4.4,6.0,73.3,2.0,2.4,33.32,0.0,0.0,0.0,0.4,2.0,0.4,0.4,2.4
01da7812,20.37,27.41,74.3,382.96,84.81,7.78,9.63,80.8,9.26,11.85,78.1,2.59,4.81,19.93,0.0,0.0,0.0,0.37,2.22,0.74,0.37,1.85
7b456af7,15.5,21.5,72.1,472.5,239.0,2.0,2.0,100.0,9.0,9.0,100.0,4.5,10.5,21.45,0.0,0.0,0.0,0.0,0.0,0.0,0.0,0.0
7a4cea18,51.79,67.14,77.1,823.57,239.29,32.86,36.43,90.2,11.43,15.36,74.4,6.07,12.5,17.36,0.36,0.25,0.11,2.86,6.43,1.43,0.36,3.93
9778d8dd,34.0,48.0,70.8,713.0,330.0,13.0,19.0,68.4,16.0,19.0,84.2,5.0,10.0,50.0,0.0,0.0,0.0,0.0,5.0,2.0,0.0,9.0
0959c2a2,48.33,57.96,83.4,851.11,215.56,23.15,26.85,86.2,19.44,22.59,86.1,4.81,6.48,13.76,0.0,0.13,-0.13,1.3,4.07,1.11,0.37,3.52
21453b2e,inf,inf,75.0,inf,,inf,inf,100.0,,,,inf,inf,inf,,,,,,,,
2bf50b37,10.0,10.0,100.0,160.0,100.0,0.0,0.0,,10.0,10.0,100.0,0.0,0.0,,0.0,0.0,0.0,0.0,0.0,0.0,0.0,0.0
392a7aea,60.34,70.68,85.4,1196.44,255.42,27.8,31.86,87.2,19.15,21.02,91.1,11.19,13.9,13.64,0.0,0.12,-0.12,0.85,5.76,1.86,0.0,6.1
9f8e9423,67.0,74.22,90.3,1559.89,365.44,13.33,14.89,89.6,39.11,40.78,95.9,14.22,17.0,9.3,0.0,0.0,0.0,0.11,3.78,0.11,0.0,1.44
467bae22,34.0,48.0,70.8,483.0,72.0,23.0,30.0,76.7,7.0,10.0,70.0,3.0,6.0,50.0,0.0,0.1,-0.1,1.0,4.0,0.0,0.0,1.0
fd51b456,71.62,82.5,86.8,1297.0,362.12,32.62,35.38,92.2,31.12,34.12,91.2,7.25,10.75,8.43,0.25,0.25,0.0,2.0,5.5,1.88,0.75,6.12
2ebc1b44,15.31,20.62,74.2,237.19,34.06,9.38,11.88,78.9,3.75,5.0,75.0,1.56,2.19,22.31,0.0,0.12,-0.12,0.31,0.94,0.0,0.0,0.94
1467af0d,70.54,77.32,91.2,1119.29,296.96,41.79,43.93,95.1,20.54,22.32,92.0,7.14,8.39,15.2,0.36,0.18,0.18,1.79,4.29,1.25,0.0,5.54
f5f2ec59,18.0,30.0,60.0,244.0,16.0,16.0,20.0,80.0,0.0,4.0,0.0,2.0,2.0,200.0,0.0,0.0,0.0,2.0,0.0,0.0,0.0,0.0
67cdbc0e,42.81,48.44,88.4,863.75,191.56,16.88,17.81,94.7,18.44,20.94,88.1,6.88,7.81,27.5,0.0,0.12,-0.12,0.62,2.81,0.94,0.31,3.12
6412cc03,30.0,36.67,81.8,633.89,151.67,12.22,15.56,78.6,10.0,11.11,90.0,7.22,8.89,45.17,0.0,0.0,0.0,0.0,3.33,1.67,0.0,5.56
c7069d87,25.35,34.88,72.7,473.95,185.12,11.4,13.26,86.0,9.07,11.4,79.6,3.95,7.21,12.74,0.23,0.05,0.19,1.16,2.09,0.47,0.23,3.49
b937e490,60.0,85.0,70.6,845.0,420.0,35.0,50.0,70.0,20.0,25.0,80.0,5.0,10.0,250.0,0.0,0.0,0.0,0.0,10.0,0.0,0.0,5.0
da1185fc,32.13,50.85,63.2,725.32,265.11,10.64,15.32,69.4,14.26,18.3,77.9,7.23,14.47,10.64,0.43,0.11,0.32,1.06,3.4,1.06,0.21,7.02
d4f034db,37.14,47.14,78.8,822.86,225.0,11.43,12.86,88.9,19.29,19.29,100.0,5.71,13.57,30.07,0.0,0.0,0.0,0.0,0.71,0.0,0.0,1.43
db750822,40.0,60.0,66.7,503.33,76.67,26.67,33.33,80.0,6.67,10.0,66.7,3.33,3.33,333.33,0.0,0.0,0.0,0.0,0.0,0.0,0.0,3.33
e4d5e2ae,inf,inf,100.0,inf,,inf,inf,100.0,,,,,,,,,,,,,,
c24544c7,44.04,55.79,78.9,725.96,196.32,21.58,24.39,88.5,16.84,18.6,90.6,4.21,10.53,7.02,0.35,0.26,0.09,1.93,2.63,0.35,0.18,3.68
d0d8dd44,65.0,68.17,95.4,1486.67,327.67,12.0,12.83,93.5,41.83,42.67,98.0,11.0,12.17,15.07,0.0,0.0,0.0,0.0,3.17,0.5,0.0,2.67
d2795011,28.1,35.71,78.7,439.05,98.1,19.05,22.86,83.3,6.67,7.14,93.3,1.9,3.33,27.19,0.48,0.05,0.43,0.95,0.48,0.48,0.0,2.38
86dd77d1,68.62,77.25,88.8,1348.53,331.19,26.61,28.17,94.5,31.56,34.04,92.7,10.0,12.84,7.15,0.0,0.02,-0.02,0.28,6.15,0.55,0.18,4.22
9e525177,41.92,50.19,83.5,632.88,252.69,22.5,24.62,91.4,17.12,20.58,83.2,1.73,3.85,8.65,0.19,0.04,0.15,0.77,1.92,0.19,0.0,2.5
5da33b33,27.83,39.57,70.3,422.17,125.22,14.35,18.26,78.6,10.87,15.65,69.4,1.74,2.61,29.0,0.0,0.04,-0.04,0.43,1.74,1.74,0.0,5.22
33b11df6,51.25,53.75,95.3,856.88,206.25,30.62,32.5,94.2,15.62,15.62,100.0,4.38,4.38,62.5,0.0,0.25,-0.25,1.25,1.25,1.25,0.62,3.12
b69261a0,41.25,50.0,82.5,713.33,292.08,15.83,17.92,88.4,21.67,24.58,88.1,2.08,3.75,23.17,0.0,0.04,-0.04,1.25,2.08,0.0,0.0,3.33
49fe9070,20.22,26.78,75.5,279.22,57.33,12.78,16.22,78.8,5.67,7.33,77.3,0.67,0.89,8.33,0.33,0.12,0.21,0.67,0.89,1.0,0.0,2.22
eb58eef0,42.88,47.0,91.2,724.25,129.5,20.0,21.62,92.5,19.62,21.12,92.9,2.62,3.25,10.1,0.0,0.01,-0.01,0.12,3.25,0.0,0.0,3.25
5e74d6c8,35.71,41.43,86.2,581.43,115.71,24.29,28.57,85.0,8.57,10.0,85.7,2.86,2.86,142.86,0.0,0.0,0.0,0.0,1.43,0.0,0.0,0.0
dd323728,54.76,68.57,79.9,1231.9,454.76,18.57,19.05,97.5,24.29,26.67,91.1,11.9,21.43,26.48,0.48,0.29,0.19,0.95,2.86,0.95,0.95,7.62
012c975a,54.59,61.89,88.2,1203.78,341.89,14.05,16.22,86.7,31.08,32.97,94.3,9.46,12.16,21.03,0.0,0.0,0.0,0.0,0.81,0.0,0.0,0.54
5dfc6ad5,80.75,85.5,94.4,1491.25,299.75,34.0,36.25,93.8,38.0,38.75,98.1,8.75,9.75,22.42,0.0,0.15,-0.15,0.5,6.75,0.5,0.0,4.5
4b803b3c,41.05,54.56,75.2,910.35,339.12,11.93,14.39,82.9,19.82,24.21,81.9,8.95,14.91,10.53,0.0,0.02,-0.02,0.35,5.79,0.35,0.0,4.91
be42a291,24.44,33.33,73.3,404.44,111.11,16.67,21.11,78.9,4.44,5.56,80.0,3.33,4.44,83.33,0.0,0.0,0.0,0.0,1.11,1.11,0.0,2.22
be927d03,33.91,45.0,75.4,601.96,201.52,17.61,18.7,94.2,12.39,17.17,72.2,3.04,6.74,9.83,0.0,0.04,-0.04,0.43,1.74,0.87,0.65,1.3
88968486,47.83,53.67,89.1,1118.83,230.5,8.5,9.5,89.5,28.5,30.17,94.5,10.5,13.33,13.13,0.0,0.0,0.0,0.0,1.0,0.0,0.0,0.83
a4effc55,40.0,45.0,88.9,970.0,150.0,10.0,10.0,100.0,15.0,15.0,100.0,15.0,20.0,375.0,0.0,0.0,0.0,0.0,5.0,0.0,0.0,0.0
384d58d9,33.44,35.94,93.0,580.62,141.88,15.62,16.25,96.2,14.06,14.69,95.7,3.44,4.69,22.91,0.0,0.03,-0.03,0.31,0.94,0.31,0.31,1.56
d3de9af0,21.21,31.55,67.2,326.9,80.86,10.69,15.0,71.3,7.59,10.52,72.1,1.55,2.59,10.34,0.34,0.05,0.29,0.86,0.86,1.03,0.0,2.93
ed87a229,14.17,21.67,65.4,185.0,62.5,9.17,12.5,73.3,3.33,5.83,57.1,0.83,2.5,27.75,0.83,0.0,0.83,0.83,0.83,0.0,0.0,1.67
ed2b33cb,42.22,52.22,80.9,786.11,387.78,16.11,17.78,90.6,19.44,22.78,85.4,5.56,7.78,39.67,0.0,0.11,-0.11,1.67,7.78,2.22,1.67,8.89
833a8fbc,26.27,36.78,71.4,515.76,241.69,12.71,13.9,91.5,8.47,11.53,73.5,4.92,8.98,9.27,0.17,0.05,0.12,0.85,2.37,1.69,0.17,4.58
51cf8561,91.23,103.38,88.2,1481.69,416.15,48.31,51.69,93.5,36.0,40.62,88.6,6.0,8.77,10.52,0.15,0.02,0.14,0.31,9.38,0.92,0.0,5.38
028e70b9,20.0,20.0,100.0,330.0,200.0,0.0,0.0,,10.0,10.0,100.0,0.0,0.0,,0.0,0.0,0.0,0.0,0.0,0.0,0.0,0.0
6622454d,41.03,54.1,75.8,713.33,243.08,20.51,24.62,83.3,13.08,16.15,81.0,5.13,9.23,14.26,0.0,0.33,-0.33,2.31,4.62,1.54,0.0,7.18
ce4246f5,65.6,73.4,89.4,1463.4,345.0,15.4,16.2,95.1,37.8,39.8,95.0,12.2,16.8,14.52,0.0,0.0,0.0,0.0,2.6,0.0,0.0,2.2
adfbe1f5,21.4,29.77,71.9,382.09,97.21,10.93,13.26,82.5,6.51,9.07,71.8,3.49,5.58,14.53,0.23,0.09,0.14,0.93,2.09,1.63,0.0,3.49
79300479,47.33,54.0,87.7,728.0,149.33,24.0,26.67,90.0,16.67,18.67,89.3,4.0,6.0,44.47,0.0,0.2,-0.2,2.67,1.33,3.33,0.67,2.67
