,Player,Salary 2020,Salary,Age
0,i.winter,25480000,26230000,28
1,p.nakubulwa,9950000,10180000,23
2,i.huber,25530000,27600000,26
3,f.kizito,18120000,19740000,20
4,j.bala,22520000,23030000,27
5,l.rezaei,25710000,27030000,30
6,j.teko,7640000,8020000,32
7,d.oren,29330000,30120000,26
8,b.derosa,25600000,27370000,23
9,i.namirimu,25250000,25950000,30
10,f.dauda,18470000,5730000,34
11,f.dauda,19150000,5730000,34
12,s.kiconco,16720000,17580000,35
13,r.chee,4940000,5250000,33
14,f.pop,31300000,32160000,25
15,d.alshehri,20200000,21620000,33
16,i.iddrisu,16220000,17300000,21
17,j.akello,27820000,29220000,30
18,i.kamukama,31460000,34090000,27
19,w.lew,22810000,23090000,24
20,m.namukwaya,25650000,27750000,32
21,m.namukwaya,25650000,27750000,32
22,m.namukwaya,25650000,7430000,32
23,m.namukwaya,25650000,7430000,32
24,h.tourgeman,29240000,30700000,27
25,r.petrenko,17170000,18590000,25
26,z.salisu,19570000,11840000,29
27,d.ikeda,16490000,17210000,28
28,i.ludwig,26490000,27450000,28
29,k.toth,24130000,26350000,25
30,u.ortiz,14590000,15200000,19
31,u.ortiz,22360000,15200000,19
32,g.kohler,23300000,23440000,26
33,l.wafula,24580000,24770000,23
34,r.bintihassan,18370000,18910000,20
35,p.chew,28460000,28480000,29
36,m.hsieh,17470000,17540000,26
37,f.cho,29960000,32370000,25
38,z.marini,22680000,22740000,28
39,z.marini,22680000,22740000,28
40,z.marini,22680000,24650000,28
41,z.marini,22680000,24650000,28
42,i.azulay,19590000,21300000,28
43,t.ansari,16790000,5350000,31
44,h.narvaez,17280000,18780000,23
45,o.kia,23450000,23910000,21
46,q.nabimanya,10660000,10780000,21
47,d.daniel,12700000,13630000,27
48,h.akugizibwe,16890000,18580000,26
49,i.akpan,20240000,20540000,37
50,t.awuah,16530000,17100000,26
51,m.ludwig,11830000,11910000,32
52,i.najjemba,24200000,24550000,27
53,x.nalukenge,24720000,25340000,30
54,g.elbaz,28350000,30260000,24
55,y.susanti,26340000,27640000,24
56,a.schmitt,26120000,26370000,34
57,h.gomani,27240000,29870000,32
58,q.ayerango,25300000,5310000,25
59,p.kabugo,21600000,19620000,23
60,d.kojima,29050000,31520000,29
61,a.aryemo,32020000,32610000,28
62,g.gustafsson,29520000,30720000,26
63,h.susanto,17370000,18810000,22
64,f.nakazibwe,19340000,20660000,25
65,z.okon,23090000,23880000,22
66,z.okon,23090000,23880000,22
67,z.okon,23090000,15080000,22
68,z.okon,23090000,15080000,22
69,g.nimusiima,3040000,3220000,26
70,c.muyama,18830000,19050000,25
71,g.hernandez,13890000,14680000,22
72,l.mugumya,12800000,12990000,22
73,r.ishii,15410000,16690000,35
74,r.ishii,15650000,16690000,35
75,u.wright,20870000,22000000,27
76,z.agyei,13920000,14770000,19
77,q.sarfo,3180000,3260000,26
78,k.nalwanga,23920000,5110000,21
79,i.koomson,19330000,21140000,22
80,l.obote,30190000,32590000,24
81,t.ichikawa,29120000,31170000,22
82,z.nabaweesi,26810000,28400000,18
83,n.gheorghe,26930000,27490000,31
84,q.scott,24180000,27710000,20
85,g.mwebaze,17220000,18080000,29
86,j.rukundo,29710000,31430000,27
87,c.ji,30660000,31790000,25
88,q.nabutono,18150000,19920000,27
89,p.bauri,33690000,35260000,23
90,a.miura,14710000,16090000,31
91,s.avraham,25530000,27800000,32
92,e.taylor,26050000,32720000,27
93,y.torres,31750000,26300000,24
94,a.haruna,22300000,23430000,25
95,d.svensson,8210000,8810000,27
96,y.eyotaru,15210000,15490000,24
97,d.martini,29120000,31860000,29
98,s.namugere,20740000,22230000,30
99,t.nouri,19220000,19540000,22
100,t.nouri,19220000,19540000,22
101,t.nouri,19220000,1960000,22
102,t.nouri,19220000,1960000,22
103,v.thompson,29130000,31250000,20
104,v.binali,22910000,24980000,25
105,s.mlakar,28230000,30800000,33
106,u.chio,35420000,24940000,31
107,f.pellegrini,38070000,28230000,33
108,n.nantege,32380000,33180000,19
109,z.makore,22760000,24900000,22
110,d.kayira,26640000,26810000,21
111,x.nakanwagi,25810000,18630000,26
112,r.wanyama,10480000,11490000,38
113,j.nkrumah,9020000,9830000,25
114,m.matsumoto,30730000,30800000,29
115,c.nyesiga,21820000,22560000,26
116,y.diallo,11200000,12230000,19
117,g.baey,24870000,26330000,26
118,g.baey,24870000,26330000,26
119,g.baey,24870000,30190000,26
120,g.baey,24870000,30190000,26
121,i.makavan,25620000,27700000,28
122,j.wan,20170000,20530000,24
123,j.wan,20170000,20530000,24
124,j.wan,20170000,22490000,24
125,j.wan,20170000,22490000,24
126,o.nampeera,29250000,30150000,21
127,b.longoli,8840000,9600000,31
128,f.shkreli,20460000,28450000,25
129,a.tay,28430000,28970000,32
130,b.stewart,18400000,19400000,24
131,h.steiner,14840000,14950000,22
132,k.mirkovi,16040000,17400000,27
133,y.aidoo,22850000,23230000,25
134,q.mbambu,25430000,27710000,23
135,k.muhumuza,21160000,22310000,22
136,h.nsamba,23390000,24050000,25
137,e.estrada,22460000,23230000,25
138,e.amponsah,25630000,15720000,29
139,k.namuwaya,25190000,25750000,24
140,j.turyasingura,20310000,11660000,37
141,j.turyasingura,5730000,11660000,37
142,r.akech,16420000,17110000,26
143,l.egger,13820000,13950000,22
144,z.cher,27170000,29810000,25
145,t.nkhoma,25310000,26430000,29
146,z.chipeta,14080000,14950000,28
147,z.chipeta,14080000,14950000,28
148,z.chipeta,14080000,14650000,28
149,z.chipeta,14080000,14650000,28
150,d.asaba,7750000,8490000,28
151,d.asaba,26000000,8490000,28
152,s.kaggwa,17950000,17980000,33
153,c.nakitto,19980000,19040000,34
154,c.nakitto,18580000,19040000,34
155,e.ta,8240000,8670000,26
156,z.semakula,24350000,25460000,25
157,q.aini,15740000,16720000,23
158,e.ramezani,12130000,13270000,24
159,v.ram,13530000,14380000,25
160,z.nakagawa,17820000,19000000,22
161,z.nakagawa,17820000,19000000,22
162,z.nakagawa,17820000,6520000,22
163,z.nakagawa,17820000,6520000,22
164,a.akoth,19560000,20000000,27
165,a.akoth,19560000,20000000,27
166,a.akoth,19560000,23820000,27
167,a.akoth,19560000,23820000,27
168,g.dijkstra,26490000,26510000,18
169,g.siddiqui,26640000,28170000,25
170,u.nalumansi,26570000,26610000,31
171,f.heng,23830000,25220000,29
172,b.asiedu,22000000,35950000,31
173,b.asiedu,34270000,35950000,31
174,i.kakuru,33480000,35710000,19
175,c.ssentamu,26450000,26670000,21
176,i.nugraha,21840000,22990000,20
177,v.kumwenda,33830000,36670000,28
178,s.tamale,21810000,26390000,27
179,s.tenywa,15010000,26800000,21
180,t.robert,21570000,14790000,24
181,a.vang,14960000,15070000,23
182,k.abalo,14600000,15940000,27
183,e.nakanjako,9790000,10750000,20
184,y.ferrara,27240000,28900000,20
185,y.ferrara,27240000,28900000,20
186,y.ferrara,27240000,34120000,20
187,y.ferrara,27240000,34120000,20
188,c.carvalho,11420000,2480000,25
189,b.maturu,32790000,22370000,28
190,i.mlambo,31340000,30080000,28
191,a.soong,10210000,25510000,22
192,d.masereka,19390000,13010000,26
193,v.garcia,15760000,16030000,29
194,a.sihombing,23310000,23440000,28
195,f.nassolo,25760000,26640000,19
196,m.tumuramye,28610000,28620000,26
197,t.chebet,8630000,9420000,23
198,z.rojas,28690000,28960000,21
199,y.niemi,30940000,33480000,28
200,y.wood,27820000,29870000,28
201,f.njoku,26870000,28160000,28
202,w.kayange,22510000,23150000,25
203,a.logose,22770000,24420000,25
204,a.logose,22770000,24420000,25
205,a.logose,22770000,21650000,25
206,a.logose,22770000,21650000,25
207,q.nakityo,24430000,26040000,28
208,u.nakazibwe,26960000,29470000,27
209,f.walker,9410000,10160000,33
210,v.waswa,18650000,18870000,29
211,v.mattila,26040000,27620000,25
212,m.carpentier,24160000,25960000,26
213,h.twongirwe,15940000,16190000,30
214,q.johnsen,33470000,34130000,19
215,p.saputra,22110000,23070000,34
216,i.ocen,34750000,28360000,32
217,l.edwards,22900000,23610000,26
218,n.kamusiime,25250000,25780000,27
219,h.farina,24960000,27230000,23
220,s.debnath,11700000,12330000,27
221,j.dahiru,16290000,19090000,28
222,t.kafuko,20130000,21060000,31
223,i.namugosa,11460000,12280000,25
224,l.lechner,32260000,32310000,23
225,n.ono,25950000,27840000,23
226,j.lysenko,23090000,24740000,20
227,j.lysenko,23090000,24740000,20
228,j.lysenko,23090000,34620000,20
229,j.lysenko,23090000,34620000,20
230,r.arai,23730000,25630000,29
231,r.arai,23960000,25630000,29
232,x.neri,12620000,13340000,26
233,m.nankwanga,20750000,21800000,24
234,b.kor,25790000,27560000,30
235,t.nyanzi,9380000,17690000,30
236,x.muhwezi,18960000,19300000,27
237,d.pellegrino,15970000,16000000,30
238,g.chong,22470000,24370000,22
239,m.vasquez,20420000,21540000,27
240,c.namutebi,35740000,39230000,31
241,c.namutebi,35740000,39230000,31
242,c.namutebi,35740000,28860000,31
243,c.namutebi,35740000,28860000,31
244,t.zoabi,17810000,17930000,19
245,h.turyatunga,28160000,30270000,24
246,d.iskandar,24620000,24870000,29
247,c.boyko,8930000,9590000,30
248,b.masika,8650000,8880000,30
249,b.weiss,11420000,11480000,34
250,b.wright,15160000,16180000,30
251,k.machava,15060000,15200000,31
252,z.kayendeke,12670000,13180000,20
253,z.mutandwa,22090000,23280000,33
254,j.agaba,22660000,23400000,23
255,f.diaz,22130000,22880000,29
256,w.markovi,24250000,26070000,28
257,q.musimenta,10610000,11470000,33
258,e.mutebi,26440000,27490000,27
259,v.mahagna,19850000,21360000,32
260,a.bruno,29850000,30890000,29
261,a.nyasulu,23090000,23500000,29
262,i.joseph,8830000,9510000,29
263,f.hove,19860000,20680000,30
264,m.purnomo,25100000,26300000,27
265,t.mguni,24950000,24270000,24
266,q.sam,13900000,14380000,34
267,s.kasamba,26620000,27320000,26
268,r.navarro,19020000,19610000,32
269,f.kalule,11610000,27830000,23
270,f.omara,21310000,21500000,19
271,y.deng,24320000,25330000,22
272,d.tawiah,11390000,11620000,36
273,m.happy,20100000,21220000,24
274,l.musoki,26290000,27430000,33
275,i.nyamande,33980000,37280000,23
276,s.zandamela,16450000,17000000,33
277,o.nabirye,10650000,10920000,28
278,t.binmohamed,15570000,15990000,22
279,w.torok,29950000,31290000,23
280,c.kawooya,30980000,32300000,23
281,h.leong,28780000,29510000,23
282,x.boateng,25260000,26170000,26
283,c.mwesige,27310000,29350000,30
284,f.mtambo,34660000,36830000,27
285,v.mudondo,30830000,32680000,24
286,v.mudondo,30830000,32680000,24
287,v.mudondo,30830000,24560000,24
288,v.mudondo,30830000,24560000,24
289,x.joly,35650000,38050000,22
290,o.bintimohamad,13470000,13730000,28
291,n.binhashim,29100000,19860000,29
292,y.phe,18570000,18870000,31
293,v.abiria,21330000,22160000,26
294,x.heikkila,15050000,16010000,26
295,i.amoah,10840000,10970000,27
296,f.kollar,29630000,32440000,30
297,v.lao,6450000,6550000,25
298,z.testa,15140000,22370000,24
299,z.testa,21450000,22370000,24
300,k.najjuma,22470000,24690000,30
301,m.nabukwasi,15130000,15440000,28
302,r.dewit,26410000,26680000,23
303,d.athieno,23350000,23810000,31
304,r.wambi,29080000,29920000,29
305,x.bekher,11150000,26960000,28
306,m.janssens,20260000,21840000,31
307,a.nassanga,21490000,22780000,28
308,c.kavis,26240000,27790000,25
309,m.ferrara,15510000,16770000,22
310,z.yosef,11110000,12040000,20
311,k.mutero,14320000,26870000,25
312,j.ptersons,22630000,24490000,26
313,h.mafabi,19700000,20050000,23
314,o.magi,25920000,26170000,27
315,m.tang,21080000,21800000,27
316,h.binibrahim,11110000,23600000,22
317,a.janssen,19010000,19030000,21
318,e.patra,17900000,25180000,20
319,f.fujihara,15230000,20700000,23
320,f.fujihara,19690000,20700000,23
321,w.karlsson,8030000,8610000,31
322,c.bai,13880000,14830000,24
323,d.nishimura,19650000,20550000,26
324,z.bintizakaria,30440000,31400000,27
325,l.kyalisiima,18160000,19220000,22
326,c.kadosh,31960000,33020000,28
327,c.guerrero,31530000,33230000,27
328,w.kong,14470000,17270000,28
329,w.nasiru,21780000,22410000,33
330,g.magnusson,21800000,23890000,23
331,h.cardoso,15390000,16120000,30
332,i.nayak,11810000,12860000,24
333,d.namugerwa,27500000,29860000,28
334,h.ruiz,23400000,25380000,24
335,j.dubois,28270000,36660000,28
336,j.dubois,33880000,36660000,28
337,v.alvarez,26350000,27580000,24
338,p.ferri,10700000,22930000,22
339,a.tumuhaise,21190000,14430000,22
340,p.romero,29250000,22450000,27
341,p.romero,6000000,22450000,27
342,q.nakyeyune,31790000,12260000,31
343,v.namayanja,19050000,22920000,25
344,v.namayanja,27080000,22920000,25
345,e.kuhn,23810000,24300000,21
346,l.chiu,9230000,12370000,31
347,l.chiu,11810000,12370000,31
348,w.twinamatsiko,10980000,11320000,27
349,d.shahar,11380000,12060000,24
350,j.ssempijja,14420000,15840000,26
351,p.byamukama,17080000,18330000,30
352,q.tiko,11580000,12270000,20
353,d.obeng,26240000,26810000,24
354,d.tukamuhebwa,22310000,22990000,21
355,t.acom,33190000,33590000,28
356,f.siddiqui,24410000,26220000,20
357,s.sarpong,25340000,26170000,33
358,f.ribeiro,24760000,25830000,30
359,a.kiss,21490000,12340000,24
360,v.nakayima,15890000,17210000,28
361,a.lombardi,35630000,38940000,28
362,n.nyesiga,12480000,13350000,20
363,a.avako,29710000,32070000,25
364,g.abbas,33900000,36720000,22
365,x.nabaggala,27750000,25100000,26
366,r.jacobs,23470000,25210000,26
367,a.andama,16370000,17220000,20
368,y.nassuuna,18350000,18880000,24
369,j.kyarisiima,13920000,15310000,21
370,q.coppola,22580000,24730000,24
371,v.mhlanga,20830000,21630000,27
372,j.kawano,16570000,17530000,23
373,o.khainza,20030000,11720000,35
374,j.kondowe,15970000,18990000,28
375,g.tamm,13210000,13500000,18
376,d.mabhena,20970000,21260000,27
377,h.robert,33220000,33510000,21
378,b.zheng,37130000,37660000,27
379,i.abeja,29370000,38440000,33
380,y.mutema,1150000,1200000,27
381,i.binyusof,29810000,29910000,31
382,b.obonyo,32120000,32320000,32
383,r.ssembatya,23070000,24780000,28
384,n.kyohirwe,1680000,23590000,27
385,n.kyohirwe,27040000,23590000,27
386,y.kyosiimire,13760000,14410000,26
387,x.driscoll,20720000,22110000,20
388,p.addae,12390000,13170000,33
389,d.muhammad,33430000,34050000,30
390,h.chirwa,7040000,22110000,18
391,p.xu,13970000,18820000,18
392,k.opio,28520000,30710000,26
393,e.sommer,15690000,15780000,26
394,i.marie,22750000,24550000,27
395,o.musonza,12470000,13270000,30
396,f.yunusa,17280000,18150000,26
397,z.ahmetovi,30980000,31600000,28
398,o.kuloba,20890000,14250000,25
399,a.nabuuma,23240000,25080000,22
400,l.mulyani,15960000,17410000,33
401,o.wagner,7190000,7730000,25
402,s.bukirwa,15750000,17140000,23
403,a.palmieri,31140000,34010000,34
404,g.lombardo,28610000,29200000,22
405,g.munsaka,35010000,37880000,31
406,f.kimera,19470000,20670000,23
407,f.kabanda,18290000,19880000,21
408,f.kabanda,18290000,19880000,21
409,f.kabanda,18290000,19870000,21
410,f.kabanda,18290000,19870000,21
411,h.lwanga,14050000,15270000,20
412,j.takali,34800000,37380000,22
413,z.mlilo,23010000,24530000,26
414,m.hassan,31420000,32520000,28
415,s.vidal,21650000,23300000,31
416,w.santoro,12200000,13020000,27
417,e.gamal,10680000,10890000,27
418,i.chandra,15020000,16390000,23
419,p.igwe,17600000,18860000,34
420,j.mushabe,18240000,18610000,29
421,k.oloya,27650000,27880000,28
422,b.lai,14760000,15490000,31
423,a.musonza,27460000,28950000,34
424,e.cortez,29680000,30830000,23
425,e.cortez,28320000,30830000,23
426,u.atugonza,30760000,30250000,21
427,u.atugonza,30760000,30250000,21
428,u.atugonza,30760000,33660000,21
429,u.atugonza,30760000,33660000,21
430,f.salonen,33130000,35680000,22
431,b.ndlovu,33800000,30380000,21
432,b.ndlovu,29760000,30380000,21
433,y.horvath,21330000,23410000,27
434,v.bwambale,17350000,18830000,33
435,c.langa,20420000,20670000,20
436,c.langa,18860000,20670000,20
437,w.noguchi,25300000,27110000,26
438,m.muwanga,35020000,36170000,23
439,m.anderson,13270000,13970000,27
440,c.shaheen,27490000,29480000,20
441,t.karmakar,30590000,32620000,29
442,s.namanya,8100000,8280000,31
443,e.fujii,17380000,18920000,20
444,g.namanya,18030000,18410000,29
445,h.kaweesi,23190000,24430000,28
446,u.muller,24140000,24960000,23
447,x.bintiawang,15860000,16170000,30
448,o.tshuma,26960000,28050000,25
449,c.kwakye,35180000,35500000,28
450,b.ghorbani,31450000,32930000,26
451,u.dewi,29870000,31940000,23
452,t.bukar,11020000,11540000,28
453,b.nalwanga,28900000,29480000,32
454,f.perrin,26580000,16290000,21
455,f.perrin,15990000,16290000,21
456,k.kaudha,21160000,21850000,22
457,m.jha,36200000,25320000,30
458,m.jha,24980000,25320000,30
459,o.soleimani,32000000,32590000,22
460,t.orishaba,30850000,33130000,26
461,x.odongo,9950000,10030000,26
462,m.wojcik,7820000,19610000,25
463,h.parn,19150000,16810000,26
464,u.musekiwa,25310000,21360000,22
465,g.razak,16420000,19280000,29
466,x.chevalier,14150000,25970000,23
467,y.kabiru,20140000,10240000,22
468,o.barone,21230000,22340000,32
469,g.sande,15020000,16390000,24
470,m.kamya,13460000,20370000,22
471,o.kembabazi,1640000,1690000,20
472,l.wenene,16030000,17550000,25
473,n.nakacwa,27660000,20510000,25
474,q.mutabazi,10070000,10510000,22
475,o.ghanbari,21060000,22670000,23
476,q.nampijja,19770000,20170000,18
477,c.nafuna,24970000,26240000,23
478,n.grgi,23100000,25240000,23
479,v.nabbosa,10460000,10700000,22
480,e.muwanguzi,27500000,28530000,25
481,k.adero,11660000,12060000,24
482,t.makaza,20050000,21920000,29
483,k.akullu,23560000,24260000,29
484,h.rees,20960000,23010000,24
485,e.ayerango,6350000,6670000,25
486,r.rusere,23890000,25090000,22
487,x.opira,10600000,11190000,18
488,r.arineitwe,15570000,5220000,24
489,r.arineitwe,15570000,5220000,24
490,r.arineitwe,15570000,1820000,24
491,r.arineitwe,15570000,1820000,24
492,d.ochan,23590000,21260000,27
493,f.chiumia,26610000,28800000,24
494,p.giramia,21540000,22520000,29
495,e.kunihira,23380000,40710000,29
496,k.weiss,21460000,11910000,23
497,k.weiss,11160000,11910000,23
498,f.binishak,13450000,14680000,32
499,k.amer,22680000,24570000,22
500,k.ber,16300000,17830000,19
501,k.ber,16300000,17830000,19
502,k.ber,16300000,10420000,19
503,k.ber,16300000,10420000,19
504,s.aisyah,10140000,10830000,23
505,c.namanda,14990000,10460000,36
506,y.koay,12260000,13180000,28
507,q.mangwiro,18770000,20440000,25
508,u.mustapha,23000000,24470000,19
509,h.sugiyama,26400000,28570000,26
510,q.awekonimungu,27070000,28840000,24
511,e.wibowo,16090000,15120000,28
512,e.wibowo,16090000,15120000,28
513,e.wibowo,16090000,16090000,28
514,e.wibowo,16090000,16090000,28
515,b.ochieng,23160000,24940000,36
516,g.nakisuyi,20170000,20200000,24
517,f.bello,22850000,24890000,26
518,i.salminen,10550000,10790000,17
519,y.ademovi,22230000,22560000,31
520,y.zia,15920000,15920000,29
521,d.kakande,22130000,22650000,27
522,q.ajiko,36370000,38960000,23
523,q.ajiko,36370000,38960000,23
524,q.ajiko,36370000,7820000,23
525,q.ajiko,36370000,7820000,23
526,x.ssemakula,15400000,15690000,22
527,a.nakiranda,21440000,10370000,19
528,a.nakiranda,21440000,10370000,19
529,a.nakiranda,21440000,23190000,19
530,a.nakiranda,21440000,23190000,19
531,e.fernando,20640000,21360000,28
532,e.schmitz,17580000,17850000,21
533,m.begu,21140000,13420000,19
534,u.chen,26780000,27720000,35
535,l.rostami,18870000,19040000,27
536,s.agustina,6000000,6580000,29
537,k.guerra,24240000,25510000,20
538,p.kamya,21720000,20570000,27
539,t.amutuhaire,10530000,10890000,22
540,d.dumitru,26370000,28060000,25
541,u.madondo,20240000,31000000,23
542,i.okada,28810000,29310000,33
543,v.gallo,28140000,28500000,29
544,h.kamal,29400000,31230000,34
545,i.sano,4800000,5240000,18
546,b.guillot,27140000,20290000,26
547,b.guillot,27140000,20290000,26
548,b.guillot,27140000,24890000,26
549,b.guillot,27140000,24890000,26
550,v.ezra,15060000,15160000,22
551,g.avraham,17410000,17810000,22
552,h.nsungwa,23110000,24890000,21
553,n.opolot,1520000,1630000,18
554,n.oyama,11510000,11790000,30
555,c.nankya,33070000,35850000,19
556,h.munetsi,27580000,27800000,30
557,e.ilukol,21300000,21600000,24
558,f.olinga,16440000,17170000,28
559,m.ruggiero,19470000,19470000,24
560,l.masaba,14080000,14600000,33
561,r.dumont,7080000,7420000,25
562,e.ooi,16100000,16860000,22
563,d.tshuma,29040000,24970000,25
564,d.tshuma,29040000,24970000,25
565,d.tshuma,29040000,30920000,25
566,d.tshuma,29040000,30920000,25
567,e.okonkwo,13150000,14060000,20
568,s.moss,34690000,36280000,26
569,x.kwesiga,19070000,20670000,21
570,h.amponsah,33990000,34760000,27
571,a.salazar,22180000,22880000,23
572,r.rizzi,19370000,20690000,32
573,f.evans,14570000,15110000,23
574,q.kaseke,23870000,25010000,24
575,a.nwachukwu,16690000,17850000,24
576,p.oravec,22540000,24660000,29
577,p.oravec,20660000,24660000,29
578,d.jansson,16710000,21790000,22
579,s.nalugwa,16660000,17430000,33
580,w.muchenje,18550000,10490000,24
581,m.ma,9000000,9760000,19
582,j.kinoshita,8130000,8790000,32
583,h.naluyima,17090000,18000000,25
584,h.lefebvre,28530000,29870000,25
585,u.utomo,15520000,15800000,19
586,a.uy,30880000,21490000,22
587,o.martini,31070000,32990000,24
588,v.arnold,11400000,15590000,26
589,v.arnold,11400000,15590000,26
590,v.arnold,11400000,11630000,26
591,v.arnold,11400000,11630000,26
592,x.adikini,8010000,18110000,25
593,b.binawang,26640000,27310000,26
594,p.otto,20110000,20210000,30
595,w.mugisha,19870000,20160000,28
596,t.owiny,21030000,22680000,25
597,b.nakabugo,20330000,21130000,32
598,j.kirabo,26160000,26560000,34
599,v.nagawa,33220000,33720000,21
600,f.hubert,27190000,27540000,26
601,r.mutumba,28470000,30020000,21
602,m.tseu,17180000,18350000,23
603,a.pena,17660000,19020000,30
604,p.chi,12340000,12610000,30
605,f.baguma,27440000,27960000,28
606,f.baguma,27440000,27960000,28
607,f.baguma,27440000,6750000,28
608,f.baguma,27440000,6750000,28
609,f.kobugabe,21370000,23400000,20
610,j.ginting,10040000,40290000,18
611,c.omar,26390000,28270000,30
612,q.okiror,31050000,34100000,33
613,s.abdullahi,25450000,27380000,27
614,p.jackson,25960000,26230000,30
615,t.marques,27040000,29270000,19
616,f.schafer,22620000,22680000,24
617,f.schafer,22620000,22680000,24
618,f.schafer,22620000,34970000,24
619,f.schafer,22620000,34970000,24
620,a.mbusa,20820000,22320000,35
621,n.tumwesigye,16330000,16350000,37
622,a.odaga,18510000,19460000,30
623,a.odaga,18510000,19460000,30
624,a.odaga,18510000,20410000,30
625,a.odaga,18510000,20410000,30
626,k.makaza,29210000,11530000,25
627,k.makaza,29210000,11530000,25
628,k.makaza,29210000,30230000,25
629,k.makaza,29210000,30230000,25
630,q.ruzvidzo,20920000,22830000,25
631,q.ruzvidzo,13320000,22830000,25
632,z.heinonen,25250000,27090000,22
633,z.heinonen,25250000,27090000,22
634,z.heinonen,25250000,32980000,22
635,z.heinonen,25250000,32980000,22
636,k.baumann,22940000,24230000,25
637,m.chavula,17270000,18200000,31
638,w.aciro,18880000,20240000,28
639,w.aciro,18880000,20240000,28
640,w.aciro,18880000,19820000,28
641,w.aciro,18880000,19820000,28
642,w.aciro,8080000,20240000,28
643,w.aciro,8080000,20240000,28
644,w.aciro,8080000,19820000,28
645,w.aciro,8080000,19820000,28
646,i.nabatanzi,15340000,16110000,36
647,p.nahabwe,6490000,6510000,20
648,s.chided,22160000,14780000,22
649,s.lamptey,22700000,24140000,20
650,m.nagudi,18530000,20320000,26
651,l.james,17500000,18100000,23
652,k.sekh,31400000,32700000,21
653,e.tumukunde,23580000,23790000,24
654,l.aguilar,20710000,20940000,24
655,i.kumari,13750000,14620000,25
656,e.longwe,15960000,16210000,21
657,g.jesus,13810000,14090000,29
658,k.gao,25640000,27140000,25
659,e.teixeira,19360000,19540000,20
660,k.guillaume,28170000,28400000,22
661,x.durand,31650000,34480000,22
662,x.durand,14060000,34480000,22
663,k.koppel,28070000,28720000,23
664,g.asiedu,17910000,17950000,32
665,l.hasegawa,11470000,12520000,28
666,g.suad,14010000,14680000,28
667,i.nantale,14440000,15230000,30
668,j.ferri,10380000,11090000,28
669,k.balogun,12840000,13740000,23
670,k.macuacua,17340000,18460000,24
671,h.sentongo,21610000,23370000,28
672,b.roche,30210000,32890000,26
673,h.pang,15330000,15340000,22
674,e.lund,33290000,34320000,25
675,r.mkandla,22080000,23710000,28
676,o.burgos,20260000,20640000,21
677,g.albrecht,17020000,17110000,23
678,p.lo,23840000,24590000,26
679,b.apio,31480000,33340000,27
680,l.mirzaei,26720000,27350000,21
681,h.romero,21730000,22690000,23
682,a.schmidt,32300000,34970000,27
683,d.tweheyo,16380000,17560000,19
684,o.bosnjak,23610000,25600000,26
685,o.bosnjak,9060000,25600000,26
686,n.gumbo,18070000,19030000,19
687,o.ninsiima,29500000,30680000,25
688,s.jalali,25870000,15910000,23
689,e.nankunda,21880000,17250000,23
690,l.castro,27870000,28080000,29
691,m.mubangizi,20340000,30740000,24
692,m.mubangizi,20110000,30740000,24
693,h.mubaiwa,34860000,1580000,32
694,h.mubaiwa,34860000,1580000,32
695,h.mubaiwa,34860000,32680000,32
696,h.mubaiwa,34860000,32680000,32
697,v.smits,24900000,32270000,25
698,f.monday,23420000,23440000,30
699,z.pinto,20590000,22360000,23
700,q.permana,8090000,8550000,29
701,i.brown,24440000,26650000,25
702,l.prasad,25500000,27020000,24
703,d.kemigisa,19160000,18250000,31
704,y.molnar,16860000,17110000,33
705,c.danquah,28450000,15800000,24
706,c.danquah,28450000,15800000,24
707,c.danquah,28450000,29950000,24
708,c.danquah,28450000,29950000,24
709,b.nandudu,10220000,10250000,19
710,j.delemovi,17310000,18760000,25
711,d.byogero,19960000,20620000,33
712,u.arthur,15130000,15250000,31
713,u.arthur,15130000,15250000,31
714,u.arthur,15130000,7080000,31
715,u.arthur,15130000,7080000,31
716,e.nakayiza,15620000,14690000,24
717,e.nakayiza,15620000,14690000,24
718,e.nakayiza,15620000,17040000,24
719,e.nakayiza,15620000,17040000,24
720,q.vuji,21970000,10870000,25
721,h.nyombi,14270000,14450000,25
722,f.got,34450000,34500000,27
723,f.got,24290000,34500000,27
724,k.bintiali,1860000,27100000,20
725,u.iskandar,26730000,26800000,24
726,u.iskandar,26730000,26800000,24
727,u.iskandar,26730000,21420000,24
728,u.iskandar,26730000,21420000,24
729,j.rinaldi,27820000,28380000,23
730,y.manjate,26790000,29160000,26
731,e.desantis,19830000,22400000,23
732,k.aliyu,34000000,22290000,24
733,o.noor,29620000,3730000,34
734,f.carbone,14090000,14750000,29
735,l.mponda,12130000,24010000,23
736,m.mugeni,29390000,31860000,20
737,b.akullu,33420000,23390000,22
738,b.akullu,33420000,23390000,22
739,b.akullu,33420000,35470000,22
740,b.akullu,33420000,35470000,22
741,i.oryema,21200000,21620000,28
742,x.mendez,25330000,26530000,22
743,e.konig,21120000,22350000,16
744,m.azulay,25950000,27760000,22
745,t.kuok,26180000,28260000,22
746,t.kuok,26180000,28260000,22
747,t.kuok,26180000,16260000,22
748,t.kuok,26180000,16260000,22
749,t.kuok,34880000,28260000,22
750,t.kuok,34880000,28260000,22
751,t.kuok,34880000,16260000,22
752,t.kuok,34880000,16260000,22
753,y.peter,8410000,8630000,29
754,b.nassozi,12910000,12940000,35
755,b.pandit,2480000,2580000,20
756,k.cohen,13240000,13280000,28
757,r.dube,14430000,15590000,21
758,d.nangiro,25300000,26150000,29
759,l.kalnis,20000000,20970000,42
760,h.afriyie,28170000,28760000,23
761,m.mizrahi,15430000,16950000,24
762,d.masuku,26820000,28620000,26
763,c.abaho,36680000,38250000,28
764,g.parisi,21840000,22570000,30
765,l.dahl,12430000,12440000,22
766,f.krklis,26350000,16060000,28
767,g.ampofo,14240000,14480000,27
768,g.heydari,20070000,20250000,28
769,i.namutosi,12440000,13170000,18
770,j.opolot,17530000,17900000,28
771,x.kamble,29940000,30570000,28
772,j.mutyaba,12090000,12350000,30
773,e.rashidi,34040000,36630000,28
774,h.isa,10600000,11130000,33
775,y.bano,18260000,18970000,30
776,m.okori,9570000,9650000,19
777,m.okori,9570000,9650000,19
778,m.okori,9570000,5820000,19
779,m.okori,9570000,5820000,19
780,s.parisi,14370000,15050000,32
781,u.heilig,11640000,12230000,31
782,u.binsalleh,23710000,24250000,30
783,e.kinoshita,30040000,32340000,28
784,e.ajwang,31770000,33790000,28
785,j.natukunda,25690000,27530000,22
786,j.nakamya,23610000,23650000,24
787,j.nakamya,12050000,23650000,24
788,m.ojo,21140000,23210000,25
789,m.ojo,21140000,23210000,25
790,m.ojo,21140000,18170000,25
791,m.ojo,21140000,18170000,25
792,n.kigongo,27160000,29350000,23
793,p.nieminen,22560000,23450000,33
794,t.parn,9500000,10300000,20
795,d.businge,33950000,36530000,23
796,y.kat,14520000,15120000,33
797,z.ogawa,9720000,9880000,25
798,q.yamazaki,30960000,33190000,23
799,o.musiimenta,36290000,38280000,27
800,b.waon,22930000,24550000,24
801,b.waon,22930000,24550000,24
802,b.waon,22930000,12510000,24
803,b.waon,22930000,12510000,24
804,o.naderi,12220000,11950000,27
805,q.binabdrahman,14320000,15420000,20
806,z.akoth,19760000,20790000,21
807,p.tumwine,11140000,11470000,36
808,v.koller,28220000,29470000,24
809,b.kayondo,21420000,22820000,24
810,p.khoh,28360000,28650000,22
811,f.fournier,35800000,36220000,24
812,y.binabubakar,17130000,30190000,21
813,j.nakayama,34750000,36110000,21
814,c.vtols,13020000,13780000,27
815,g.kaweesa,14760000,30210000,26
816,g.kaweesa,20340000,30210000,26
817,b.nalugwa,20180000,21760000,19
818,i.irumba,9230000,9680000,20
819,n.maeda,30640000,32650000,27
820,q.loeng,33070000,12930000,25
821,p.li,23320000,25480000,22
822,g.mar,17930000,25890000,23
823,g.mar,17930000,25890000,23
824,g.mar,17930000,32710000,23
825,g.mar,17930000,32710000,23
826,o.ssenabulya,34970000,35940000,20
827,f.aminu,9320000,9950000,31
828,j.wojciechowski,23650000,24120000,22
829,l.akech,22140000,22950000,23
830,l.binosman,21710000,22250000,28
831,q.becker,17900000,18040000,25
832,x.kyei,19690000,19810000,26
833,p.tse,10060000,10450000,22
834,l.lukwago,31710000,34160000,23
835,l.chandia,25530000,26060000,32
836,y.jokinen,28420000,30640000,27
837,m.maimon,25660000,20980000,32
838,m.maimon,25660000,20980000,32
839,m.maimon,25660000,28180000,32
840,m.maimon,25660000,28180000,32
841,z.wati,17660000,19390000,22
842,a.serrano,20910000,21980000,27
843,c.dominguez,26430000,26470000,19
844,w.okumu,23160000,23720000,26
845,j.mercier,14590000,18790000,23
846,y.yanti,25740000,27740000,24
847,c.rathod,16880000,17110000,22
848,v.krisensen,20120000,20390000,31
849,x.tu,17510000,17810000,20
850,s.busch,15940000,17250000,33
851,p.konadu,18100000,18850000,22
852,d.okech,19530000,19640000,34
853,s.chemutai,15440000,16490000,24
854,q.busobozi,22490000,23860000,31
855,x.ahmad,14890000,15410000,26
856,p.ssempijja,11730000,11770000,31
857,s.magezi,9470000,20800000,28
858,s.magezi,20350000,20800000,28
859,b.hadzi,21940000,22530000,25
860,b.hadzi,23770000,22530000,25
861,o.pellegrini,26110000,27060000,27
862,g.chakanyuka,33760000,34860000,24
863,r.mbeiza,21930000,24000000,20
864,b.ionescu,5630000,5860000,18
865,k.ozols,32390000,33220000,26
866,k.ozols,10410000,33220000,26
867,h.manyika,28250000,28740000,30
868,g.prasetyo,20780000,20940000,28
869,a.ashaba,29880000,31220000,27
870,h.gimbo,12810000,13380000,31
871,z.sng,19460000,21240000,27
872,e.gupta,21220000,21910000,23
873,d.isabirye,24270000,26060000,22
874,r.dahl,7000000,7470000,18
875,f.ashaba,25680000,27630000,23
876,j.anguko,27180000,29560000,28
877,q.ogwang,14490000,15780000,30
878,s.oduro,17730000,18120000,25
879,a.grgi,14790000,16260000,30
880,s.armah,21100000,22620000,24
881,z.mugeni,21580000,22130000,28
882,n.khalil,29650000,32550000,28
883,n.khalil,26810000,32550000,28
884,f.ankrah,33260000,35720000,17
885,y.marlina,36810000,37040000,27
886,z.davies,26390000,27900000,29
887,e.bah,29060000,29330000,21
888,e.bah,9470000,29330000,21
889,i.tukundane,32230000,34980000,28
890,v.ikeda,19690000,20710000,26
891,a.mor,20050000,22000000,35
892,h.nakimera,10810000,11000000,30
893,z.kasibante,28500000,28640000,22
894,x.aminah,13480000,14620000,24
895,d.mortenson,4980000,27860000,27
896,d.mortenson,27130000,27860000,27
897,d.hsu,24760000,26200000,30
898,d.hsu,24760000,26200000,30
899,d.hsu,24760000,6180000,30
900,d.hsu,24760000,6180000,30
901,q.roche,21330000,22390000,24
902,m.omony,28200000,30660000,20
903,i.nalubwama,18290000,18990000,23
904,b.polak,20870000,17970000,22
905,m.watson,18100000,19520000,24
906,l.khachatryan,17850000,19080000,32
907,z.frank,21140000,22870000,26
908,x.mulder,18990000,19590000,26
909,l.arai,17220000,17740000,23
910,l.arai,17220000,17740000,23
911,l.arai,17220000,19010000,23
912,l.arai,17220000,19010000,23
913,i.khalili,13300000,14550000,22
914,i.khalili,13300000,14550000,22
915,i.khalili,13300000,25640000,22
916,i.khalili,13300000,25640000,22
917,d.morales,19740000,13150000,23
918,d.morales,19740000,13150000,23
919,d.morales,19740000,21630000,23
920,d.morales,19740000,21630000,23
921,q.tshia,28010000,28760000,20
922,i.peeters,25680000,27340000,28
923,f.lemaire,5690000,6230000,29
924,x.hofer,23050000,23830000,32
925,s.nakabugo,23970000,23260000,22
926,a.ngabirano,28830000,29650000,26
927,e.kyomukama,10040000,20930000,22
928,l.nalukenge,11250000,11470000,25
929,m.nakaggwa,19790000,20230000,26
930,j.andersen,29980000,30880000,25
931,a.omara,29440000,30190000,30
932,k.sah,16710000,17680000,20
933,v.athieno,15910000,17260000,24
934,y.jain,23120000,24060000,24
935,l.kovalenko,14080000,15130000,25
936,f.mugide,23390000,25590000,26
937,k.nyakudya,15000000,16050000,24
938,k.ohayon,8530000,9150000,31
939,y.takeuchi,15550000,16650000,29
940,z.donkor,13960000,9650000,21
941,e.pour,13530000,13740000,27
942,p.ategeka,23310000,25250000,21
943,c.rodriguez,27380000,28880000,31
944,u.musa,29380000,33290000,28
945,i.nagadya,35540000,38320000,27
946,j.adam,33570000,36500000,30
947,a.namubiru,29270000,30140000,21
948,l.ndoro,13540000,13990000,17
949,w.ainomugisha,29870000,31670000,22
950,m.krlievi,10800000,11420000,30
951,k.ntale,31600000,33550000,27
952,l.abbasi,27140000,27920000,32
953,o.ortega,26060000,28230000,21
954,e.mtetwa,8630000,8660000,25
955,e.mtetwa,8630000,8660000,25
956,e.mtetwa,8630000,29390000,25
957,e.mtetwa,8630000,29390000,25
958,y.thin,15360000,16390000,31
959,d.safitri,29570000,32140000,23
960,h.alobo,28600000,27350000,21
961,m.nyirongo,32520000,33430000,20
962,a.dickson,22460000,23560000,26
963,c.denis,22730000,24410000,30
964,h.morgan,19480000,19780000,20
965,e.nabaasa,19250000,19760000,27
966,c.msukwa,39070000,42340000,25
967,h.arthur,9870000,10530000,23
968,p.naiga,23860000,25000000,34
969,k.eyotaru,32020000,32180000,22
970,u.nhantumbo,36260000,37860000,27
971,m.li,27190000,27200000,32
972,e.tumuhimbise,40640000,41030000,29
973,m.mathieu,38790000,40620000,23
974,r.yiga,24030000,26120000,31
975,a.mumpande,15320000,16800000,29
976,m.chan,30010000,32480000,23
977,m.yanti,21590000,22160000,22
978,m.yanti,21590000,22160000,22
979,m.yanti,21590000,14430000,22
980,m.yanti,21590000,14430000,22
981,a.malkah,20290000,13490000,30
982,o.obeng,23110000,24040000,23
983,c.khalil,28180000,30800000,28
984,n.nalule,35570000,35930000,31
985,g.wahab,18810000,20390000,30
986,e.maluwa,18150000,19910000,27
987,j.nakyanzi,15310000,16830000,26
988,n.ofosu,16330000,16980000,27
989,x.mkandawire,14600000,16260000,20
990,z.binzakaria,22330000,23980000,29
991,n.barukh,19930000,21880000,24
992,z.quekkwik,23540000,5390000,24
993,n.nwachukwu,22350000,22860000,31
994,p.ma,33250000,33480000,26
995,l.namuyanja,17690000,19250000,27
996,e.kaddu,15500000,16980000,28
997,e.oh,7700000,8270000,21
998,g.moulin,24220000,25390000,20
999,n.tugumisirize,12960000,13670000,30
1000,g.poulsen,21420000,22990000,30
1001,q.alhassan,13360000,13730000,26
1002,l.wasswa,24420000,25250000,26
1003,g.acheampong,25110000,26100000,23
1004,q.tushabe,14000000,14220000,29
1005,d.domingos,13570000,14220000,24
1006,q.fathi,24080000,25070000,22
1007,c.ndiweni,9490000,9580000,32
1008,g.nansamba,7780000,13880000,24
1009,i.sinani,15810000,16540000,23
1010,p.acan,20760000,21310000,23
1011,n.nowak,29930000,30940000,31
1012,h.nuraeni,20960000,21140000,23
1013,b.alali,31480000,32560000,29
1014,j.wibowo,25730000,28140000,29
1015,a.lekuru,8880000,9120000,22
1016,g.odoch,23020000,24930000,21
1017,a.ortega,29540000,26640000,22
1018,b.fernandez,8620000,14830000,33
1019,q.maphosa,24550000,24670000,26
1020,u.he,11610000,12020000,30
1021,b.zee,20360000,21690000,25
1022,q.okurut,9960000,9970000,21
1023,u.colin,27450000,26440000,23
1024,u.colin,26430000,26440000,23
1025,v.supriadi,26690000,28980000,22
1026,z.matsui,16710000,17260000,26
1027,z.matsui,28950000,17260000,26
1028,k.molina,20050000,21150000,25
1029,m.odong,27010000,13970000,23
1030,q.zimba,16760000,17870000,29
1031,w.montanari,12010000,12230000,24
1032,x.kawooya,19710000,21180000,33
1033,c.vandenberg,27270000,29760000,22
1034,g.bey,27550000,27360000,29
1035,j.munduru,20700000,15440000,28
1036,e.mapuranga,14670000,16180000,32
1037,a.popovi,15270000,16100000,25
1038,v.cherop,21690000,22060000,34
1039,x.wasswa,22450000,22510000,25
1040,k.ssenyondo,12430000,13390000,28
1041,p.anderson,18800000,20130000,24
1042,q.patil,24610000,27030000,27
1043,m.kiiza,22320000,23990000,24
1044,f.sun,15720000,16810000,25
1045,i.nakityo,13840000,14050000,21
1046,k.shumba,20970000,22010000,31
1047,u.selima,13800000,14650000,27
1048,r.sanz,30300000,31140000,26
1049,d.nabbosa,11990000,12340000,35
1050,q.yadav,18570000,19360000,25
1051,o.mapfumo,24530000,37080000,21
1052,x.pavlovi,37880000,37970000,20
1053,g.jumbe,18830000,18370000,21
1054,q.hamalainen,26020000,24610000,26
1055,q.hamalainen,23390000,24610000,26
1056,f.yan,35190000,36650000,20
1057,l.malinga,36260000,38470000,20
1058,i.permana,30230000,32350000,27
1059,f.nabunya,11600000,12180000,29
1060,m.zhou,23390000,24400000,32
1061,l.adri,28650000,30120000,24
1062,o.lakot,18720000,19330000,28
1063,i.reilly,26610000,26650000,31
1064,z.braun,29350000,30050000,26
1065,z.braun,44330000,30050000,26
1066,a.yusuf,34080000,34380000,31
1067,b.nakiyemba,28930000,29580000,24
1068,q.sithole,20530000,20640000,17
1069,t.dietrich,16340000,17250000,27
1070,n.nanziri,23360000,23120000,28
1071,a.nantege,29040000,31660000,25
1072,a.nantege,29040000,31660000,25
1073,a.nantege,29040000,20990000,25
1074,a.nantege,29040000,20990000,25
1075,n.suryani,12600000,13360000,25
1076,f.mawa,16730000,17860000,22
1077,w.okeke,26150000,26660000,25
1078,m.nakkazi,13250000,13620000,27
1079,e.lam,29240000,32160000,27
1080,c.wee,30490000,31800000,29
1081,d.wahyudi,34830000,38280000,27
1082,s.achen,19820000,21350000,32
1083,l.msowoya,9070000,9890000,28
1084,g.foong,23420000,24040000,26
1085,i.lew,24780000,25210000,26
1086,k.lawino,22270000,22440000,22
1087,p.takahashi,20370000,20780000,29
1088,o.lombardi,15800000,16890000,21
1089,i.kyakimwa,31680000,32620000,26
1090,f.blanco,27780000,29290000,22
1091,q.addo,29350000,30930000,28
1092,z.uy,17670000,18400000,29
1093,g.onencan,31250000,33460000,25
1094,d.steiner,11930000,12920000,25
1095,m.dufour,12230000,12640000,30
1096,n.kiss,19990000,21100000,19
1097,e.byekwaso,23010000,24310000,23
1098,a.soltani,20030000,21670000,21
1099,h.jaber,4760000,9340000,20
1100,h.nagy,26480000,23570000,27
1101,a.blanchard,28570000,30790000,20
1102,u.rees,24370000,26660000,32
1103,u.rees,24370000,26660000,32
1104,u.rees,24370000,24390000,32
1105,u.rees,24370000,24390000,32
1106,x.lunyolo,14800000,16250000,18
1107,c.mari,28460000,30210000,27
1108,i.bitton,11030000,11890000,27
1109,g.moradi,30930000,32110000,22
1110,u.tweheyo,4760000,4770000,30
1111,f.dutta,16490000,17510000,25
1112,e.nambafu,13820000,14500000,30
1113,m.ebong,38750000,26280000,28
1114,m.ebong,24730000,26280000,28
1115,v.okongo,30740000,30990000,30
1116,i.nakato,24010000,25680000,29
1117,m.lunkuse,19540000,13390000,20
1118,m.lunkuse,14870000,13390000,20
1119,x.phiri,12600000,12850000,29
1120,s.kyobutungi,19000000,19380000,18
1121,x.kurnia,17490000,18430000,31
1122,s.phillips,12420000,22190000,20
1123,a.berisha,16850000,16380000,23
1124,i.ozturk,22740000,24590000,27
1125,i.ssentongo,14420000,10370000,20
1126,i.ssentongo,14420000,10370000,20
1127,i.ssentongo,14420000,14940000,20
1128,i.ssentongo,14420000,14940000,20
1129,y.iwasaki,23340000,23870000,23
1130,f.quansah,30580000,32090000,25
1131,m.colombo,15980000,17250000,19
1132,l.jung,23690000,25770000,20
1133,s.feldman,16140000,14240000,23
1134,g.waswa,32330000,34600000,23
1135,q.demir,11870000,11870000,19
1136,x.seidu,24060000,24470000,26
1137,g.antonio,9000000,9430000,27
1138,k.ntege,29600000,29270000,21
1139,j.muianga,26060000,27020000,23
1140,l.kaur,24470000,24690000,21
1141,a.guo,4860000,5300000,19
1142,m.kakaire,32020000,32490000,32
1143,u.kyoshabire,19730000,21070000,19
1144,b.klemeni,10770000,11280000,24
1145,b.mangwiro,28160000,28930000,24
1146,l.mitchell,10250000,10880000,24
1147,v.inoue,21830000,21960000,28
1148,n.quinn,13480000,14770000,24
1149,n.quinn,14580000,14770000,24
1150,z.nassolo,15200000,15930000,31
1151,m.schwartz,8670000,18340000,20
1152,m.schwartz,8670000,18340000,20
1153,m.schwartz,8670000,9340000,20
1154,m.schwartz,8670000,9340000,20
1155,k.yousef,17170000,9840000,19
1156,d.mirembe,8590000,9250000,31
1157,s.ylmaz,30910000,32710000,31
1158,b.mpofu,27660000,30200000,19
1159,b.mpofu,27660000,30200000,19
1160,b.mpofu,27660000,17890000,19
1161,b.mpofu,27660000,17890000,19
1162,m.sakai,27550000,29110000,24
1163,y.nartey,32400000,34140000,25
1164,r.kato,28250000,27710000,31
1165,b.harahap,24420000,24780000,34
1166,u.oola,28420000,31040000,25
1167,j.halvorsen,5300000,5560000,17
1168,t.astuti,37390000,39650000,25
1169,i.aidoo,26990000,18570000,29
1170,g.nisha,15770000,16000000,25
1171,w.damico,16480000,24330000,20
1172,w.damico,16480000,24330000,20
1173,w.damico,16480000,17940000,20
1174,w.damico,16480000,17940000,20
1175,o.nairuba,31850000,32950000,30
1176,g.ochwo,28420000,32710000,28
1177,o.kyomukama,15530000,15870000,20
1178,f.mutandwa,22810000,24500000,28
1179,w.longwe,14420000,15810000,27
1180,k.marufu,26100000,27530000,34
1181,f.asare,24580000,25850000,24
1182,r.magaya,22280000,30090000,27
1183,r.magaya,22280000,30090000,27
1184,r.magaya,22280000,24380000,27
1185,r.magaya,22280000,24380000,27
1186,h.marroquin,26710000,28120000,31
1187,h.marroquin,19930000,28120000,31
1188,d.amongi,7690000,7980000,36
1189,j.namale,33280000,33480000,27
1190,y.romano,14440000,15440000,30
1191,u.duval,24320000,25150000,31
1192,k.nasution,30100000,33080000,24
1193,k.nasution,7960000,33080000,24
1194,u.den,34220000,16820000,25
1195,g.muleya,21520000,2400000,26
1196,g.muleya,8850000,2400000,26
1197,t.obong,10340000,11230000,30
1198,u.ndagire,15280000,14710000,27
1199,f.nakimuli,30280000,23250000,26
1200,f.nakimuli,30280000,23250000,26
1201,f.nakimuli,30280000,33020000,26
1202,f.nakimuli,30280000,33020000,26
1203,i.kyalisiima,20930000,21970000,29
1204,q.ow,24130000,25170000,23
1205,c.asadi,25150000,27240000,23
1206,m.muhindo,15460000,28640000,26
1207,b.jalali,18690000,37200000,25
1208,y.turyahabwe,6630000,17940000,25
1209,a.aceng,14720000,15610000,24
1210,c.namugga,19380000,20530000,22
1211,h.weber,22810000,23690000,28
1212,o.sanchez,23260000,25500000,25
1213,a.alghamdi,11420000,12110000,33
1214,l.oroma,16500000,16730000,29
1215,z.moller,16770000,17490000,29
1216,j.okullo,26150000,28370000,23
1217,p.nyondo,17950000,18510000,19
1218,t.sarkar,29840000,20400000,35
1219,a.mwesigwa,16480000,22540000,25
1220,i.ly,21650000,22170000,20
1221,z.mayr,30630000,33660000,21
1222,z.mayr,28540000,33660000,21
1223,q.virtanen,25500000,26160000,25
1224,q.virtanen,5850000,26160000,25
1225,h.driscoll,30230000,32520000,22
1226,p.wan,17840000,19610000,35
1227,g.kaya,11930000,14450000,21
1228,g.kaya,11930000,14450000,21
1229,g.kaya,11930000,12850000,21
1230,g.kaya,11930000,12850000,21
1231,l.rahimi,27090000,29080000,29
1232,g.obrien,18420000,20060000,23
1233,u.tkachenko,21740000,23050000,22
1234,x.namuyanja,15680000,28510000,18
1235,i.bintiomar,21170000,20450000,19
1236,a.chelimo,20160000,21760000,21
1237,w.aubert,21840000,23320000,21
1238,t.hermawan,22240000,22820000,24
1239,u.adjei,26480000,28580000,28
1240,h.yong,14900000,15520000,27
1241,e.hor,19880000,19890000,23
1242,e.hor,6630000,19890000,23
1243,y.thungu,24080000,26070000,22
1244,q.gunther,30450000,29980000,24
1245,x.natamba,3330000,3540000,18
1246,k.jakobsson,32620000,31650000,24
1247,x.james,34510000,35250000,26
1248,m.bonnet,21300000,19480000,21
1249,e.tushemereirwe,13720000,14770000,30
1250,a.mucunguzi,12240000,10000000,28
1251,a.mucunguzi,9090000,10000000,28
1252,r.zamani,30260000,31490000,23
1253,i.diallo,23110000,23550000,22
1254,c.fuentes,36070000,37500000,29
1255,w.zarei,14520000,15320000,21
1256,z.eshun,27130000,27410000,22
1257,w.isah,34840000,36100000,26
1258,j.pedro,34190000,36520000,22
1259,l.barman,37110000,24850000,22
1260,p.uddin,26880000,27520000,28
1261,x.tambala,14520000,15610000,31
1262,f.racz,10850000,10920000,38
1263,e.manhica,22080000,22320000,28
1264,i.janssens,20510000,22030000,33
1265,j.otoo,6500000,6960000,22
1266,j.otoo,11880000,6960000,22
1267,m.angom,8600000,18920000,29
1268,m.angom,18400000,18920000,29
1269,w.ongom,9670000,10320000,30
1270,w.ongom,9670000,10320000,30
1271,w.ongom,9670000,21450000,30
1272,w.ongom,9670000,21450000,30
1273,s.owor,25340000,27580000,30
1274,u.molla,20930000,21250000,33
1275,n.katusabe,29210000,30850000,27
1276,n.magombo,22630000,24880000,27
1277,n.twesigye,28320000,30880000,28
1278,g.lubis,17250000,17470000,22
1279,c.go,27450000,33970000,32
1280,c.go,27450000,33970000,32
1281,c.go,27450000,29560000,32
1282,c.go,27450000,29560000,32
1283,p.rabiu,36060000,7280000,27
1284,p.rabiu,22050000,7280000,27
1285,u.taaka,28060000,28800000,20
1286,l.foo,15710000,16230000,29
1287,x.dahan,19540000,20490000,29
1288,y.apolot,11480000,12560000,27
1289,m.graham,13300000,14040000,26
1290,k.binabubakar,30080000,31230000,25
1291,s.moradi,24460000,25690000,32
1292,b.namazzi,34640000,35970000,33
1293,z.buyinza,26510000,28630000,31
1294,z.buyinza,17840000,28630000,31
1295,g.ribeiro,12730000,34770000,27
1296,g.ribeiro,34180000,34770000,27
1297,e.ow,27020000,4780000,26
1298,h.arab,23860000,22730000,31
1299,i.shoshan,25620000,7850000,30
1300,a.kyarikunda,25810000,8870000,30
1301,u.nambuya,23760000,34570000,25
1302,u.nambuya,19820000,34570000,25
1303,h.kisembo,19090000,16100000,25
1304,h.valentini,17190000,9460000,24
1305,h.valentini,17190000,9460000,24
1306,h.valentini,17190000,7050000,24
1307,h.valentini,17190000,7050000,24
1308,h.valentini,8720000,9460000,24
1309,h.valentini,8720000,9460000,24
1310,h.valentini,8720000,7050000,24
1311,h.valentini,8720000,7050000,24
1312,b.nakandi,26160000,9560000,28
1313,b.nakandi,26160000,9560000,28
1314,b.nakandi,26160000,6520000,28
1315,b.nakandi,26160000,6520000,28
1316,b.nakandi,21440000,9560000,28
1317,b.nakandi,21440000,9560000,28
1318,b.nakandi,21440000,6520000,28
1319,b.nakandi,21440000,6520000,28
1320,e.potonik,17390000,19090000,29
1321,e.potonik,17390000,19090000,29
1322,e.potonik,17390000,11360000,29
1323,e.potonik,17390000,11360000,29
1324,x.boyko,25100000,25550000,29
1325,z.chavula,20100000,20690000,29
1326,x.williams,21630000,23070000,26
1327,l.schubert,22640000,24140000,29
1328,h.zare,15280000,15430000,29
1329,i.gashi,24630000,25690000,28
1330,m.ayebazibwe,11020000,11590000,26
1331,s.ningsih,14680000,15660000,23
1332,j.saidu,26460000,28870000,35
1333,j.saidu,26460000,28870000,35
1334,j.saidu,26460000,21520000,35
1335,j.saidu,26460000,21520000,35
1336,f.nyakaisiki,27750000,26960000,26
1337,f.akwero,24240000,25910000,26
1338,f.akwero,30990000,25910000,26
1339,k.clark,26880000,28530000,33
1340,c.mugabirwe,35610000,33740000,26
1341,h.kirabira,26880000,28410000,25
1342,r.namande,25010000,24100000,33
1343,r.nkosi,36630000,39160000,29
1344,n.busingye,16460000,17410000,23
1345,r.owere,12960000,14160000,31
1346,z.banda,29850000,31770000,20
1347,m.delgado,18260000,19700000,25
1348,m.delgado,11220000,19700000,25
1349,r.gentile,24600000,12550000,29
1350,c.muhammadu,29820000,30850000,24
1351,q.liang,22510000,24760000,26
1352,w.joao,24140000,24660000,20
1353,l.achen,18310000,18600000,29
1354,z.krajnc,14050000,15340000,29
1355,h.kabugho,5480000,11690000,26
1356,h.kabugho,5480000,11690000,26
1357,h.kabugho,5480000,23520000,26
1358,h.kabugho,5480000,23520000,26
1359,l.yulianti,12060000,12860000,33
1360,o.gamal,17640000,19030000,21
1361,r.bogere,16140000,17730000,35
1362,s.nayiga,16770000,13800000,27
1363,s.nayiga,16770000,13800000,27
1364,s.nayiga,16770000,17190000,27
1365,s.nayiga,16770000,17190000,27
1366,a.ansah,24280000,25520000,22
1367,v.rocha,15870000,16460000,32
1368,l.dewit,29110000,30540000,35
1369,f.oreilly,12250000,12420000,21
1370,g.gonzalez,36870000,39770000,26
1371,h.kelmendi,18630000,16250000,29
1372,h.kelmendi,18630000,16250000,29
1373,h.kelmendi,18630000,18760000,29
1374,h.kelmendi,18630000,18760000,29
1375,j.vasquez,16820000,17430000,30
1376,a.amongin,8060000,8340000,30
1377,n.tkachuk,14440000,15100000,42
1378,k.mohammadzadeh,26400000,26680000,29
1379,o.maulana,15730000,16510000,25
1380,v.owusu,24750000,19700000,33
1381,a.kalule,21890000,22920000,23
1382,o.meszaros,25090000,20870000,30
1383,y.smit,30730000,30780000,26
1384,e.mugoya,19940000,21430000,27
1385,h.bhebhe,15500000,16430000,27
1386,w.namukose,8670000,9250000,25
1387,n.mushabe,20660000,22510000,36
1388,b.angella,19540000,20470000,21
1389,o.ahamad,15760000,15720000,26
1390,o.ahamad,15760000,15720000,26
1391,o.ahamad,15760000,14300000,26
1392,o.ahamad,15760000,14300000,26
1393,g.abdi,36400000,37470000,29
1394,e.munetsi,32170000,33540000,38
1395,k.amoding,35820000,36770000,21
1396,k.amoding,35310000,36770000,21
1397,a.patal,34070000,24510000,29
1398,a.patal,23420000,24510000,29
1399,m.ogbonna,23320000,24350000,20
1400,e.bosnjak,26390000,28100000,18
1401,c.majoni,32080000,35250000,28
1402,o.night,26840000,29440000,23
1403,v.razak,8620000,9030000,36
1404,u.mvula,11150000,11410000,29
1405,s.kor,19650000,21330000,23
1406,z.angom,12270000,12890000,18
1407,o.binabdulrahman,27940000,30630000,22
1408,u.lomongin,19290000,20560000,32
1409,h.pichler,20930000,22570000,30
1410,i.mushonga,29750000,32690000,29
1411,x.aliru,14720000,15660000,21
1412,a.marchenko,18360000,20140000,26
1413,w.hamad,6470000,6840000,34
1414,d.kos,25220000,27220000,20
1415,e.ghosh,14940000,14980000,30
1416,e.nemeth,10180000,10410000,34
1417,f.odaga,13490000,22710000,21
1418,k.nanyondo,33100000,27780000,27
1419,k.nanyondo,33100000,27780000,27
1420,k.nanyondo,33100000,35460000,27
1421,k.nanyondo,33100000,35460000,27
1422,y.mugerwa,22780000,2090000,25
1423,q.krasniqi,15590000,16910000,19
1424,z.njoku,20700000,22570000,25
1425,l.nanono,18540000,18610000,31
1426,w.kisitu,20820000,20960000,24
1427,w.kisitu,20590000,20960000,24
1428,k.taremwa,22340000,24170000,28
1429,z.nyamahunge,6380000,7740000,38
1430,y.nanyondo,18030000,19030000,26
1431,m.ngamita,15070000,13320000,30
1432,t.ray,18360000,19000000,24
1433,t.ray,18360000,19000000,24
1434,t.ray,18360000,14590000,24
1435,t.ray,18360000,14590000,24
1436,v.persson,9710000,8660000,29
1437,k.thompson,24150000,24950000,25
1438,g.sala,17900000,21430000,34
1439,q.juhasz,18770000,19740000,24
1440,a.nasiru,18550000,19700000,25
1441,h.tumukunde,30430000,31960000,32
1442,h.tumukunde,30430000,31960000,32
1443,h.tumukunde,30430000,35630000,32
1444,h.tumukunde,30430000,35630000,32
1445,l.yusof,13610000,13890000,26
1446,d.adu,24090000,24230000,26
1447,o.andoh,10370000,11350000,21
1448,n.alum,27270000,27530000,30
1449,a.cheang,12060000,12790000,20
1450,v.it,16940000,1310000,31
1451,v.it,5000000,1310000,31
1452,j.atala,20340000,21760000,27
1453,c.manjhi,20960000,22670000,26
1454,m.namiiro,7290000,14970000,34
1455,m.namiiro,14620000,14970000,34
1456,y.opio,21360000,22040000,29
1457,a.acheng,33090000,25870000,24
1458,c.gheorghe,38690000,17030000,18
1459,c.gheorghe,38690000,17030000,18
1460,c.gheorghe,38690000,39690000,18
1461,c.gheorghe,38690000,39690000,18
1462,m.dbrowski,34680000,35850000,20
1463,z.ngambi,35870000,36340000,32
1464,n.yamashita,23040000,8270000,19
1465,c.abramov,30420000,30570000,29
1466,y.nambi,34490000,37780000,29
1467,a.kovaevi,13300000,13590000,28
1468,h.okafor,13050000,14150000,25
1469,w.nabuuma,17880000,18280000,29
1470,h.adjei,22560000,24500000,28
1471,k.mayanja,25390000,27030000,27
1472,d.pfeiffer,35840000,38940000,32
1473,d.pfeiffer,35840000,38940000,32
1474,d.pfeiffer,35840000,29480000,32
1475,d.pfeiffer,35840000,29480000,32
1476,j.jorgensen,32490000,32930000,25
1477,j.laurent,24100000,25540000,30
1478,f.farkas,12310000,12570000,25
1479,d.muwonge,7480000,7630000,24
1480,x.denis,28760000,30520000,22
1481,z.longole,20360000,20630000,24
1482,c.obi,7000000,7030000,28
1483,d.saleh,23320000,16070000,24
1484,d.saleh,13730000,16070000,24
1485,p.natukunda,9720000,10230000,36
1486,t.moretti,13990000,18510000,21
1487,c.malkah,24950000,25450000,21
1488,s.obonyo,17860000,18630000,23
1489,p.mukalazi,35870000,35980000,24
1490,v.golob,37870000,38790000,25
1491,v.tugume,35190000,36970000,32
1492,l.jean,26260000,26890000,29
1493,y.acola,12290000,13360000,33
1494,k.huang,19980000,19990000,39
1495,j.leroux,10310000,10570000,28
1496,a.dekker,23970000,28600000,27
1497,a.dekker,23970000,28600000,27
1498,a.dekker,23970000,14600000,27
1499,a.dekker,23970000,14600000,27
1500,a.dekker,13620000,28600000,27
1501,a.dekker,13620000,28600000,27
1502,a.dekker,13620000,14600000,27
1503,a.dekker,13620000,14600000,27
1504,f.lee,26370000,27310000,22
1505,m.chirambo,14130000,15140000,35
1506,w.tushabomwe,22580000,22800000,28
1507,n.colon,35480000,38030000,20
1508,c.alum,34280000,36380000,28
1509,g.chimwaza,24510000,26160000,20
1510,c.adong,8180000,8970000,29
1511,c.moser,25330000,26160000,30
1512,d.henriksen,10690000,11010000,23
1513,u.krause,9410000,9570000,33
1514,d.biribawa,10480000,10680000,24
1515,o.nanyanzi,9110000,9900000,25
1516,y.gashi,7280000,7950000,29
1517,k.philippe,21480000,22310000,30
1518,g.mwima,28050000,28990000,30
1519,o.roth,24430000,25910000,27
1520,o.roth,24430000,25910000,27
1521,o.roth,24430000,36270000,27
1522,o.roth,24430000,36270000,27
1523,v.morel,27070000,27530000,24
1524,v.morel,5040000,27530000,24
1525,y.larsen,18960000,19520000,26
1526,h.dehghan,26850000,18500000,25
1527,k.chisi,28770000,31360000,26
1528,s.ghaffari,21670000,23140000,25
1529,x.makina,8130000,8380000,18
1530,l.sigauke,32720000,34740000,23
1531,l.sigauke,32720000,34740000,23
1532,l.sigauke,32720000,24640000,23
1533,l.sigauke,32720000,24640000,23
1534,b.alhassan,7850000,8140000,32
1535,n.terzi,11080000,5000000,22
1536,d.shuaibu,9440000,10270000,28
1537,w.ly,23590000,24230000,27
1538,e.deluca,14110000,14190000,26
1539,j.neo,7760000,7920000,25
1540,l.schmid,12610000,22230000,25
1541,q.atiku,8420000,8680000,30
1542,e.kalungi,16570000,7480000,28
1543,e.kalungi,6930000,7480000,28
1544,a.caron,25400000,26890000,24
1545,j.nath,27540000,28830000,28
1546,v.heikkinen,29050000,29520000,37
1547,f.mugabe,25560000,28030000,23
1548,f.mugabe,25560000,28030000,23
1549,f.mugabe,25560000,27140000,23
1550,f.mugabe,25560000,27140000,23
1551,c.hamed,11620000,11870000,23
1552,y.atoo,29110000,29900000,24
1553,y.almutairi,27580000,27120000,25
1554,e.fiore,16510000,17600000,19
1555,t.ferrari,16960000,6910000,22
1556,o.avako,30040000,32600000,31
1557,i.kolar,13970000,14870000,24
1558,k.mwanje,25520000,6880000,23
1559,k.mwanje,25520000,6880000,23
1560,k.mwanje,25520000,6880000,23
1561,k.mwanje,25520000,27880000,23
1562,k.mwanje,25520000,27880000,23
1563,k.mwanje,25520000,27880000,23
1564,k.mwanje,25520000,6870000,23
1565,k.mwanje,25520000,6870000,23
1566,k.mwanje,25520000,6870000,23
1567,s.lutaaya,23050000,24420000,22
1568,g.fauzi,30290000,31290000,27
1569,x.kazibwe,32690000,34760000,29
1570,z.kiirya,8240000,15060000,22
1571,z.kiirya,14360000,15060000,22
1572,k.yldz,22340000,36570000,25
1573,i.mutabazi,16210000,32790000,24
1574,i.mutabazi,15310000,32790000,24
1575,n.tamura,25100000,8240000,28
1576,j.manu,26280000,14860000,24
1577,z.nakayama,25970000,31300000,25
1578,z.moreira,19510000,6030000,24
1579,h.saeed,7140000,25690000,23
1580,d.kimuli,8660000,7580000,28
1581,b.vandermeer,12990000,13330000,25
1582,j.fukuda,14150000,15170000,26
1583,b.colin,26560000,4890000,26
1584,a.ainomugisha,12960000,32570000,20
1585,a.davies,19430000,19670000,29
1586,l.fuchs,23290000,24700000,28
1587,m.rashid,24120000,25020000,22
1588,m.rashid,11650000,25020000,22
1589,o.mudzingwa,9820000,10300000,20
1590,d.balazs,15760000,16200000,25
1591,g.sserugo,22580000,22160000,31
1592,g.sserugo,22580000,22160000,31
1593,g.sserugo,22580000,22740000,31
1594,g.sserugo,22580000,22740000,31
1595,a.anwar,22330000,19460000,28
1596,a.anwar,18040000,19460000,28
1597,i.lehmann,32100000,34170000,18
1598,j.chew,21060000,22400000,25
1599,t.akankwasa,36290000,31700000,26
1600,v.ssali,20380000,21210000,29
1601,w.binmohamad,14800000,12830000,23
1602,i.vong,19270000,20940000,34
1603,j.riyadi,1950000,2100000,21
1604,x.wouters,22610000,26490000,23
1605,f.okon,12700000,12980000,33
1606,g.degroot,25820000,27120000,30
1607,p.sanyu,14080000,14280000,29
1608,q.cheong,14160000,15300000,21
1609,c.mirkovi,25130000,26220000,30
1610,h.francisco,23950000,11910000,34
1611,g.efendi,13080000,13420000,29
1612,g.muzamba,23970000,32400000,28
1613,q.sumarni,17080000,17320000,18
1614,y.vitali,22750000,22970000,27
1615,d.caruso,23790000,10830000,23
1616,t.neves,23000000,30990000,29
1617,t.neves,16700000,30990000,29
1618,j.bahri,14120000,15500000,24
1619,w.mertens,25120000,32140000,32
1620,r.begum,25150000,25580000,34
1621,q.higenyi,34390000,20980000,23
1622,h.sat,27410000,29600000,21
1623,h.sat,27410000,29600000,21
1624,h.sat,27410000,28510000,21
1625,h.sat,27410000,28510000,21
1626,m.mansouri,24710000,27100000,22
1627,m.mansouri,22550000,27100000,22
1628,h.tuhaise,4180000,4290000,23
1629,p.solanki,16940000,17940000,25
1630,g.boadi,21740000,22780000,37
1631,k.ndiweni,31780000,32790000,27
1632,n.von,10330000,11170000,23
1633,d.schmid,26240000,27620000,22
1634,m.bwire,32380000,33770000,31
1635,g.hungwe,27040000,29210000,24
1636,z.delemovi,26630000,27280000,25
1637,y.nalubwama,35950000,32510000,28
1638,r.jimenez,16340000,4580000,20
1639,i.greenberg,15230000,16370000,33
1640,d.onzia,19080000,20300000,29
1641,l.sayed,20410000,21990000,24
1642,l.sayed,20410000,21990000,24
1643,l.sayed,20410000,22540000,24
1644,l.sayed,20410000,22540000,24
1645,f.nanfuka,7810000,8500000,23
1646,a.maposa,15960000,23200000,29
1647,v.siregar,12390000,12690000,17
1648,w.fernando,14070000,14650000,27
1649,k.supriadi,31490000,32540000,27
1650,c.alanazi,20360000,20520000,32
1651,l.bekher,10530000,10810000,19
1652,q.henriksen,19400000,20940000,26
1653,h.hansen,22030000,22780000,34
1654,n.muhammadu,19510000,20440000,25
1655,s.mussa,32020000,25490000,21
1656,l.razaie,29540000,29850000,31
1657,b.sah,28310000,28760000,30
1658,i.mwase,37550000,40260000,25
1659,w.lotfi,21070000,21450000,25
1660,b.gondo,16460000,17950000,33
1661,c.arineitwe,25970000,26890000,27
1662,b.putra,24510000,26520000,25
1663,g.frimpong,23890000,25790000,25
1664,t.bhebhe,16410000,16770000,35
1665,c.kova,8180000,25200000,27
1666,c.kova,4040000,25200000,27
1667,c.negri,9610000,29610000,28
1668,b.bintiothman,17170000,27630000,22
1669,e.atim,21730000,21950000,26
1670,f.yusuf,14340000,15080000,26
1671,l.vanags,30090000,31920000,33
1672,v.lahtinen,19970000,20140000,23
1673,v.macuacua,19760000,19990000,33
1674,f.hang,10750000,19880000,25
1675,z.kebirungi,27430000,36810000,22
1676,z.kebirungi,35250000,36810000,22
1677,q.acen,30850000,25190000,24
1678,q.acen,30850000,25190000,24
1679,q.acen,30850000,25040000,24
1680,q.acen,30850000,25040000,24
1681,b.binabdrahman,22970000,29220000,21
1682,s.soon,29490000,31590000,23
1683,j.soares,26360000,28930000,37
1684,e.binmohamed,11370000,27110000,23
1685,l.namaganda,7540000,7860000,27
1686,i.conte,29630000,32380000,27
1687,l.mandala,28440000,7220000,30
1688,l.mandala,28270000,7220000,30
1689,g.ibraimo,10850000,11350000,35
1690,b.mayer,25000000,27460000,31
1691,f.meier,20200000,21990000,18
1692,n.dutta,16390000,9720000,27
1693,n.dutta,16390000,9720000,27
1694,n.dutta,16390000,16830000,27
1695,n.dutta,16390000,16830000,27
1696,w.nakato,12770000,13170000,23
1697,a.nanjala,26590000,8320000,21
1698,a.nanjala,39730000,8320000,21
1699,q.abo,16930000,17550000,29
1700,c.haas,11880000,12830000,28
1701,y.rodriguez,10310000,10530000,33
1702,b.savolainen,10120000,22460000,26
1703,s.candiru,17400000,19920000,22
1704,s.candiru,17400000,19920000,22
1705,s.candiru,17400000,18170000,22
1706,s.candiru,17400000,18170000,22
1707,u.mayer,10290000,10790000,22
1708,i.franke,10270000,27750000,28
1709,i.franke,10270000,27750000,28
1710,i.franke,10270000,11010000,28
1711,i.franke,10270000,11010000,28
1712,i.paswan,15070000,15150000,25
1713,e.amanya,30910000,33080000,37
1714,y.akiror,26830000,29230000,20
1715,b.quaye,20080000,21690000,22
1716,b.quaye,20080000,21690000,22
1717,b.quaye,20080000,21690000,22
1718,b.quaye,20080000,28510000,22
1719,b.quaye,20080000,28510000,22
1720,b.quaye,20080000,28510000,22
1721,b.quaye,20080000,1790000,22
1722,b.quaye,20080000,1790000,22
1723,b.quaye,20080000,1790000,22
1724,b.quaye,7050000,21690000,22
1725,b.quaye,7050000,21690000,22
1726,b.quaye,7050000,21690000,22
1727,b.quaye,7050000,28510000,22
1728,b.quaye,7050000,28510000,22
1729,b.quaye,7050000,28510000,22
1730,b.quaye,7050000,1790000,22
1731,b.quaye,7050000,1790000,22
1732,b.quaye,7050000,1790000,22
1733,i.goh,12090000,25830000,21
1734,p.mlotshwa,33000000,30950000,22
1735,p.mlotshwa,33000000,30950000,22
1736,p.mlotshwa,33000000,35700000,22
1737,p.mlotshwa,33000000,35700000,22
1738,g.caputo,20550000,21610000,22
1739,d.sorrentino,14200000,14950000,30
1740,x.kanyunyuzi,20660000,33250000,31
1741,w.soltani,39710000,43540000,26
1742,j.hasahya,23070000,24210000,23
1743,i.gumede,7790000,8110000,28
1744,a.radu,24730000,23940000,34
1745,z.wu,20620000,21950000,25
1746,m.atuhaire,20620000,9520000,31
1747,d.amanyire,16140000,17620000,31
1748,d.deli,26390000,26620000,33
1749,p.tzur,16130000,16650000,32
1750,s.kamoga,18150000,18730000,21
1751,b.maruyama,16000000,23910000,27
1752,e.gayakwad,26060000,28250000,22
1753,f.oyama,36440000,38330000,31
1754,b.phillips,25460000,25820000,27
1755,j.koval,16180000,17600000,36
1756,a.berkowitz,13710000,13820000,34
1757,y.cheu,14860000,6190000,18
1758,c.chand,25860000,27820000,28
1759,z.griffiths,25350000,25420000,27
1760,w.cheang,35640000,23230000,35
1761,d.sigauke,10830000,11130000,23
1762,e.hasahya,34270000,37120000,26
1763,u.guillot,32160000,34160000,24
1764,j.mubangizi,16530000,16620000,19
1765,s.musoki,6630000,30900000,27
1766,v.kaneko,15130000,16170000,30
1767,d.namayanja,14340000,14660000,23
1768,u.mansour,5730000,5830000,23
1769,h.byamugisha,21080000,15270000,23
1770,g.neumbe,10320000,31830000,32
1771,x.nakong,13650000,14510000,28
1772,s.sanchez,23580000,25890000,33
1773,e.zacarias,31040000,33810000,26
1774,l.novak,21080000,22060000,29
1775,m.nyamahunge,11060000,11220000,32
1776,v.guillaume,15240000,15480000,33
1777,d.mattila,17090000,18500000,26
1778,d.mattila,17090000,18500000,26
1779,d.mattila,17090000,6670000,26
1780,d.mattila,17090000,6670000,26
1781,d.roussel,25420000,27960000,23
1782,u.chavez,22910000,24090000,28
1783,f.ndou,11780000,12550000,32
1784,b.kansiime,22550000,24120000,25
1785,b.kansiime,22550000,24120000,25
1786,b.kansiime,22550000,32360000,25
1787,b.kansiime,22550000,32360000,25
1788,j.maeda,21070000,21100000,28
1789,o.suzuki,14050000,14560000,19
1790,r.uchida,35500000,37960000,23
1791,c.sulaiman,18840000,19780000,27
1792,c.sulaiman,3300000,19780000,27
1793,h.jansson,9690000,10210000,25
1794,a.barbieri,12200000,12540000,32
1795,d.siregar,12290000,12820000,24
1796,l.ricci,17780000,19380000,33
1797,o.oketcho,4390000,4710000,23
1798,o.oketcho,3560000,4710000,23
1799,v.mugala,21810000,23770000,30
1800,d.fischer,30100000,30250000,35
1801,b.mtonga,31980000,34100000,28
1802,z.nakiwala,26490000,24480000,24
1803,z.nakiwala,26490000,24480000,24
1804,z.nakiwala,26490000,23920000,24
1805,z.nakiwala,26490000,23920000,24
1806,g.eng,24380000,25220000,27
1807,k.kravchenko,11280000,11670000,26
1808,q.konig,13730000,14980000,24
1809,b.kaonga,11410000,12030000,22
1810,z.johansen,22120000,24290000,31
1811,w.mahato,29680000,31040000,32
1812,d.magala,17330000,17680000,27
1813,i.benedetti,27160000,28760000,22
1814,f.binzakaria,25400000,25560000,26
1815,k.ferrari,12930000,15610000,21
1816,c.roux,11270000,11700000,34
1817,d.ngo,14090000,15370000,31
1818,n.turyasingura,8530000,9090000,31
1819,o.mohammad,13850000,14460000,23
1820,r.tsao,12650000,6530000,26
1821,k.kastelic,11590000,12240000,31
1822,k.kastelic,14850000,12240000,31
1823,l.bogere,22040000,22260000,29
1824,m.nakyejwe,29120000,28880000,23
1825,v.sserugo,34970000,24350000,25
1826,c.shevchenko,13130000,14210000,31
1827,d.law,24310000,25600000,29
1828,f.ainembabazi,10880000,11250000,23
1829,j.mugenyi,14420000,15730000,25
1830,m.korugyendo,20180000,20520000,29
1831,r.kabuye,19140000,19740000,32
1832,h.shuaibu,18550000,18700000,24
1833,j.binhashim,23430000,30550000,23
1834,u.oyella,7640000,27780000,33
1835,m.naluwooza,25550000,27670000,23
1836,v.abu,16890000,17960000,27
1837,t.sinaga,21660000,23150000,24
1838,j.ayebare,16900000,17290000,26
1839,l.wilson,11390000,12000000,25
1840,c.busingye,19280000,5590000,26
1841,m.takata,15950000,16010000,21
1842,a.nilsen,13370000,14680000,33
1843,v.nazziwa,21530000,21970000,31
1844,z.acidri,14580000,14970000,23
1845,i.hsieh,10790000,10970000,28
1846,o.aboagye,26620000,28190000,29
1847,p.peh,19410000,19590000,23
1848,i.stoica,26670000,30780000,33
1849,k.binali,34550000,37550000,17
1850,l.ndyanabo,34220000,36590000,33
1851,p.susanto,27650000,23300000,27
1852,p.susanto,24650000,23300000,27
1853,u.nafula,28670000,29050000,29
1854,u.nafula,5980000,29050000,29
1855,w.abeja,9960000,10460000,28
1856,g.kyobutungi,10970000,11650000,31
1857,h.gaillard,20540000,21420000,23
1858,m.opoku,25850000,33150000,23
1859,y.mukisa,26610000,25650000,32
1860,i.babirye,6250000,6420000,22
1861,i.babirye,6250000,6420000,22
1862,i.babirye,6250000,23710000,22
1863,i.babirye,6250000,23710000,22
1864,i.babirye,16690000,6420000,22
1865,i.babirye,16690000,6420000,22
1866,i.babirye,16690000,23710000,22
1867,i.babirye,16690000,23710000,22
1868,x.nankya,26890000,27360000,20
1869,z.gholami,19370000,20060000,32
1870,w.doyle,33730000,39760000,33
1871,d.egger,20680000,20930000,32
1872,j.zacarias,11450000,11630000,25
1873,j.zacarias,8320000,11630000,25
1874,n.nassiri,12870000,13580000,22
1875,k.awuah,9730000,16050000,30
1876,k.awuah,20860000,16050000,30
1877,v.caputo,13970000,14800000,32
1878,o.balog,9120000,9730000,28
1879,j.ko,24200000,26560000,28
1880,h.chevalier,11530000,12510000,32
1881,m.banda,29540000,30110000,29
1882,e.thembo,24650000,25430000,31
1883,r.giordano,19220000,24140000,38
1884,t.tushemereirwe,31650000,34540000,33
1885,t.jiu,13430000,22920000,33
1886,t.jiu,22850000,22920000,33
1887,x.rana,22410000,23410000,20
1888,b.brandt,22100000,23680000,27
1889,h.gomo,29760000,30020000,24
1890,a.murata,18880000,19930000,30
1891,p.nakimera,35040000,14980000,26
1892,q.naturinda,17340000,18420000,25
1893,b.nemeth,21410000,30660000,24
1894,g.nalwoga,18920000,19800000,30
1895,i.basemera,20460000,22200000,22
1896,o.okamoto,13140000,14300000,23
1897,y.kasozi,13040000,10080000,26
1898,y.kasozi,5190000,10080000,26
1899,d.hara,26670000,28070000,26
1900,h.lo,9620000,10310000,26
1901,h.lo,9620000,10310000,26
1902,h.lo,9620000,3260000,26
1903,h.lo,9620000,3260000,26
1904,i.tng,13840000,14500000,23
1905,l.adikini,18090000,18400000,28
1906,p.halvorsen,16020000,17470000,19
1907,r.orlando,4330000,4480000,22
1908,z.knezevi,24640000,26700000,28
1909,z.knezevi,24640000,26700000,28
1910,z.knezevi,24640000,4040000,28
1911,z.knezevi,24640000,4040000,28
1912,o.zen,22420000,23110000,20
1913,b.male,26590000,27960000,23
1914,o.rodrigues,30440000,32480000,28
1915,u.nyakaisiki,28950000,30920000,18
1916,g.nalukwago,25650000,26750000,25
1917,i.ajiko,28880000,29100000,25
1918,a.johannessen,13900000,14920000,30
1919,d.mulumba,7120000,7660000,23
1920,k.kabonesa,11430000,11740000,21
1921,o.szilagyi,23250000,23410000,24
1922,h.david,19260000,33160000,21
1923,h.david,19260000,33160000,21
1924,h.david,19260000,11890000,21
1925,h.david,19260000,11890000,21
1926,g.leone,18210000,19210000,23
1927,s.gutierrez,19630000,19990000,20
1928,a.lalam,9730000,10510000,26
1929,c.benhamou,22120000,24210000,25
1930,d.kalnis,13880000,14700000,31
1931,o.akia,17660000,18850000,28
1932,r.koch,13610000,13680000,30
1933,v.chimwaza,8570000,8940000,33
1934,y.okori,27260000,28970000,31
1935,h.chakraborty,13830000,15200000,31
1936,d.adebayo,25960000,28170000,23
1937,d.adebayo,25960000,28170000,23
1938,d.adebayo,25960000,11010000,23
1939,d.adebayo,25960000,11010000,23
1940,o.manhica,33600000,35920000,29
1941,q.salehi,26590000,28090000,31
1942,j.taylor,34460000,37320000,33
1943,k.nkhoma,16400000,17380000,24
1944,r.martino,23940000,25950000,29
1945,l.nangiro,29770000,32320000,25
1946,c.attias,20760000,21850000,27
1947,e.hayati,26010000,27070000,26
1948,w.ross,6150000,6490000,18
1949,y.nakimbugwe,21210000,22000000,29
1950,v.fernandez,15760000,16100000,28
1951,o.visser,8080000,8670000,27
1952,u.wahyudi,14820000,15740000,21
1953,o.seah,19840000,20330000,25
1954,v.andersson,13210000,13910000,27
1955,c.pavlovi,10710000,10890000,22
1956,m.kayesu,19390000,20340000,32
1957,a.richard,25990000,26280000,34
1958,d.huda,29810000,29820000,30
1959,r.morin,21080000,21180000,28
1960,y.sen,27150000,29360000,32
1961,s.costa,25350000,25400000,19
1962,j.atuhairwe,27160000,28960000,26
1963,c.neri,35800000,36900000,24
1964,f.claes,33130000,29780000,22
1965,f.claes,33130000,29780000,22
1966,f.claes,33130000,35470000,22
1967,f.claes,33130000,35470000,22
1968,q.ariko,24890000,34440000,31
1969,m.knezevi,29160000,31640000,20
1970,d.ocokoru,17310000,19010000,28
1971,p.villa,35290000,7820000,20
1972,n.utami,29300000,30970000,29
1973,y.ruggiero,14740000,15930000,28
1974,y.nagudi,21970000,22940000,30
1975,t.cortez,19490000,20090000,22
1976,e.okurut,14760000,14840000,28
1977,c.nangobi,17750000,18300000,34
1978,n.namwanje,30070000,31880000,29
1979,g.yunusa,28200000,29190000,29
1980,i.murakami,23170000,10430000,21
1981,i.murakami,20150000,10430000,21
1982,b.yang,22950000,25090000,29
1983,g.nakasi,26130000,20890000,21
1984,t.mendes,21490000,20600000,19
1985,t.mendes,21490000,20600000,19
1986,t.mendes,21490000,26150000,19
1987,t.mendes,21490000,26150000,19
1988,f.taruvinga,16360000,16720000,28
1989,i.beh,10210000,10570000,25
1990,s.nansamba,18400000,19860000,28
1991,a.hudak,16920000,17740000,29
1992,a.tio,11450000,11490000,33
1993,c.lunyolo,12010000,13020000,24
1994,h.gumisiriza,12130000,13020000,30
1995,u.businge,5400000,5890000,27
1996,f.jee,23370000,25500000,30
1997,r.nuwagaba,22290000,24460000,30
1998,t.sommer,17560000,17770000,30
1999,l.sakurai,9560000,9820000,31
2000,m.murmu,9020000,9140000,28
2001,a.kuloba,24160000,24610000,34
2002,m.wandera,16350000,8830000,27
2003,f.nakacwa,15190000,15780000,21
2004,m.khatun,16200000,16870000,23
2005,p.farina,26050000,27010000,28
2006,x.sung,24630000,25790000,32
2007,n.niwagaba,30650000,31550000,33
2008,v.nakiyemba,33720000,35910000,34
2009,g.katumba,11350000,7820000,26
2010,g.katumba,11350000,7820000,26
2011,g.katumba,11350000,11770000,26
2012,g.katumba,11350000,11770000,26
2013,c.ibrahim,12550000,13610000,29
2014,d.akia,21540000,22300000,28
2015,d.pal,14370000,15490000,29
2016,h.nakafeero,15890000,16510000,29
2017,n.andama,5290000,5470000,34
2018,z.hribar,10640000,10780000,23
2019,s.wahab,30310000,31090000,19
2020,g.musoke,37890000,31280000,22
2021,j.chou,34660000,36420000,28
2022,j.munguambe,28840000,29120000,26
2023,s.kofi,23470000,24470000,33
2024,g.leung,22330000,23490000,31
2025,j.martin,16470000,9080000,33
2026,g.namugere,14270000,21910000,24
2027,k.larsson,21600000,21780000,28
2028,l.abdullah,24670000,24700000,32
2029,r.lokiru,23320000,25110000,19
2030,g.mlakar,23470000,25370000,21
2031,v.salim,10750000,11040000,25
2032,v.akoli,17040000,17130000,22
2033,v.quay,16160000,17050000,31
2034,g.kintu,20340000,21310000,28
2035,l.wambi,16620000,17720000,19
2036,l.wambi,16620000,17720000,19
2037,l.wambi,16620000,14770000,19
2038,l.wambi,16620000,14770000,19
2039,n.muzenda,10740000,11260000,25
2040,h.nakagolo,13530000,14860000,29
2041,a.kamusiime,21780000,23600000,29
2042,l.kavi,11730000,8120000,28
2043,b.lindberg,24860000,20770000,22
2044,g.owusu,36400000,28680000,27
2045,r.baidoo,25660000,10830000,23
2046,x.mubiru,25680000,26730000,31
2047,d.gross,28390000,31200000,20
2048,s.nuwagira,12510000,13220000,27
2049,k.nambozo,12020000,12660000,24
2050,m.kusiima,20840000,34240000,27
2051,m.kusiima,20840000,34240000,27
2052,m.kusiima,20840000,21000000,27
2053,m.kusiima,20840000,21000000,27
2054,o.ueno,23370000,24350000,30
2055,i.mponda,27180000,29850000,28
2056,g.namakula,18290000,18630000,25
2057,b.abubakar,33390000,33840000,25
2058,j.khoh,25830000,27280000,25
2059,r.kiberu,27250000,27850000,30
2060,o.nalubega,29030000,31350000,26
2061,g.syu,16940000,15320000,26
2062,g.syu,16940000,15320000,26
2063,g.syu,16940000,18160000,26
2064,g.syu,16940000,18160000,26
2065,t.lam,7760000,8420000,24
2066,p.nabbanja,9440000,10070000,28
2067,p.alobo,16620000,17430000,27
2068,t.lawino,18470000,19270000,29
2069,p.aydn,27890000,28190000,32
2070,s.ibraimo,20870000,21500000,24
2071,u.woo,27800000,27840000,33
2072,u.woo,28600000,27840000,33
2073,l.antwi,6130000,6370000,23
2074,z.fabre,22520000,24720000,25
2075,r.ferretti,16490000,10900000,22
2076,d.abiria,13890000,14630000,21
2077,c.kalua,10900000,11850000,26
2078,c.kalua,10900000,11850000,26
2079,c.kalua,10900000,5770000,26
2080,c.kalua,10900000,5770000,26
2081,h.ziegler,12150000,12160000,23
2082,k.roger,31070000,33690000,26
2083,b.luki,13130000,13420000,21
2084,j.abdel,8260000,8370000,27
2085,c.kasangaki,21250000,21370000,30
2086,c.navarro,14050000,14910000,34
2087,k.mpofu,20820000,30790000,23
2088,x.nabukalu,11750000,12010000,28
2089,a.bondarenko,25020000,27220000,24
2090,o.wong,27810000,30070000,23
2091,o.wong,4300000,30070000,23
2092,u.yong,22970000,25140000,29
2093,g.nadunga,26950000,27500000,26
2094,e.mwesigye,10540000,27730000,19
2095,e.mwesigye,10540000,27730000,19
2096,e.mwesigye,10540000,11140000,19
2097,e.mwesigye,10540000,11140000,19
2098,e.mwesigye,6470000,27730000,19
2099,e.mwesigye,6470000,27730000,19
2100,e.mwesigye,6470000,11140000,19
2101,e.mwesigye,6470000,11140000,19
2102,p.binibrahim,25820000,26110000,26
2103,p.binibrahim,4980000,26110000,26
2104,n.mucunguzi,16050000,17430000,29
2105,u.nishimura,11550000,11590000,31
2106,g.gentile,18040000,18700000,33
2107,v.handayani,22300000,22830000,26
2108,i.carpentier,21790000,22460000,28
2109,g.agustina,20360000,21900000,31
2110,f.ngulube,20070000,21560000,25
2111,x.muzaki,10440000,10590000,33
2112,l.kimuli,16100000,18090000,22
2113,g.varma,19220000,19340000,26
2114,j.chan,16390000,17040000,32
2115,k.byakatonda,13800000,15140000,28
2116,q.alonso,21540000,23340000,25
2117,a.bintizakaria,16890000,17100000,31
2118,s.baig,20820000,24270000,22
2119,f.rozman,29620000,31430000,26
2120,l.ibrahimovi,23980000,25060000,25
2121,l.nakalembe,30390000,32320000,32
2122,g.alali,15300000,16080000,27
2123,i.kisitu,21240000,22880000,24
2124,m.sseguya,10830000,11510000,36
2125,f.lukyamuzi,22320000,23300000,32
2126,j.kayendeke,31370000,32310000,34
2127,y.arinitwe,10010000,10690000,20
2128,j.potonik,9110000,9790000,28
2129,k.deng,14020000,14930000,22
2130,j.pradhan,24200000,25570000,23
2131,r.tumusiime,23950000,24560000,31
2132,v.phung,27070000,29580000,27
2133,i.leibowitz,10370000,19710000,26
2134,k.asadi,8410000,8910000,26
2135,a.oconnor,18420000,19710000,18
2136,b.binder,19170000,21030000,30
2137,e.miyamoto,14240000,14330000,22
2138,g.magaya,9490000,9970000,24
2139,o.gatti,17440000,10070000,23
2140,o.gatti,17440000,10070000,23
2141,o.gatti,17440000,17610000,23
2142,o.gatti,17440000,17610000,23
2143,s.kule,18190000,19480000,24
2144,t.haim,16540000,17930000,30
2145,h.namwase,29030000,30930000,30
2146,s.nyathi,26020000,26840000,31
2147,d.mugisa,28660000,30040000,28
2148,c.ismail,7530000,8080000,23
2149,m.ategeka,10980000,11710000,28
2150,i.suleman,10520000,10560000,20
2151,f.mbale,17570000,19190000,32
2152,f.ohana,1870000,1920000,26
2153,i.okiror,17030000,18050000,34
2154,q.muwanguzi,14680000,14950000,27
2155,q.pellegrino,24210000,26230000,30
2156,s.wimmer,27040000,28250000,26
2157,n.kumar,31710000,33270000,19
2158,u.kizito,11810000,12320000,30
2159,r.lambert,30970000,26200000,23
2160,c.machingura,27800000,29270000,28
2161,g.riva,9320000,10170000,25
2162,l.khonje,11140000,11470000,32
2163,p.okoth,25010000,25540000,30
2164,v.ang,15450000,15460000,29
2165,x.ayugi,8550000,9120000,23
2166,p.paterson,17180000,18050000,31
2167,f.nakalema,22150000,14350000,23
2168,f.nakalema,22150000,14350000,23
2169,f.nakalema,22150000,24110000,23
2170,f.nakalema,22150000,24110000,23
2171,h.mancini,24740000,26280000,30
2172,z.amito,23190000,24820000,22
2173,e.mudzingwa,15540000,16240000,26
2174,d.jena,13620000,13840000,27
2175,j.maneno,23540000,24060000,27
2176,w.ofori,16120000,26690000,26
2177,w.ofori,16120000,26690000,26
2178,w.ofori,16120000,16850000,26
2179,w.ofori,16120000,16850000,26
2180,c.musana,13050000,14350000,23
2181,c.luka,31360000,33820000,24
2182,d.dejong,18120000,18260000,20
2183,f.sow,17940000,17950000,27
2184,r.chandia,12900000,13820000,30
2185,t.vidmar,19810000,20050000,19
2186,f.salifu,24490000,25230000,34
2187,d.horn,8570000,9080000,29
2188,h.jovanovi,11990000,12820000,23
2189,c.najafi,22730000,23580000,21
2190,e.bukar,16580000,16800000,29
2191,a.muller,12560000,10730000,32
2192,e.balog,16360000,17940000,20
2193,q.namazzi,18560000,18620000,25
2194,r.ueta,22310000,14410000,27
2195,r.ueta,22310000,14410000,27
2196,r.ueta,22310000,23640000,27
2197,r.ueta,22310000,23640000,27
2198,c.popescu,15750000,16550000,31
2199,n.binsulaiman,22980000,23090000,33
2200,i.kiiza,21720000,22170000,23
2201,q.fernandes,22990000,8270000,29
2202,j.elsayed,26590000,24390000,28
2203,j.elsayed,26590000,24390000,28
2204,j.elsayed,26590000,26880000,28
2205,j.elsayed,26590000,26880000,28
2206,o.nabunya,14000000,14670000,31
2207,g.taruvinga,17120000,18270000,29
2208,y.nakkazi,13850000,14290000,29
2209,b.reyes,13450000,20240000,27
2210,b.reyes,13450000,20240000,27
2211,b.reyes,13450000,13650000,27
2212,b.reyes,13450000,13650000,27
2213,b.tong,15560000,16190000,23
2214,g.namuganza,30030000,29660000,31
2215,w.ghosh,32030000,34660000,29
2216,b.kwek,18290000,19350000,23
2217,e.obbo,19580000,21230000,19
2218,k.mukwaya,21870000,7130000,20
2219,l.kagoya,3380000,3530000,21
2220,s.nakasi,32830000,35720000,23
2221,o.alon,14670000,20180000,29
2222,d.akugizibwe,23120000,22010000,31
2223,e.chebet,21350000,23400000,26
2224,l.maleki,26480000,20110000,29
2225,i.nalweyiso,19130000,24870000,23
2226,b.turinawe,15070000,15230000,30
2227,h.nieminen,27130000,29020000,21
2228,l.alqahtani,16530000,17770000,27
2229,l.olsson,17000000,11110000,33
2230,u.ahebwa,19830000,17870000,24
2231,o.farkas,21980000,23940000,28
2232,g.mishra,17640000,17920000,29
2233,p.kralj,12380000,13510000,27
2234,u.jansons,23900000,24900000,26
2235,t.amer,26460000,27350000,27
2236,k.jao,8160000,8500000,30
2237,i.mwale,19780000,21080000,28
2238,c.sung,22120000,23850000,26
2239,l.kimbugwe,11300000,11640000,33
2240,i.tukahirwa,24600000,24600000,27
2241,z.hansson,13410000,14190000,20
2242,g.matei,16130000,16880000,28
2243,m.nanzala,22860000,23460000,39
2244,r.adamu,25400000,27530000,29
2245,c.kakayi,6040000,1510000,22
2246,t.candia,2120000,24520000,27
2247,c.tukamushaba,3780000,970000,25
2248,k.shibata,3900000,11290000,29
2249,k.shibata,3900000,11290000,29
2250,k.shibata,3900000,1060000,29
2251,k.shibata,3900000,1060000,29
2252,q.binismail,3670000,920000,24
2253,t.larsson,4160000,1140000,20
2254,t.okoro,2690000,26580000,26
2255,t.okoro,2690000,26580000,26
2256,t.okoro,2690000,730000,26
2257,t.okoro,2690000,730000,26
2258,s.rizzo,5340000,1340000,23
2259,i.tabu,4350000,1170000,18
2260,k.kazlo,9470000,2370000,38
2261,w.martinez,7510000,2060000,21
2262,v.meijermeyer,6360000,1680000,21
2263,b.madondo,7340000,1940000,25
2264,d.makumbi,1780000,470000,18
2265,a.khainza,5850000,1490000,21
2266,f.chin,4890000,1340000,22
2267,o.wanjala,6420000,1750000,23
2268,h.che,6290000,27960000,30
2269,s.nabasa,10010000,32830000,22
2270,m.arifin,6230000,1600000,26
2271,k.mawanda,6350000,1690000,26
2272,a.hasibuan,2480000,680000,26
2273,l.tambala,2860000,750000,35
2274,s.hashemi,4830000,1230000,30
2275,t.audu,4950000,1360000,27
2276,v.mansoor,2780000,730000,31
2277,u.quaye,820000,210000,29
2278,g.kou,5750000,1560000,31
2279,i.yldrm,6750000,1790000,28
2280,n.chaw,7250000,1960000,31
2281,w.barbieri,6350000,1620000,30
2282,x.thomas,6660000,1680000,28
2283,f.ithungu,5780000,1530000,28
2284,c.kabagambe,5510000,1430000,31
2285,j.lopez,2840000,750000,30
2286,k.ramos,3750000,980000,20
2287,s.razaee,5540000,1480000,24
2288,x.masaba,4200000,1150000,29
2289,t.achan,4170000,23300000,28
2290,y.nkhata,7230000,1830000,28
2291,f.namukasa,5310000,11740000,25
2292,y.alzahrani,4710000,27310000,28
2293,n.singh,7230000,14670000,25
2294,g.oduro,6530000,20770000,25
2295,k.cheung,3450000,27990000,22
2296,u.tuhaise,6930000,24240000,27
2297,m.bahri,4030000,1620000,25
2298,b.munemo,7780000,31350000,26
2299,g.kiggundu,2950000,22790000,31
2300,s.fontana,4610000,24620000,24
2301,q.nyangoma,6910000,23590000,29
2302,h.jiu,8140000,24920000,26
2303,v.bellini,5920000,9910000,31
2304,x.sharma,6470000,27540000,29
2305,t.kabonesa,7510000,25230000,22
2306,n.bintisulaiman,2650000,14470000,20
2307,h.sinaga,2680000,720000,23
2308,j.deluca,2600000,670000,26
2309,x.haji,4550000,1160000,26
2310,s.rostami,2780000,730000,35
2311,e.naik,4070000,1080000,19
2312,j.wulandari,5630000,1410000,26
2313,m.as,4880000,1310000,26
2314,o.atim,3620000,950000,30
2315,l.tu,5000000,32950000,24
2316,g.vidal,7740000,2010000,32
2317,f.kazembe,10090000,2710000,23
2318,t.aguti,7440000,1920000,25
2319,b.sugawara,7250000,1910000,25
2320,j.singini,8990000,2410000,20
2321,j.nakano,8310000,2280000,29
2322,t.kamugisha,6050000,1580000,26
2323,y.draru,5530000,11390000,37
2324,a.kuhn,7360000,2010000,29
2325,e.zoabi,6910000,35290000,34
2326,t.nakirijja,6590000,1800000,24
2327,a.lefevre,7060000,1890000,29
2328,s.anyait,3670000,18960000,30
2329,f.zeng,6300000,28500000,26
2330,q.zyu,6180000,31620000,29
2331,v.taheri,5130000,28630000,29
2332,j.graham,6530000,19910000,32
2333,k.vandenberg,7120000,20930000,27
2334,b.ayuba,4820000,21950000,20
2335,d.bergmann,2130000,580000,27
2336,e.koc,6330000,14050000,28
2337,e.meiyr,2430000,620000,26
2338,f.mahachi,6070000,1640000,21
2339,r.taketa,3710000,980000,23
2340,w.guo,3970000,1040000,30
2341,w.yeoh,2080000,560000,29
2342,f.ajio,7770000,1990000,29
2343,e.alowo,8570000,31060000,23
2344,g.mandaza,6540000,1650000,24
2345,d.nasser,8180000,2210000,24
2346,a.tindimwebwa,7990000,2170000,20
2347,e.miyazaki,4860000,1240000,32
2348,o.contreras,6310000,1690000,33
2349,s.nyarko,5870000,1470000,23
2350,c.mitrovi,6540000,1660000,25
2351,h.amade,6650000,1710000,20
