name,id,date,mv
Pape Abou Cisse,364234,2021-06-04,€6000000
Tammy Abraham,331726,2021-06-08,€38000000
Francesco Acerbi,131075,2021-05-25,€10000000
Marcos Acuna,60410,2021-06-10,€15000000
Tyler Adams,332705,2021-06-09,€20000000
Karim Adeyemi,496094,2021-06-02,€10000000
Adrian,71271,2021-06-08,€1000000
Nayef Aguerd,361914,2021-06-04,€8000000
Sergio Aguero,26399,2021-06-08,€18000000
Manuel Akanji,284730,2021-05-25,€30000000
Marley Ake,682032,2021-06-21,€2500000
Nathan Ake,177476,2021-05-27,€32000000
Jean-Daniel Akpa-Akpro,170481,2021-06-03,€3500000
David Alaba,59016,2021-05-27,€55000000
Jordi Alba,69751,2021-05-31,€20000000
Luis Alberto,128220,2021-06-03,€45000000
Thiago Alcantara,60444,2021-05-31,€30000000
Danijel Aleksic,48119,2021-05-21,€2500000
Carles Alena,284854,2021-06-10,€15000000
Trent Alexander-Arnold,314353,2021-05-28,€75000000
Hasan Ali Kaldirim,55605,2021-05-21,€1000000
Alisson,105470,2021-06-08,€60000000
Marcos Alonso,112515,2021-06-08,€12000000
Eder Alvarez Balanta,265127,2021-06-07,€4500000
Edson Alvarez,401356,2021-05-19,€14000000
Jordan Amavi,241229,2021-06-04,€9000000
Mikkel Andersen,42694,2021-06-04,€200000
Felipe Anderson,159372,2021-05-21,€10000000
Mikael Anderson,403673,2021-06-04,€1500000
Joel Andersson,255469,2021-06-04,€2000000
Oleksandr Andriyevskyi,207074,2021-06-07,€1200000
Angelino,277179,2021-06-09,€35000000
Faustino Anjorin,433181,2021-09-15,€2500000
Marcos Antonio,468301,2021-06-07,€8000000
Antony,602105,2021-05-19,€25000000
Youssef El-Arabi,96533,2021-02-12,€3000000
Ronald Araujo,480267,2021-06-10,€25000000
Ari,38539,2021-06-02,€600000
Bright Arrey-Mbi,580193,2021-06-14,€1000000
Sergio Arribas,537762,2021-06-10,€3000000
Kepa Arrizabalaga,192279,2021-06-08,€13000000
Marco Asensio,296622,2021-06-10,€35000000
Majeed Ashimeru,360140,2021-06-07,€2500000
Sardar Azmoun,180337,2021-06-02,€25000000
Cesar Azpilicueta,57500,2021-05-31,€13000000
Demba Ba,40205,2021-05-21,€500000
Ousseynou Ba,520815,2021-02-12,€5000000
Youssouph Badji,649035,2021-06-07,€3500000
Mitchel Bakker,361065,2021-06-04,€10000000
Leonardo Balerdi,575998,2021-06-04,€8000000
Tudor Baluta,433976,2021-06-07,€2000000
Nicolo Barella,255942,2021-05-25,€65000000
Romario Baro,375383,2021-05-21,€5000000
Wilmar Barrios,257668,2021-06-02,€15000000
Alessandro Bastoni,315853,2021-05-25,€60000000
Roko Baturina,371008,2021-06-01,€700000
Donny van de Beek,288255,2021-05-27,€30000000
Jude Bellingham,581678,2021-05-28,€55000000
Dario Benedetto,92693,2021-06-04,€7000000
Laszlo Benes,243188,2021-05-31,€4000000
Ramy Bensebaini,284732,2021-06-09,€22000000
Rodrigo Bentancur,354362,2021-06-03,€35000000
Karim Benzema,18922,2021-06-01,€25000000
Marcus Berg,30418,2021-05-31,€1200000
Mergim Berisha,307924,2021-06-02,€10000000
Federico Bernardeschi,197300,2021-05-25,€15000000
Miha Blazic,179806,2021-06-01,€2000000
Daley Blind,12282,2021-05-27,€15000000
Jerome Boateng,26485,2021-06-09,€8500000
Franck Boli,212630,2021-06-01,€1100000
Boli Bolingoli-Mbombo,168156,2021-05-21,€2200000
Valerii Bondar,396394,2021-06-07,€3000000
Leonardo Bonucci,39983,2021-05-25,€8000000
Endre Botka,148810,2021-06-01,€1000000
Andreas Bouchalakis,157535,2021-05-30,€5000000
Yassine Bounou,207834,2021-06-10,€18000000
Benjamin Bourigeaud,266359,2021-06-04,€15000000
Denys Boyko,91931,2021-06-07,€1000000
Martin Braithwaite,95732,2021-06-10,€9000000
Julian Brandt,187492,2021-06-09,€20000000
Brian Brobbey,473169,2021-05-19,€7500000
Marcelo Brozovic,156617,2021-05-28,€40000000
Bruma,139396,2021-02-12,€5000000
Gianluigi Buffon,5023,2021-06-03,€1000000
Roman Burki,59027,2021-06-09,€4000000
Heorhiy Bushchan,206888,2021-05-27,€5000000
Sergio Busquets,65230,2021-05-31,€9000000
Vitaliy Buyalskyi,167722,2021-05-27,€5000000
Remy Cabella,113707,2021-06-02,€9000000
Junior Caicara,112062,2021-05-21,€1300000
Felipe Caicedo,37834,2021-06-03,€4000000
Jens Cajuste,468066,2021-05-31,€5000000
Mattia Caldara,197470,2021-06-03,€5000000
Duje Caleta-Car,238266,2021-05-28,€25000000
Mohamed Camara,543382,2021-06-02,€10000000
Mohamed Camara,426723,2021-06-23,€3000000
Eduardo Camavinga,640428,2021-06-04,€55000000
Sergio Camello,505674,2021-06-30,€2300000
Emre Can,119296,2021-06-01,€26000000
Joao Cancelo,182712,2021-06-01,€55000000
Diego Carlos,329145,2021-06-10,€45000000
Yannick Carrasco,140776,2021-05-26,€40000000
Dani Carvajal,138927,2021-06-10,€30000000
Casemiro,16306,2021-06-10,€70000000
Danilo Cataldi,199733,2021-06-03,€2500000
Edinson Cavani,48280,2021-06-08,€6000000
Murilo Cerqueira,458710,2021-06-02,€2500000
Nacer Chadli,59631,2021-05-26,€5000000
Yevgeni Chernov,187024,2021-06-02,€2500000
Giorgio Chiellini,29260,2021-05-25,€1500000
Federico Chiesa,341092,2021-05-25,€60000000
Ben Chilwell,316125,2021-05-28,€45000000
Andreas Christensen,196948,2021-05-26,€30000000
Eldar Civic,317764,2021-06-01,€1500000
Viktor Claesson,116598,2021-05-31,€10000000
Leighton Clarkson,470606,2021-03-18,€150000
Kingsley Coman,243714,2021-06-01,€65000000
Francisco Conceicao,487474,2021-05-21,€8000000
Dion Cools,316422,2021-06-04,€1500000
Vedran Corluka,34393,2021-06-02,€1000000
Jesus Corona,125165,2021-05-21,€30000000
Angel Correa,266807,2021-06-10,€40000000
Joaquin Correa,227081,2021-06-03,€30000000
Diogo Costa,357153,2021-05-21,€6000000
Douglas Costa,75615,2021-05-28,€6000000
Thibaut Courtois,108390,2021-05-26,€60000000
Philippe Coutinho,80444,2021-06-10,€30000000
Enzo Crivelli,291110,2021-05-21,€2500000
Juan Cuadrado,91970,2021-06-03,€16000000
Mickael Cuisance,344600,2021-06-04,€7000000
Szymon Czyz,407094,2021-06-30,€300000
Danilo DAmbrosio,55769,2021-06-03,€5000000
Damien Da Silva,57370,2021-06-04,€2000000
Colin Dagba,460629,2021-06-04,€12000000
Mahmoud Dahoud,191422,2021-06-09,€16000000
Patson Daka,365172,2021-06-02,€22000000
Danilo,145707,2021-06-03,€20000000
Matteo Darmian,54906,2021-06-03,€7000000
Alphonso Davies,424204,2021-06-09,€70000000
Kevin De Bruyne,88755,2021-05-26,€100000000
Charles De Ketelaere,435772,2021-06-07,€16000000
Konrad De La Fuente,466809,2021-06-10,€4000000
Romain Del Castillo,353399,2021-06-04,€4500000
Thomas Delaney,91849,2021-05-26,€15000000
Simon Deli,234124,2021-06-25,€4300000
Moussa Dembele,229004,2021-06-10,€20000000
Ousmane Dembele,288230,2021-06-01,€50000000
Merih Demiral,340879,2021-05-25,€28000000
Emmanuel Dennis,448854,2021-06-09,€5000000
Dentinho,52787,2021-06-07,€1500000
Fabio Depaoli,324282,2021-06-03,€3500000
Sergino Dest,361104,2021-06-10,€30000000
Angel Di Maria,45320,2021-06-04,€20000000
Abdou Diallo,229005,2021-06-04,€25000000
Amad Diallo,536835,2021-06-08,€18000000
Ruben Dias,258004,2021-06-01,€75000000
Krepin Diatta,490426,2021-06-04,€18000000
Luis Diaz,480692,2021-05-21,€18000000
Denes Dibusz,162695,2021-06-01,€2500000
Berat Djimsiti,165513,2021-06-03,€22000000
Dodo,401529,2021-06-07,€20000000
Jeremy Doku,486049,2021-05-26,€22000000
Thomas Doyle,433183,2021-12-15,€1000000
Mohamed Drager,192167,2021-02-12,€1000000
Radu Dragusin,568559,2021-06-03,€3000000
Julian Draxler,85148,2021-06-04,€20000000
Anders Dreyer,342389,2021-06-04,€6000000
Sebastian Driussi,294853,2021-06-02,€7500000
Hugo Duro,573775,2021-06-30,€5000000
Lasha Dvali,222332,2021-06-01,€900000
Paulo Dybala,206050,2021-06-03,€50000000
Artem Dzyuba,48067,2021-05-26,€11000000
Eder,84481,2021-06-02,€700000
Ederson,238223,2021-06-08,€50000000
Jurgen Ekkelenkamp,361068,2021-05-19,€3200000
Nico Elvedi,192635,2021-05-25,€28000000
Breel Embolo,237662,2021-05-25,€16000000
Youssef En-Nesyri,433049,2021-06-10,€40000000
Alexandru Epureanu,45340,2021-05-21,€350000
Christian Eriksen,69633,2021-05-26,€40000000
Aleksandr Erokhin,84483,2021-06-02,€2500000
Gonzalo Escalante,266795,2021-06-03,€3200000
Sergio Escudero,93935,2021-06-10,€2500000
Evander,323874,2021-06-04,€6000000
Evanilson,711337,2021-05-21,€7500000
Fabinho,225693,2021-06-08,€60000000
Mohamed Fares,287700,2021-06-03,€5500000
Ansu Fati,466810,2021-06-10,€60000000
Felipe,156501,2021-06-10,€12000000
Luiz Felipe,457931,2021-06-03,€18000000
Joao Felix,462250,2021-06-01,€80000000
Bruno Fernandes,240306,2021-06-01,€90000000
Matheus Fernandes,351892,2021-06-10,€1500000
Carlos Fernandez,216464,2021-06-10,€9000000
Fernandinho,26267,2021-06-08,€2000000
Fernando,51174,2021-06-10,€4000000
Fernando,550495,2021-06-07,€2500000
Roberto Firmino,131789,2021-06-08,€50000000
Junior Firpo,374139,2021-06-10,€8000000
Alessandro Florenzi,130365,2021-05-25,€13000000
Phil Foden,406635,2021-05-28,€80000000
Emil Forsberg,111078,2021-05-31,€20000000
Kostas Fortounis,157539,2021-02-12,€8000000
Timothy Fosu-Mensah,315131,2021-06-09,€4000000
Gianluca Frabotta,386755,2021-06-03,€2500000
Lassina Franck Traore,551695,2021-05-19,€6500000
Fred,191614,2021-06-08,€22000000
Remo Freuler,148252,2021-05-25,€25000000
Abraham Frimpong,189402,2021-06-18,€500000
Roberto Gagliardini,197471,2021-06-03,€15000000
Idrissa Gana Gueye,126665,2021-06-04,€15000000
Eric Garcia,466794,2021-05-31,€20000000
Yuri Gazinskiy,159957,2021-06-02,€4000000
Yann Gboho,463613,2021-06-04,€4500000
David de Gea,59377,2021-05-31,€18000000
Valere Germain,60540,2021-06-04,€3000000
Billy Gilmour,423744,2021-05-28,€10000000
Matthias Ginter,124502,2021-06-01,€30000000
Olivier Giroud,82442,2021-06-01,€4000000
Serge Gnabry,159471,2021-06-01,€70000000
Pierluigi Gollini,244192,2021-06-03,€17000000
Eulanio Angelo Chipela Gomes,291399,2021-05-21,€3000000
Joe Gomez,256178,2021-06-08,€30000000
Papu Gomez,20005,2021-06-10,€9000000
Papu Gomez,20005,2021-06-10,€9000000
Sergi Gomez,92947,2021-06-10,€3000000
Alfred Gomis,163568,2021-06-04,€7000000
Alvaro Gonzalez,183647,2021-06-04,€7000000
Leon Goretzka,153084,2021-06-01,€70000000
Yevgeni Gorodov,38681,2021-06-02,€350000
Robin Gosens,273132,2021-06-01,€35000000
Ryan Gravenberch,478573,2021-05-27,€33000000
Mason Greenwood,532826,2021-05-28,€50000000
Clement Grenier,72479,2021-06-04,€4000000
Antoine Griezmann,125781,2021-06-01,€60000000
Marko Grujic,222813,2021-05-21,€15000000
Nemanja Gudelj,74294,2021-06-10,€6000000
Raphael Guerreiro,170986,2021-06-01,€40000000
Pape Gueye,485963,2021-06-04,€10000000
Sehrou Guirassy,270541,2021-06-04,€12000000
Peter Gulacsi,57071,2021-06-01,€13000000
Fredrik Gulbrandsen,110708,2021-05-21,€2800000
Ilkay Gundogan,53622,2021-06-01,€40000000
Mert Gunok,51894,2021-05-25,€2400000
Erling Haaland,418560,2021-06-09,€130000000
Munir El Haddadi,223725,2021-06-10,€10000000
Amadou Haidara,402008,2021-06-09,€24000000
Achraf Hakimi,398073,2021-06-03,€60000000
Marcel Halstenberg,70243,2021-06-01,€14000000
Samir Handanovic,28021,2021-06-03,€2500000
Jesper Hansen,22860,2021-06-04,€250000
Hans Hateboer,275303,2021-06-03,€18000000
Kai Havertz,309400,2021-06-01,€70000000
Eden Hazard,50202,2021-05-26,€40000000
Denys Harmash,70754,2021-06-07,€1500000
Thorgan Hazard,102226,2021-05-26,€27000000
Hwang Hee-chan,292246,2021-06-09,€11000000
Marcel Heister,109830,2021-06-01,€1000000
Dean Henderson,258919,2021-05-28,€22000000
Jordan Henderson,61651,2021-05-28,€20000000
Benjamin Henrichs,202591,2021-06-09,€12000000
Dalbert Henrique,312862,2021-06-04,€4000000
Luis Henrique,691316,2021-06-04,€8000000
Mario Hermoso,281769,2021-06-10,€35000000
Lucas Hernandez,281963,2021-06-01,€45000000
Ander Herrera,99343,2021-06-04,€13000000
Hector Herrera,122043,2021-06-10,€7000000
Patrick Herrmann,32711,2021-06-09,€3500000
Marwin Hitz,59238,2021-06-09,€1700000
Wesley Hoedt,253765,2021-06-03,€4000000
Jonas Hofmann,7161,2021-06-01,€16000000
Jose Holebas,41112,2021-05-30,€600000
Ethan Horvath,242284,2021-06-07,€1200000
Callum Hudson-Odoi,392768,2021-06-08,€32000000
Mats Hummels,39728,2021-06-01,€12000000
Adrien Hunou,203507,2021-01-07,€6000000
Klaas-Jan Huntelaar,4357,2021-06-09,€800000
Daniel Hoegh,99100,2021-06-04,€700000
Mauro Icardi,68863,2021-06-04,€40000000
Oussama Idrissi,241391,2021-05-19,€8000000
Odion Ighalo,62121,2021-06-18,€3500000
Vladislav Ignatyev,51897,2021-06-02,€1000000
Josip Ilicic,80351,2021-06-03,€6000000
Ciro Immobile,105521,2021-05-25,€38000000
Nikita Iosifov,614464,2021-06-28,€250000
Isael,99510,2021-06-01,€900000
Gustav Isaksen,462823,2021-06-04,€1000000
Isco,85288,2021-06-10,€18000000
Daniel James,319301,2021-05-25,€18000000
Manjrekar James,222686,2021-05-30,€350000
Reece James,472423,2021-05-28,€40000000
Tony Jantschke,47587,2021-06-09,€1400000
Gabriel Jesus,363205,2021-06-08,€60000000
Curtis Jones,433188,2021-06-08,€30000000
Frenkie de Jong,326330,2021-05-27,€90000000
Luuk de Jong,72522,2021-05-27,€10000000
Joan Jordan,263727,2021-06-10,€30000000
Jorginho,102017,2021-05-25,€40000000
Diogo Jota,340950,2021-06-01,€45000000
Luka Jovic,257462,2021-06-09,€20000000
Vinicius Junior,371998,2021-06-10,€40000000
Zlatko Junuzovic,31007,2021-06-02,€2500000
Sory Kaba,355689,2021-06-04,€3000000
Ozan Kabak,361260,2021-05-25,€25000000
Irfan Kahveci,216603,2021-05-25,€11000000
Felix Kalu Nmecha,406640,2021-12-22,€700000
Francois Kamano,333802,2021-06-02,€6500000
Boubacar Kamara,394327,2021-06-04,€37000000
Ruslan Kambolov,58568,2021-06-02,€1000000
Kevin Kampl,53418,2021-06-09,€10000000
NGolo Kante,225083,2021-06-01,€55000000
Emre Kaplan,645932,2021-05-31,€150000
Oleksandr Karavayev,59322,2021-05-27,€5000000
Vyacheslav Karavayev,170620,2021-05-26,€7000000
Moise Kean,364135,2021-05-25,€35000000
Tomasz Kedziora,181118,2021-05-31,€5000000
Thilo Kehrer,228948,2021-06-04,€25000000
Naby Keita,302215,2021-06-08,€32000000
Caoimhin Kelleher,340918,2021-06-08,€2500000
Mikhail Kerzhakov,27706,2021-06-02,€1500000
Ihor Kharatin,213976,2021-06-01,€2200000
Davit Khocholava,165825,2021-06-07,€3000000
Joshua Kimmich,161056,2021-06-01,€90000000
Presnel Kimpembe,282041,2021-06-01,€40000000
Davy Klaassen,182932,2021-05-27,€17000000
Sean Klaiber,268113,2021-05-19,€4500000
Lukas Klostermann,215599,2021-06-01,€27000000
Justin Kluivert,330659,2021-06-09,€14000000
Ansgar Knauff,429874,2021-06-09,€3000000
Sekou Koita,402010,2021-06-02,€12500000
Koka,184816,2021-05-30,€4000000
Koke,74229,2021-05-31,€60000000
Aleksandar Kolarov,46156,2021-06-03,€1500000
Ibrahima Konate,357119,2021-06-09,€35000000
Viktor Korniienko,467243,2021-05-27,€2000000
Odilon Kossonou,644771,2021-06-07,€13000000
Billy Koumetio,696324,2021-03-18,€500000
Jules Kounde,411975,2021-06-01,€60000000
Adnan Kovacevic,187669,2021-06-01,€800000
Mateo Kovacic,51471,2021-05-28,€45000000
Viktor Kovalenko,203842,2021-05-27,€5000000
Bozhidar Kraev,293607,2021-05-21,€1300000
Christoph Kramer,82097,2021-06-09,€7000000
Michal Krmencik,178469,2021-05-28,€4000000
Toni Kroos,31909,2021-06-01,€40000000
Danil Krugovoy,372535,2021-06-02,€1500000
Grzegorz Krychowiak,45184,2021-05-31,€15000000
Serhiy Kryvtsov,74089,2021-05-27,€4000000
Daniil Kulikov,425756,2021-06-02,€2500000
Dejan Kulusevski,431755,2021-05-31,€40000000
Layvin Kurzawa,126710,2021-06-04,€12000000
Daler Kuzyaev,279570,2021-05-26,€8000000
Zakaria Labyad,123349,2021-05-19,€4000000
Aissa Laidouni,233782,2021-06-01,€2000000
Stefan Lainer,85791,2021-05-27,€12500000
Sam Lammers,386914,2021-06-03,€6000000
Michael Lang,51346,2021-06-09,€800000
Noa Lang,339332,2021-06-07,€22000000
Aymeric Laporte,176553,2021-05-31,€45000000
Valentino Lazaro,186368,2021-05-27,€10000000
Manuel Lazzari,331401,2021-05-25,€21000000
James Lea Siliki,346291,2021-06-04,€4000000
Diogo Leite,357156,2021-05-21,€10000000
Lucas Leiva,41414,2021-06-03,€3500000
Thomas Lemar,205562,2021-06-01,€25000000
Clement Lenglet,182904,2021-06-01,€25000000
Robert Lewandowski,38253,2021-05-31,€60000000
Bohdan Liedniev,423606,2021-05-27,€2000000
Matthijs de Ligt,326031,2021-05-27,€75000000
Victor Lindelof,184573,2021-05-31,€24000000
Vitaly Lisakovich,344565,2021-06-02,€1500000
Marcos Llorente,282411,2021-05-31,€80000000
Renan Lodi,476352,2021-06-10,€25000000
Dejan Lovren,37838,2021-05-28,€10000000
Gergo Lovrencsics,110746,2021-06-01,€650000
Jose Luis Palomino,125020,2021-06-03,€10000000
Ze Luis,134602,2021-06-02,€5000000
Romelu Lukaku,96341,2021-05-26,€100000000
Senad Lulic,61449,2021-06-03,€1000000
Vitali Lystsov,207519,2021-06-02,€500000
Yann MVila,60573,2021-02-12,€5000000
Awer Mabil,255729,2021-06-04,€2500000
Nicolas Madsen,464599,2021-06-04,€600000
Stanislav Magkeev,462329,2021-06-02,€1500000
Harry Maguire,177907,2021-05-28,€45000000
Riyad Mahrez,171424,2021-06-08,€42000000
Robert Mak,92180,2021-05-31,€1200000
Malcom,323704,2021-06-02,€22000000
Ruslan Malinovskyi,207877,2021-05-27,€30000000
Wilson Manafa,257388,2021-05-21,€7000000
Steve Mandanda,23951,2021-06-01,€2000000
Sadio Mane,200512,2021-06-08,€85000000
Faitout Maouassa,357072,2021-06-04,€12000000
Marcelo,44501,2021-06-10,€7500000
Agustin Marchesin,54534,2021-05-21,€9000000
Moussa Marega,283130,2021-05-21,€10000000
Jose Maria Gimenez,250845,2021-06-10,€60000000
Mariano,225020,2021-06-10,€10000000
Guilherme Marinato,55369,2021-06-02,€1000000
Joao Mario Lopes,537602,2021-05-21,€4000000
Yevgeni Markov,166737,2021-06-02,€700000
Marlos,68778,2021-05-27,€5000000
Marquinhos,181767,2021-06-04,€75000000
Anthony Martial,182877,2021-06-08,€45000000
Jonas Martin,127142,2021-06-04,€2500000
Javi Martinez,44017,2021-06-09,€5000000
Lautaro Martinez,406625,2021-06-03,€80000000
Lisandro Martinez,480762,2021-05-19,€23000000
Toni Martinez,302371,2021-05-21,€6000000
Alyaksandr Martynovich,59352,2021-06-02,€1200000
Adam Marusic,239802,2021-06-03,€10000000
Giorgos Masouras,329517,2021-05-30,€6000000
Clinton Mata,187718,2021-06-07,€10000000
Juan Mata,44068,2021-06-08,€4000000
Nemanja Matic,74683,2021-06-08,€8000000
Joel Matip,82105,2021-06-08,€18000000
Mykola Matviyenko,289059,2021-05-27,€11000000
Eric Maxim Choupo-Moting,45660,2021-06-09,€3500000
Maycon,421935,2021-06-07,€7000000
Noussair Mazraoui,340456,2021-05-19,€17000000
Kylian Mbappe,342229,2021-06-01,€160000000
Chancel Mbemba,203348,2021-05-21,€16000000
Weston McKennie,332697,2021-06-03,€25000000
Scott McTominay,315969,2021-05-28,€35000000
Brandon Mechele,236168,2021-06-07,€7000000
Arthur Melo,362842,2021-06-03,€40000000
Benjamin Mendy,157495,2021-06-08,€20000000
Edouard Mendy,442531,2021-06-08,€25000000
Ferland Mendy,291417,2021-06-10,€50000000
Lionel Messi,28003,2021-06-10,€80000000
Thomas Meunier,100986,2021-05-26,€12000000
Simon Mignolet,50219,2021-05-26,€8000000
Sergej Milinkovic-Savic,266302,2021-06-03,€70000000
Eder Militao,401530,2021-06-10,€40000000
James Milner,3333,2021-06-08,€3000000
Takumi Minamino,165793,2021-06-08,€12000000
Oscar Mingueza,331505,2021-06-10,€15000000
Aleksei Miranchuk,255450,2021-05-26,€15000000
Anton Miranchuk,255451,2021-06-02,€12000000
Luka Modric,27992,2021-05-28,€10000000
Kudus Mohammed,543499,2021-05-19,€15000000
Johan Mojica,262939,2021-06-10,€2000000
Junior Moraes,52915,2021-06-07,€2000000
Alvaro Morata,128223,2021-05-31,€45000000
Mateu Morey,388513,2021-06-09,€7000000
Ilaix Moriba,617074,2021-06-10,€25000000
Andrei Mostovoy,362570,2021-05-26,€3000000
Youssoufa Moukoko,467720,2021-06-09,€18000000
Mason Mount,346483,2021-05-28,€75000000
Maksim Mukhin,623274,2021-05-26,€2500000
Nordi Mukiele,348026,2021-06-09,€25000000
Thomas Muller,58358,2021-06-01,€30000000
Luis Muriel,119228,2021-06-03,€30000000
Vedat Muriqi,256267,2021-06-03,€9000000
Mateo Musacchio,45653,2021-06-03,€2000000
Leon Musayev,375668,2021-06-02,€800000
Jamal Musiala,580195,2021-06-01,€38000000
Enock Mwepu,490307,2021-06-02,€13000000
Vitaliy Mykolenko,404842,2021-05-27,€17000000
Joakim Maehle,369674,2021-05-26,€13000000
Nacho,58884,2021-06-10,€10000000
Yuto Nagatomo,79522,2021-06-04,€800000
Radja Nainggolan,41982,2021-06-03,€5000000
Shoya Nakajima,188911,2021-05-27,€3500000
Jesus Navas,15956,2021-06-10,€3000000
Keylor Navas,79422,2021-06-04,€12000000
Loum Ndiaye,364237,2021-05-21,€2500000
David Neres,469822,2021-05-19,€27000000
Ruslan Neshcheret,417242,2021-06-07,€1000000
Neto,111819,2021-06-10,€6000000
Manuel Neuer,17259,2021-06-01,€18000000
Florian Neuhaus,278332,2021-06-01,€35000000
Neymar,68290,2021-06-04,€100000000
Tokmac Nguen,205586,2021-06-01,€2800000
MBaye Niang,157501,2021-06-18,€4500000
Saul Niguez,148928,2021-06-10,€40000000
Rasmus Nissen,369684,2021-05-26,€8500000
Christopher Nkunku,344381,2021-06-09,€43000000
Alexander Nubel,195778,2021-06-09,€6000000
Gerzino Nyamsi,378953,2021-06-04,€3500000
Steven Nzonzi,73734,2021-06-04,€8000000
Jan Oblak,121483,2021-06-10,€70000000
Lucas Ocampos,189441,2021-06-10,€40000000
Alvaro Odriozola,280730,2021-06-10,€10000000
Noah Okafor,346890,2021-06-02,€6500000
David Okereke,413605,2021-06-07,€2800000
Masaya Okugawa,307052,2021-06-09,€2500000
Sergio Oliveira,112465,2021-06-01,€19000000
Dani Olmo,293385,2021-05-31,€45000000
Kristoffer Olsson,193592,2021-05-31,€3500000
Andre Onana,234509,2021-05-19,€30000000
Jerome Onguene,272638,2021-06-03,€3500000
Frank Onyeka,421637,2021-06-04,€6000000
Willi Orban,93740,2021-06-01,€16000000
Divock Origi,148368,2021-06-08,€12000000
Otavio,231289,2021-05-21,€24000000
Alex Oxlade-Chamberlain,143424,2021-06-08,€18000000
Berkay Ozcan,249952,2021-05-21,€3500000
Magomed Ozdoyev,137206,2021-05-26,€5000000
Cole Palmer,568177,2021-03-18,€500000
Emerson Palmieri,181778,2021-05-25,€12000000
Kaio Pantaleao,523363,2021-06-02,€1800000
Leandro Paredes,166237,2021-06-04,€20000000
Marco Parolo,84545,2021-06-03,€1000000
Mario Pasalic,205938,2021-05-28,€23000000
Felix Passlack,274461,2021-06-09,€2500000
Alfonso Pastor,537367,2021-06-30,€250000
Patric,126729,2021-06-03,€6500000
Alan Patrick,104505,2021-06-07,€8000000
Giuliano de Paula,54375,2021-05-21,€3100000
Paulinho,520492,2021-06-04,€1500000
Benjamin Pavard,353366,2021-06-01,€35000000
Dimitri Payet,37647,2021-06-04,€5000000
Pedri,683840,2021-05-31,€70000000
Timothee Pembele,538998,2021-06-04,€4000000
Carlos de Pena,257740,2021-06-07,€3500000
Pepe,14132,2021-06-01,€1000000
Andreas Pereira,203394,2021-06-03,€8000000
Danilo Pereira,141050,2021-06-01,€20000000
Ivan Perisic,42460,2021-05-28,€10000000
Matteo Pessina,332179,2021-05-25,€20000000
Sergei Petrov,102581,2021-06-02,€3500000
Luca Pfeiffer,232463,2021-06-04,€500000
Nathaniel Phillips,371814,2021-06-08,€8000000
Andrea Pinamonti,315865,2021-06-03,€12000000
Gerard Pique,18944,2021-06-10,€10000000
Alassane Plea,167329,2021-06-09,€22000000
Lukasz Piszczek,25727,2021-06-09,€750000
Miralem Pjanic,44162,2021-06-10,€20000000
Paul Pogba,122153,2021-06-01,€60000000
Carlos Ponck,341516,2021-05-21,€900000
Denys Popov,404841,2021-05-27,€3500000
Yussuf Poulsen,157635,2021-05-26,€21000000
Danila Prokhin,486083,2021-06-02,€1200000
Quincy Promes,182381,2021-05-27,€15000000
Riqui Puig,331511,2021-06-10,€18000000
Christian Pulisic,315779,2021-06-08,€50000000
Andriy Pyatov,39996,2021-05-27,€1000000
Adrien Rabiot,182913,2021-06-01,€30000000
Nemanja Radonjic,245078,2021-06-09,€6000000
Stefan Radu,44420,2021-06-03,€2000000
Rafael,61892,2021-05-21,€2700000
Rafinha,129473,2021-06-04,€15000000
Rafinha,33947,2021-05-28,€1000000
Slobodan Rajkovic,35934,2021-05-24,€300000
Ivan Rakitic,32467,2021-06-10,€10000000
Yaroslav Rakitskiy,89222,2021-06-02,€6000000
Andre Ramalho,175792,2021-06-02,€3000000
Cristian Ramirez,189485,2021-06-02,€6000000
Sergio Ramos,25557,2021-06-10,€10000000
Aaron Ramsey,50057,2021-05-25,€14000000
Lazar Randelovic,512394,2021-02-12,€2000000
Marcus Rashford,258923,2021-05-28,€85000000
Pepe Reina,7825,2021-06-03,€800000
Reinier,627226,2021-06-09,€16000000
Karim Rekik,182579,2021-06-10,€3000000
Marco Reus,35207,2021-06-09,€13000000
Gio Reyna,504215,2021-06-09,€38000000
Federico Ricca,285322,2021-06-07,€3000000
Chris Richards,578539,2021-06-09,€7500000
Mats Rits,92164,2021-06-07,€5500000
Sergi Roberto,85370,2021-06-10,€18000000
Andrew Robertson,234803,2021-05-28,€65000000
Marc Roca,336869,2021-06-09,€10000000
Rodri,357565,2021-05-31,€70000000
Gerson Rodrigues,282734,2021-06-07,€3000000
Pedro Rodrigues,258018,2021-05-21,€3000000
Oscar Rodriguez Arnaiz,284884,2021-06-10,€12000000
Rodrygo,412363,2021-06-10,€35000000
Cristian Romero,355915,2021-06-03,€30000000
Cristiano Ronaldo,8198,2021-06-01,€45000000
Valentin Rongier,332889,2021-06-04,€14000000
Marten de Roon,133179,2021-05-27,€23000000
Antonio Rudiger,86202,2021-06-01,€28000000
Daniele Rugani,162959,2021-06-03,€5000000
Matteo Ruggeri,616631,2021-06-03,€2000000
Georginio Rutter,538977,2021-06-09,€3500000
Dmitrii Rybchinskii,362572,2021-06-02,€2500000
Maciej Rybus,59597,2021-05-31,€2000000
Jose Sa,249994,2021-02-12,€7500000
Marcel Sabitzer,106987,2021-05-27,€42000000
Leon Sabua,476142,2021-05-24,€350000
Matvei Safonov,318470,2021-05-26,€14000000
Hiroki Sakai,83002,2021-06-04,€4000000
Mohamed Salah,148455,2021-06-08,€100000000
Romain Salin,23974,2021-06-04,€500000
Alexis Sanchez,40433,2021-06-03,€7500000
Jadon Sancho,401173,2021-05-28,€100000000
Alex Sandro,79960,2021-06-03,€20000000
Leroy Sane,192565,2021-06-01,€60000000
Morgan Sanson,174094,2021-06-08,€16000000
Douglas Santos,220793,2021-06-02,€16000000
Zaidu Sanusi,544784,2021-05-21,€8000000
Pablo Sarabia,74230,2021-05-31,€22000000
Bouna Sarr,190685,2021-06-09,€4000000
Malang Sarr,344596,2021-05-21,€10000000
Stefan Savic,107010,2021-06-10,€25000000
Alexander Scholz,153582,2021-06-04,€2500000
Siebe Schrijvers,208552,2021-06-07,€2200000
Nico Schulz,85867,2021-06-09,€6000000
Perr Schuurs,418543,2021-05-19,€8000000
Ruben Semedo,197602,2021-02-12,€8000000
Stefano Sensi,216179,2021-05-25,€13000000
Artem Shabanov,236468,2021-05-21,€1500000
Daniil Shamkin,601445,2021-06-02,€800000
Mykola Shaparenko,368611,2021-05-27,€8000000
Xherdan Shaqiri,86792,2021-05-25,€12000000
Luke Shaw,183288,2021-05-28,€35000000
Volodymyr Shepelyev,294746,2021-06-07,€2500000
David Siger,75164,2021-06-01,€1000000
Bernardo Silva,241641,2021-06-01,€70000000
Thiago Silva,29241,2021-06-08,€3000000
Aleksandr Silyanov,515051,2021-06-02,€300000
Pione Sisto,252641,2021-06-04,€4500000
Milan Skriniar,204069,2021-05-31,€60000000
Martin Skrtel,24180,2021-04-09,€400000
Igor Smolnikov,46635,2021-06-02,€1500000
Fyodor Smolov,50355,2021-06-02,€6000000
Eduard Sobol,206717,2021-05-27,€3000000
Manor Solomon,396638,2021-06-07,€20000000
Somalia,148754,2021-06-01,€1000000
Yann Sommer,42205,2021-05-25,€6000000
Brandon Soppy,546880,2021-06-04,€7000000
Yegor Sorokin,288721,2021-06-02,€1800000
Hillel Soudani,174842,2021-06-18,€500000
Eduard Spertsyan,515744,2021-06-02,€800000
Marco Sportiello,199976,2021-06-03,€2000000
Cican Stankovic,127679,2021-06-02,€1500000
Zack Steffen,221624,2021-06-08,€6000000
Taras Stepanenko,59970,2021-05-27,€7500000
Raheem Sterling,134425,2021-05-28,€90000000
Angelo Stiller,443710,2021-06-14,€2500000
Lars Stindl,48298,2021-06-09,€5000000
John Stones,186590,2021-05-28,€30000000
Thomas Strakosha,222209,2021-06-03,€14000000
Kevin Strootman,68864,2021-06-03,€5000000
Luis Suarez,44352,2021-06-10,€15000000
Luka Sucic,502722,2021-06-02,€3000000
Heorhii Sudakov,623325,2021-05-27,€800000
Niklas Sule,166601,2021-06-01,€35000000
Magomed-Shapi Suleymanov,335725,2021-06-02,€6000000
Vladyslav Supriaha,419061,2021-06-07,€6000000
Suso,111961,2021-06-10,€20000000
Aleksei Sutormin,217033,2021-06-02,€2500000
Erik Sviatchenko,48907,2021-06-04,€2000000
Serhiy Sydorchuk,124182,2021-05-27,€4000000
Wojciech Szczesny,44058,2021-05-31,€25000000
Dominik Szoboszlai,451276,2021-06-01,€25000000
Alexander Sorloth,238407,2021-06-09,€16000000
Dusan Tadic,36139,2021-05-19,€18000000
Nicolas Tagliafico,131225,2021-05-19,€22000000
Taison,76028,2021-05-28,€7000000
Flavien Tait,202278,2021-06-04,€5000000
Mehdi Taremi,307058,2021-05-21,€16000000
Mahmut Tekdemir,54177,2021-05-25,€800000
Alex Telles,255755,2021-06-08,€20000000
Marc-Andre ter Stegen,74857,2021-06-10,€60000000
Martin Terrier,442891,2021-06-04,€13000000
Tete,371256,2021-06-07,€20000000
Florian Thauvin,184892,2021-06-04,€17000000
Marcus Thuram,318528,2021-06-01,€35000000
Steffen Tigges,296879,2021-06-09,€1200000
Jurrien Timber,420243,2021-05-27,€11000000
Corentin Tolisso,190393,2021-06-01,€20000000
Rafael Toloi,72441,2021-05-25,€15000000
Mehmet Topal,44402,2021-05-21,€350000
Lucas Torreira,318077,2021-06-10,€20000000
Ferran Torres,398184,2021-05-31,€50000000
Oliver Torres,214775,2021-06-10,€13000000
Hamari Traore,297070,2021-06-04,€8000000
Ibrahima Traore,47285,2021-06-09,€600000
Francisco Trincao,412669,2021-06-10,€22000000
Kieran Trippier,95810,2021-05-28,€20000000
Anatolii Trubin,537844,2021-05-27,€8000000
Adrien Truffert,654539,2021-06-04,€12000000
Kostas Tsimikas,338070,2021-06-08,€8000000
Viktor Tsyhankov,264372,2021-05-27,€25000000
Axel Tuanzebe,342046,2021-06-08,€8000000
Deniz Turuc,216662,2021-05-21,€3100000
Andreas Ulmer,31196,2021-06-02,€800000
Samuel Umtiti,126540,2021-06-10,€8000000
Dayot Upamecano,344695,2021-06-09,€60000000
Mateus Uribe,214538,2021-05-21,€15000000
Daniil Utkin,375667,2021-06-02,€2500000
Myrto Uzuni,315289,2021-06-01,€3000000
Tomas Vaclik,64000,2021-05-28,€4000000
Mathieu Valbuena,40687,2021-02-12,€1000000
Albert Vallci,261935,2021-06-02,€2500000
Federico Valverde,369081,2021-06-10,€65000000
Thomas Van den Keybus,502298,2021-06-07,€500000
Ignace Van Der Brempt,490423,2021-06-07,€1200000
Hans Vanaken,137576,2021-05-26,€13000000
Raphael Varane,164770,2021-06-01,€70000000
Franco Vazquez,76163,2021-06-10,€4000000
Lucas Vazquez,221316,2021-06-10,€15000000
Benjamin Verbic,188180,2021-06-07,€5500000
Marco Verratti,102558,2021-05-25,€55000000
Lasse Vibe,62680,2021-06-04,€300000
Arturo Vidal,37666,2021-06-03,€3500000
Fabio Vieira,537598,2021-05-21,€9000000
Tonny Vilhena,182581,2021-06-02,€8000000
Ruben Vinagre,357158,2021-05-21,€5000000
Edin Visca,109217,2021-05-21,€8000000
Vitao,428783,2021-06-07,€3000000
Vitolo,67082,2021-06-10,€4000000
Bohdan Viunnyk,623331,2021-06-07,€400000
Ruud Vormer,45864,2021-06-07,€4000000
Stefan de Vrij,111196,2021-05-27,€50000000
Marious Vrousai,395632,2021-02-12,€1500000
Kyle Walker,95424,2021-05-28,€28000000
Aaron Wan-Bissaka,477758,2021-06-08,€40000000
Wanderson,236202,2021-06-02,€9000000
Wendel,499721,2021-06-02,€17000000
Oscar Wendt,19305,2021-06-09,€600000
Timo Werner,170527,2021-06-01,€65000000
Georginio Wijnaldum,49499,2021-05-27,€30000000
Brandon Williams,507700,2021-06-08,€10000000
Neco Williams,503680,2021-05-25,€8000000
Rhys Williams,503679,2021-06-08,€5000000
Axel Witsel,35047,2021-05-26,€9000000
Maximilian Wober,263361,2021-06-02,€8000000
Hannes Wolf,321070,2021-06-09,€8000000
Ashley Young,14086,2021-06-03,€1000000
Illia Zabarnyi,659089,2021-05-27,€6000000
Dan-Axel Zagadou,344598,2021-06-09,€18000000
Denis Zakaria,334526,2021-05-25,€30000000
Duvan Zapata,73794,2021-06-03,€33000000
Rifat Zhemaletdinov,267383,2021-05-26,€4000000
Yuri Zhirkov,16760,2021-05-26,€300000
Dmitri Zhivoglyadov,178335,2021-06-02,€2000000
Oleksandr Zinchenko,203853,2021-05-27,€25000000
Joshua Zirkzee,435648,2021-06-03,€8000000
Hakim Ziyech,217111,2021-06-08,€38000000
Kurt Zouma,157509,2021-06-01,€32000000
Oleksandr Zubkov,289075,2021-05-27,€2000000
Martin Odegaard,316264,2021-06-08,€40000000

