,Player,Nation,FW,MF,DF,GK,Squad,Age,Born,Playing Time MP,Playing Time Starts,Playing Time Min,Playing Time 90s,Performance GA,Performance GA90,Performance SoTA,Performance Saves,Performance Save%,W,D,L,Performance CS,Performance CS%,Performance PKatt,Penalty Kicks PKA,Penalty Kicks PKsv,Penalty Kicks PKm,Penalty Kicks Save%,League,Year
0,f.dauda,Nganion,0,0,0,1,Fanatical Outlaws,33,1986,7.91,7.07,686.91,7.62,2.25,2.27,6.62,4.8,68.69,0.05,0.22,0.87,-0.07,0.1,0.11,0.11,-0.05,0.07,-0.04,A,2020
1,s.kiconco,Nkasland Cronestan,0,0,0,1,Fanatical Outlaws,34,1985,24.93,24.92,2117.03,23.47,1.48,1.42,4.26,2.97,68.39,0.3,0.28,0.41,0.25,20.06,0.18,0.06,0.1,0.01,24.94,A,2020
2,r.namuganza,People's Land of Maneau,0,0,0,1,Fanatical Outlaws,33,1986,5.03,4.07,435.93,4.88,1.3,1.24,4.16,2.91,69.97,0.45,-0.02,0.35,0.44,50.04,0.04,-0.06,0.08,-0.04,,A,2020
3,r.chee,Southslands,0,0,0,1,Fanatical Outlaws,32,1987,2.03,2.0,180.09,2.0,2.4,2.49,4.46,2.45,55.66,-0.03,0.59,0.45,-0.01,-0.06,0.59,0.57,-0.06,0.06,-0.03,A,2020
4,z.marini,Central Republic of Boekrainego,0,0,0,1,Fighting Cougars,27,1992,37.9,37.99,3420.04,38.05,1.33,1.48,4.32,3.08,68.33,0.33,0.32,0.37,0.3,23.63,0.03,0.1,0.07,-0.02,-0.02,A,2020
5,k.smits,People's Land of Maneau,0,0,0,1,Great Galactic Gorgons,29,1990,2.05,2.05,179.95,2.03,3.04,3.03,5.93,2.93,50.0,-0.09,0.55,0.51,-0.09,0.07,0.01,0.04,-0.07,0.01,,A,2020
6,p.kabugo,People's Land of Maneau,0,0,0,1,Great Galactic Gorgons,22,1997,36.05,36.09,3239.9,36.05,0.99,0.84,3.52,2.72,75.22,0.36,0.22,0.27,0.35,36.17,0.16,0.08,-0.07,0.05,50.02,A,2020
7,g.mwebaze,Nganion,0,0,0,1,Green Fleet,28,1990,37.91,38.01,3420.08,37.94,0.89,0.96,3.22,2.46,73.54,0.54,0.22,0.14,0.35,34.16,-0.01,0.16,0.05,-0.02,0.06,A,2020
8,r.wanyama,Imaar Vircoand,0,0,0,1,Horrible Grizzlies,37,1981,4.99,5.02,449.99,4.99,1.48,1.4,3.26,2.01,56.27,0.35,0.39,0.15,0.12,20.05,-0.06,0.06,-0.05,-0.06,,A,2020
9,j.nkrumah,Nganion,0,0,0,1,Horrible Grizzlies,24,1994,33.07,33.0,2969.9,32.99,1.41,1.38,3.04,1.6,54.42,0.56,0.07,0.31,0.31,24.23,-0.01,0.14,-0.04,0.0,0.0,A,2020
10,j.turyasingura,Nganion,0,0,0,1,Horrible Storm,36,1982,11.98,12.01,1080.06,12.06,1.66,1.65,4.08,2.69,63.92,0.35,0.31,0.48,0.13,16.71,0.21,0.14,0.06,0.04,33.21,A,2020
11,k.lin,People's Land of Maneau,0,0,0,1,Horrible Storm,26,1992,0.95,0.91,7.09,0.04,-0.01,-0.01,0.09,0.1,,0.09,0.07,10.04,0.0,0.03,-0.08,-0.02,-0.08,0.03,,A,2020
12,s.herrera,People's Land of Maneau,0,0,0,1,Horrible Storm,33,1986,19.93,19.94,1793.95,19.95,1.83,1.77,4.88,3.44,67.74,0.27,0.2,0.56,0.18,20.08,0.21,0.2,0.08,0.02,0.1,A,2020
13,m.alzahrani,Redohrainbri,0,0,0,1,Horrible Storm,28,1990,7.02,4.92,538.97,6.07,1.92,1.96,4.27,2.28,53.87,-0.03,0.27,0.5,0.13,20.02,0.09,-0.03,-0.07,0.06,,A,2020
14,y.acola,Rarita,0,0,0,1,Marvelous Patriots,32,1987,31.06,31.0,2790.08,30.95,1.68,1.72,4.56,3.07,65.66,0.43,0.17,0.36,0.11,16.13,0.28,0.33,0.12,-0.04,12.43,A,2020
15,v.kumwenda,Esia,0,0,0,1,Mighty Jays,27,1992,29.99,29.97,2648.93,29.38,1.34,1.36,5.05,3.77,77.64,0.31,0.47,0.25,0.17,23.37,0.33,0.1,0.02,0.04,14.23,A,2020
16,s.tamale,Imaar Vircoand,0,0,0,1,Mighty Jays,26,1992,9.07,8.1,771.09,8.54,1.11,1.07,4.88,3.93,81.0,0.67,0.12,0.19,0.29,37.59,0.2,0.16,-0.07,-0.04,0.06,A,2020
17,a.soong,People's Land of Maneau,0,0,0,1,Odd Ducks,21,1998,37.07,37.08,3330.07,37.02,1.76,1.75,4.87,3.19,67.77,0.31,0.22,0.56,0.17,13.48,0.14,0.09,0.13,-0.05,16.61,A,2020
18,f.malik,Southslands,0,0,0,1,Odd Ducks,20,1999,0.97,1.08,90.09,1.02,2.98,3.0,4.98,1.98,40.07,0.06,-0.1,1.03,0.06,-0.06,-0.08,-0.07,0.02,-0.08,,A,2020
19,u.nakazibwe,Lefghau,0,0,0,1,Old Mustangs,26,1992,29.03,28.93,2543.03,28.25,0.79,0.73,2.8,2.03,72.29,0.84,0.06,0.05,0.47,44.89,-0.05,-0.01,-0.05,0.06,0.1,A,2020
20,f.walker,Nganion,0,0,0,1,Old Mustangs,32,1987,10.93,8.94,874.94,9.68,1.11,1.06,2.97,1.73,64.39,0.89,0.09,0.03,0.17,22.25,0.03,0.03,0.06,0.1,,A,2020
21,x.neri,People's Land of Maneau,0,0,0,1,Punctual Rustlers,25,1994,38.02,37.91,3420.0,37.94,1.52,1.56,3.82,2.41,63.3,0.31,0.24,0.47,0.19,23.69,0.02,0.07,0.09,0.04,0.01,A,2020
22,y.owino,Djipines,0,0,0,1,Silver Heels,32,1987,2.91,3.04,269.99,3.05,2.71,2.63,7.36,4.75,63.53,-0.1,0.26,0.59,-0.01,-0.04,-0.07,0.07,0.06,-0.03,,A,2020
23,q.musimenta,Nganion,0,0,0,1,Silver Heels,32,1987,34.91,34.94,3150.01,35.02,1.22,1.27,4.29,3.08,71.32,0.34,0.18,0.36,0.29,28.58,0.1,0.02,-0.02,0.03,,A,2020
24,s.zandamela,Mico,0,0,0,1,Solemn Cougars,32,1986,38.05,38.06,3419.93,38.09,1.14,1.07,3.39,2.44,73.81,0.45,0.15,0.33,0.26,34.16,0.21,0.31,0.1,-0.05,19.98,A,2020
25,m.janssens,Ledian,0,0,0,1,Somber Bombers,30,1989,38.05,37.99,3420.03,38.05,1.49,1.59,5.09,3.59,70.51,0.28,0.33,0.49,0.31,28.94,0.02,0.1,-0.06,0.03,0.03,A,2020
26,w.kong,Imaar Vircoand,0,0,0,1,Stacked Rocks,27,1992,18.03,16.97,1613.08,17.91,1.53,1.42,4.42,3.21,70.82,0.3,0.32,0.43,0.03,11.76,0.17,0.11,0.01,-0.03,24.99,A,2020
27,a.bianco,Byasier Pujan,0,0,0,1,Sugar Storm,31,1988,35.93,36.07,3239.98,36.09,1.91,1.89,5.18,3.49,65.55,0.11,0.15,0.77,0.14,13.93,0.08,0.01,0.0,-0.05,40.04,A,2020
28,q.nakyeyune,Esia,0,0,0,1,Sugar Storm,30,1988,0.92,0.93,20.91,0.29,4.92,4.32,5.06,5.08,99.95,-0.07,0.02,4.91,0.1,-0.01,5.06,4.93,0.03,0.07,0.04,A,2020
29,w.akena,Highhlaands,0,0,0,1,Sugar Storm,35,1984,1.98,0.99,159.05,1.83,3.3,3.4,6.09,2.73,45.42,-0.06,0.03,0.53,0.05,0.03,0.6,0.06,0.64,0.03,100.03,A,2020
30,a.mlenga,People's Land of Maneau,0,0,0,1,Swift Musketeers,23,1996,9.98,10.09,899.97,9.9,2.51,2.45,5.36,2.91,56.62,0.21,0.19,0.61,0.26,20.07,0.17,0.24,-0.06,0.1,0.1,A,2020
31,f.ribeiro,People's Land of Maneau,0,0,0,1,Swift Musketeers,29,1989,28.03,27.91,2519.95,28.1,1.33,1.25,3.91,2.68,69.01,0.43,0.1,0.38,0.19,25.02,0.16,0.05,-0.03,0.03,49.91,A,2020
32,n.kyohirwe,Dosqaly,0,0,0,1,Flawless Cows,26,1993,3.02,3.07,270.09,3.07,0.66,0.72,1.36,0.7,49.93,0.6,0.09,0.28,0.64,66.7,-0.01,-0.03,0.03,-0.05,,B,2020
33,y.kyosiimire,Nganion,0,0,0,1,Flawless Cows,25,1993,1.92,1.94,179.97,2.06,1.92,1.99,5.49,3.49,63.55,1.04,-0.05,-0.04,-0.08,0.01,-0.04,-0.01,0.1,0.1,,B,2020
34,x.driscoll,Nkasland Cronestan,0,0,0,1,Flawless Cows,19,1999,0.95,1.06,90.04,1.0,0.03,0.08,1.91,2.0,100.01,0.95,-0.06,0.07,0.94,99.98,0.05,0.02,-0.04,-0.1,,B,2020
35,p.addae,South Sati Fatina,0,0,0,1,Flawless Cows,32,1986,21.09,21.0,1890.05,20.99,0.78,0.85,3.05,2.19,72.21,0.77,0.19,0.1,0.59,52.48,0.06,0.1,-0.07,-0.03,,B,2020
36,f.kimera,Dosqaly,0,0,0,1,Glistening Paladins,22,1997,27.09,26.97,2398.02,26.6,1.25,1.19,4.74,3.62,75.74,0.28,0.43,0.3,0.3,25.89,0.28,0.13,0.02,-0.02,24.94,B,2020
37,h.jew,Landsfupua,0,0,0,1,Glistening Paladins,26,1992,2.02,0.97,121.97,1.37,2.18,2.2,7.07,5.8,80.1,0.62,-0.05,0.0,0.79,100.08,0.71,0.75,-0.1,-0.1,0.02,B,2020
38,v.bwambale,Dosqaly,0,0,0,1,Golden Rustlers,32,1987,27.91,28.08,2519.94,28.02,1.18,1.27,3.87,2.65,69.84,0.29,0.42,0.29,0.24,21.3,0.13,0.01,0.09,0.05,33.36,B,2020
39,t.bukar,Southern Ristan,0,0,0,1,Grotesque Rocks,27,1992,27.03,26.92,2429.95,27.06,1.15,1.26,3.43,2.4,72.53,0.42,0.23,0.47,0.21,29.58,0.31,0.23,0.08,-0.07,14.39,B,2020
40,g.razak,Dosqaly,0,0,0,1,Hideous Pioneers,28,1990,22.94,21.93,2033.91,22.57,2.1,2.13,4.93,3.0,58.81,0.12,0.19,0.69,0.02,9.04,0.14,0.14,0.0,-0.06,39.96,B,2020
41,t.kibuuka,Janmico,0,0,0,1,Hideous Pioneers,31,1988,2.04,2.01,179.93,2.05,2.53,2.6,6.57,3.97,61.54,-0.03,-0.03,0.92,-0.02,-0.09,0.03,0.01,-0.05,-0.08,,B,2020
42,e.loh,Manlisgamncent,0,0,0,1,Hideous Pioneers,29,1990,4.05,4.02,305.95,3.36,1.21,1.14,4.38,3.33,73.38,0.08,0.32,0.91,0.27,24.99,0.08,0.07,0.1,0.05,,B,2020
43,j.matambo,Dosqaly,0,0,0,1,Jumping Beans,22,1997,1.08,1.0,90.08,0.92,2.99,2.95,3.05,0.95,33.35,0.08,0.07,0.94,0.01,-0.07,0.94,0.96,-0.04,-0.03,0.04,B,2020
44,k.adero,Rosvi,0,0,0,1,Jumping Beans,23,1995,26.98,27.08,2430.03,26.92,0.59,0.76,3.06,2.5,79.71,0.36,0.44,0.32,0.43,44.38,0.27,0.04,0.13,0.09,75.06,B,2020
45,y.campbell,Dosqaly,0,0,0,1,Lady Ocelots,32,1986,27.91,27.91,2519.92,28.1,1.74,1.86,5.09,3.24,65.07,0.24,0.45,0.42,0.26,17.97,-0.02,0.1,-0.05,-0.01,0.06,B,2020
46,e.wibowo,Coastpa Barleslands,0,0,0,1,Overconfident Kangaroos,27,1992,24.03,23.94,2160.06,24.08,0.83,0.76,3.05,2.43,78.31,0.51,0.12,0.28,0.37,37.47,0.27,0.07,0.12,-0.05,24.94,B,2020
47,b.ochieng,Dosqaly,0,0,0,1,Overconfident Kangaroos,35,1984,4.93,4.07,359.91,4.09,1.31,1.22,4.5,3.24,72.29,0.49,-0.03,0.55,0.58,49.97,0.35,-0.07,0.18,0.05,100.04,B,2020
48,d.fuchs,Dosqaly,0,0,0,1,Serious Thunderbirds,32,1986,22.02,21.98,1979.93,21.92,1.91,1.81,4.24,2.47,60.6,0.17,0.19,0.51,0.22,13.52,0.19,0.19,0.09,0.1,0.0,B,2020
49,h.kamal,Dosqaly,0,0,0,1,Serious Thunderbirds,33,1986,4.96,5.03,449.94,4.98,0.79,0.89,4.05,3.55,89.9,0.36,0.35,0.1,0.41,40.04,0.45,0.47,0.08,0.02,-0.03,B,2020
50,i.sano,Dosqaly,0,0,0,1,Serious Thunderbirds,17,2001,1.05,0.9,90.03,0.93,1.03,0.99,1.98,0.97,50.03,-0.04,0.03,1.06,-0.09,0.04,-0.02,0.05,0.1,-0.02,,B,2020
51,m.natumanya,Dosqaly,0,0,0,1,Simple Jayhawks,30,1988,2.05,1.06,135.06,1.49,2.75,2.58,3.32,1.33,40.09,0.01,-0.06,0.77,0.0,-0.06,0.77,0.67,0.0,0.06,-0.08,B,2020
52,r.rizzi,Pierrema,0,0,0,1,Simple Jayhawks,31,1988,26.92,27.01,2384.96,26.49,1.17,1.18,4.8,3.65,77.97,0.24,0.36,0.37,0.33,29.59,0.17,0.04,-0.05,0.05,-0.09,B,2020
53,v.arnold,Coastpa Barleslands,0,0,0,1,Simple Privateers,25,1993,19.08,19.08,1619.91,18.01,1.07,1.19,4.55,3.71,77.05,0.23,0.45,0.43,0.37,31.67,0.16,-0.01,-0.04,0.01,-0.05,B,2020
54,x.adikini,Cuandbo,0,0,0,1,Simple Privateers,24,1995,10.95,9.03,899.9,10.04,1.78,1.69,4.5,2.82,63.08,0.15,0.16,0.51,0.02,-0.03,-0.09,0.08,-0.08,0.0,,B,2020
55,a.mbusa,Dosqaly,0,0,0,1,Solemn Leopards,34,1985,26.92,27.03,2370.94,26.31,1.07,0.95,3.47,2.75,74.8,0.58,0.26,0.21,0.42,40.8,0.13,0.09,0.1,0.05,0.06,B,2020
56,n.tumwesigye,Dosqaly,0,0,0,1,Solemn Leopards,36,1982,2.07,0.97,149.0,1.8,1.14,1.12,3.47,2.4,66.73,0.53,-0.02,0.02,0.04,0.0,0.6,-0.1,0.5,-0.1,100.06,B,2020
57,i.kumari,Dosqaly,0,0,0,1,Somber Stallions,24,1995,28.02,28.01,2519.95,27.92,0.92,0.99,2.8,2.14,70.55,0.48,0.18,0.25,0.46,43.0,0.23,0.21,0.02,0.11,20.08,B,2020
58,o.burgos,Dosqaly,0,0,0,1,Supreme Janes,20,1999,27.1,27.03,2429.96,27.07,1.14,1.14,3.41,2.46,71.49,0.36,0.14,0.46,0.47,36.99,0.15,0.05,0.17,0.12,40.06,B,2020
59,e.liepis,Rosvi,0,0,0,1,Supreme Janes,31,1988,1.01,1.09,89.92,1.09,2.02,2.07,6.05,3.97,66.62,-0.07,-0.04,0.91,-0.03,0.03,0.06,0.06,0.01,0.05,,B,2020
60,q.permana,Dosqaly,0,0,0,1,Swift Rustlers,28,1991,28.09,28.04,2519.92,28.05,1.61,1.59,4.71,3.46,71.18,0.45,0.17,0.33,0.18,25.05,0.27,0.15,-0.08,0.08,0.04,B,2020
61,o.noor,Cabral Retrea,0,0,0,1,Unaccountable Foxes,33,1986,1.93,2.02,180.02,1.99,0.97,1.01,5.58,4.41,81.83,0.59,0.0,0.44,0.6,50.0,0.0,-0.02,-0.06,-0.1,,B,2020
62,f.carbone,Greri Landmoslands,0,0,0,1,Unaccountable Foxes,28,1990,26.08,26.0,2339.92,26.01,0.91,0.93,3.3,2.45,72.91,0.46,0.29,0.31,0.33,30.76,0.21,0.01,0.08,0.03,0.07,B,2020
63,l.dahl,Dosqaly,0,0,0,1,Unethical Comets,21,1998,2.99,2.93,196.02,2.25,1.46,1.31,2.7,1.33,50.07,0.04,-0.08,1.33,0.04,0.06,-0.01,-0.01,0.02,-0.08,,B,2020
64,a.wati,Greri Landmoslands,0,0,0,1,Unethical Comets,20,1999,0.9,0.0,71.07,0.72,5.04,5.08,10.08,6.3,50.06,-0.04,-0.04,0.01,0.05,,0.06,0.09,0.06,0.03,,B,2020
65,f.krklis,Imaar Vircoand,0,0,0,1,Unethical Comets,27,1992,24.93,25.0,2249.93,25.0,1.14,1.08,4.41,3.65,78.51,0.51,0.35,0.35,0.23,31.97,0.16,0.16,0.02,0.07,25.06,B,2020
66,a.munda,Dosqaly,0,0,0,1,Villainous Eagles,36,1983,26.09,25.9,2340.09,26.03,1.18,1.24,2.92,1.87,62.78,0.4,0.32,0.36,0.46,42.32,0.05,0.16,0.03,-0.08,0.05,B,2020
67,m.mertens,Pahon,0,0,0,1,Villainous Eagles,26,1993,1.93,2.01,180.07,2.0,0.44,0.6,3.55,3.04,85.78,0.44,-0.08,0.5,0.41,50.07,0.02,-0.01,0.02,0.07,,B,2020
68,i.korugyendo,Dosqaly,0,0,0,1,Weak Blimps,22,1997,1.98,2.02,179.91,1.95,1.07,1.02,2.94,2.47,83.27,1.06,-0.01,0.05,-0.01,0.09,0.48,0.57,-0.1,-0.05,-0.04,B,2020
69,c.vtols,Imaar Vircoand,0,0,0,1,Weak Blimps,26,1993,25.95,26.01,2340.0,26.08,1.45,1.45,5.0,3.81,75.24,0.36,0.24,0.35,0.21,15.48,0.24,0.1,0.12,-0.04,20.04,B,2020
70,j.mercier,Dosqaly,0,0,0,1,Wet Monarchs,22,1997,25.08,25.02,2203.95,24.41,1.6,1.61,4.1,2.91,66.79,0.25,0.07,0.53,0.22,24.02,0.07,0.08,0.07,-0.03,-0.06,B,2020
71,l.ssenyonjo,Dosqaly,0,0,0,1,Wet Monarchs,20,1999,3.94,2.91,316.08,3.41,1.72,1.63,5.22,3.43,66.72,-0.02,0.67,0.36,0.34,33.24,-0.06,0.09,-0.06,-0.05,,B,2020
72,g.prasetyo,Galamily,0,0,0,1,Awkward Trailblazers,27,1992,33.1,33.02,2970.03,32.91,2.02,1.99,5.09,3.15,61.12,0.23,0.1,0.67,0.06,12.09,-0.01,0.04,0.07,-0.03,-0.02,C,2020
73,l.bbosa,Ingre,0,0,0,1,Awkward Trailblazers,25,1994,0.93,1.05,89.9,0.96,2.02,1.96,4.91,2.98,59.99,0.0,1.01,0.1,0.02,-0.03,0.07,0.06,-0.06,0.08,,C,2020
74,a.mor,Esia,0,0,0,1,Blue Jaguars,34,1985,3.99,4.02,360.08,3.93,1.09,1.02,5.0,4.0,84.99,0.49,0.05,0.48,0.2,25.01,0.3,0.25,0.08,0.02,0.0,C,2020
75,h.nakimera,Esia,0,0,0,1,Blue Jaguars,29,1990,29.96,29.91,2700.04,30.07,1.64,1.6,4.71,3.29,69.14,0.4,0.27,0.43,0.14,23.23,0.16,0.09,0.08,-0.02,28.63,C,2020
76,e.kyomukama,Esia,0,0,0,1,Fiery Governors,21,1997,12.93,12.04,1124.94,12.54,2.02,2.05,5.16,3.23,64.14,0.15,0.16,0.54,0.17,16.77,0.33,0.23,0.15,0.02,33.35,C,2020
77,l.nalukenge,Esia,0,0,0,1,Fiery Governors,24,1994,22.01,22.06,1935.06,21.59,1.79,1.93,5.33,3.51,65.51,0.34,0.12,0.66,0.24,13.64,0.16,-0.01,0.05,0.04,50.05,C,2020
78,m.krlievi,Leoneku Guidisia,0,0,0,1,Horrible Flames,29,1989,34.07,34.0,3059.91,33.92,1.38,1.31,4.03,2.68,69.38,0.62,0.21,0.22,0.24,29.32,0.07,0.14,0.07,0.02,0.01,C,2020
79,r.yiga,Quewenia,0,0,0,1,Little Lollipops,30,1988,34.06,33.95,3060.0,33.91,1.25,1.15,4.44,3.32,74.26,0.64,0.25,0.17,0.16,20.66,0.08,-0.02,-0.06,-0.01,49.97,C,2020
80,l.namuyanja,Byasier Pujan,0,0,0,1,Marvelous Anchors,26,1993,9.91,10.0,900.1,9.98,1.48,1.33,6.93,5.34,80.02,0.42,0.38,0.39,0.21,30.07,0.08,-0.04,0.04,0.13,,C,2020
81,c.opira,Esia,0,0,0,1,Marvelous Anchors,20,1999,1.01,-0.04,69.04,0.87,1.18,1.35,5.0,3.78,74.9,-0.04,0.08,-0.05,0.08,,0.1,0.09,-0.06,0.01,,C,2020
82,e.kaddu,Esia,0,0,0,1,Marvelous Anchors,27,1992,23.99,24.04,2091.06,23.24,1.3,1.39,4.81,3.67,74.68,0.41,0.29,0.43,0.21,16.74,0.14,0.18,-0.07,0.06,-0.07,C,2020
83,b.fernandez,Esia,0,0,0,1,Mean Trolls,32,1987,9.92,9.92,900.06,10.02,1.25,1.27,3.54,2.28,65.7,0.34,0.29,0.47,0.28,30.01,-0.06,-0.03,0.1,0.06,,C,2020
84,n.namirembe,Galamily,0,0,0,1,Mean Trolls,26,1992,24.1,23.91,2160.03,24.07,2.2,2.21,5.08,3.09,58.28,0.34,0.17,0.6,0.07,16.62,0.0,-0.01,0.06,0.01,100.06,C,2020
85,h.dayan,Esia,0,0,0,1,Punctual Archers,21,1997,0.92,1.01,90.0,1.06,4.08,4.08,8.05,3.93,50.05,-0.02,0.04,1.05,-0.06,0.07,-0.07,0.04,0.04,-0.04,,C,2020
86,e.mapuranga,Nkasland Cronestan,0,0,0,1,Punctual Archers,31,1987,32.98,33.02,2969.99,32.94,1.69,1.71,4.85,3.24,68.18,0.44,0.11,0.39,0.27,24.14,0.18,0.05,0.02,-0.01,25.0,C,2020
87,f.nabunya,Quewenia,0,0,0,1,Serious Cyclones,28,1990,31.09,30.92,2770.04,30.73,1.29,1.25,3.04,1.83,60.28,0.72,0.13,0.31,0.49,41.82,0.13,0.02,0.06,0.05,-0.1,C,2020
88,m.zhou,Quewenia,0,0,0,1,Serious Cyclones,31,1987,4.02,3.07,290.07,3.24,0.22,0.31,2.09,1.93,85.75,0.64,0.37,-0.01,1.01,100.06,0.0,0.07,0.02,0.06,,C,2020
89,s.achen,Giumle Lizeibon,0,0,0,1,Silver Frogs,31,1987,7.94,8.06,719.93,7.91,1.08,0.96,4.57,3.73,80.51,0.15,0.48,0.24,0.31,37.41,0.05,0.15,-0.05,0.01,0.01,C,2020
90,l.msowoya,Southern Ristan,0,0,0,1,Silver Frogs,27,1992,26.03,26.01,2340.07,25.97,1.38,1.39,3.95,2.63,67.3,0.35,0.24,0.43,0.18,19.26,0.15,0.15,0.0,0.02,0.08,C,2020
91,i.bitton,Esia,0,0,0,1,Spicy Gophers,26,1993,33.96,34.09,3060.08,34.08,2.04,2.04,4.47,2.58,57.14,0.3,0.1,0.49,0.15,17.67,0.09,0.19,0.11,0.05,33.37,C,2020
92,s.feldman,Esia,0,0,0,1,Supreme Jaguars,22,1996,26.06,26.08,2314.98,25.78,1.48,1.6,4.52,2.99,68.44,0.27,0.43,0.35,0.27,23.1,0.22,0.24,0.1,0.08,0.08,C,2020
93,w.meiyr,Esia,0,0,0,1,Supreme Jaguars,21,1998,9.01,7.93,741.92,8.28,2.22,2.09,6.29,4.24,69.25,0.15,0.42,0.57,0.28,25.07,0.19,0.29,0.08,0.09,-0.03,C,2020
94,a.lucas,Esia,0,0,0,1,Ultimate Dolphins,30,1988,2.04,2.0,90.03,0.94,1.09,1.06,2.97,2.04,66.67,0.95,-0.06,-0.05,-0.05,0.07,-0.05,0.05,-0.06,-0.02,,C,2020
95,b.harahap,Esia,0,0,0,1,Ultimate Dolphins,33,1986,33.0,33.02,2969.99,33.09,0.92,0.9,3.41,2.61,74.9,0.73,0.11,0.21,0.49,45.53,0.15,0.16,0.11,0.01,24.95,C,2020
96,t.obong,Esia,0,0,0,1,Ultimate Longhorns,29,1990,22.06,21.97,1979.95,21.93,1.76,1.82,4.66,3.19,64.47,0.41,0.08,0.33,0.11,18.11,0.12,0.13,0.03,0.03,-0.08,C,2020
97,y.hahn,Esia,0,0,0,1,Ultimate Longhorns,29,1990,2.99,3.02,269.98,3.04,2.71,2.77,7.03,4.39,61.85,0.06,0.04,0.95,0.05,-0.04,0.06,-0.03,0.03,0.01,,C,2020
98,u.ndagire,Mico,0,0,0,1,Ultimate Longhorns,26,1992,9.03,9.01,810.0,9.07,1.53,1.52,5.24,3.96,74.57,0.21,0.38,0.38,0.17,11.07,0.17,0.28,0.06,-0.06,0.08,C,2020
99,b.shimada,Esia,0,0,0,1,Weak Chargers,31,1988,4.08,3.96,360.07,4.1,2.18,2.23,4.96,2.67,54.99,-0.04,0.82,0.35,-0.05,-0.03,-0.02,-0.07,-0.09,-0.05,,C,2020
100,c.nakajima,Esia,0,0,0,1,Weak Chargers,20,1999,1.91,0.98,151.03,1.64,2.4,2.35,6.39,4.16,63.52,0.06,-0.02,0.62,0.07,0.08,0.09,0.0,-0.05,0.04,,C,2020
101,p.wan,Redohrainbri,0,0,0,1,Weak Chargers,34,1984,29.08,29.1,2546.98,28.34,1.72,1.66,4.6,3.36,70.13,0.4,0.2,0.51,0.37,31.08,0.31,0.17,-0.09,0.06,-0.01,C,2020
102,e.tushemereirwe,New Uwi,0,0,0,1,White Firebirds,29,1990,31.92,32.08,2879.94,31.96,1.05,1.13,3.57,2.54,72.65,0.51,0.42,0.14,0.22,31.23,0.15,0.04,0.02,-0.06,0.09,C,2020
103,a.bagonza,Quewenia,0,0,0,1,White Firebirds,25,1994,2.09,2.01,179.99,2.07,1.48,1.43,2.58,1.06,39.95,1.04,0.08,0.01,0.03,0.03,0.05,0.09,0.1,-0.03,,C,2020
104,l.foo,Sobianitedrucy,0,0,0,1,Coy Sunbirds,28,1991,3.97,4.03,360.05,4.0,0.92,1.05,4.2,3.47,82.42,0.28,0.32,0.52,0.22,24.98,0.58,0.21,-0.05,0.32,-0.02,D,2020
105,x.dahan,Sobianitedrucy,0,0,0,1,Coy Sunbirds,28,1991,34.08,33.92,3060.01,34.0,1.47,1.63,5.48,3.95,74.47,0.31,0.14,0.35,0.24,14.71,0.31,0.27,0.0,0.0,33.3,D,2020
106,j.ashknaziy,Lefghau,0,0,0,1,Deranged Defenders,26,1992,34.04,34.08,2997.08,33.39,2.36,2.3,6.52,4.61,69.54,0.15,0.29,0.55,0.01,5.91,0.32,0.27,-0.02,-0.02,16.68,D,2020
107,g.nakandi,Sobianitedrucy,0,0,0,1,Deranged Defenders,29,1990,5.04,3.93,422.94,4.68,1.98,1.92,5.65,4.02,70.47,0.62,-0.03,0.12,0.17,25.0,0.12,0.23,0.02,-0.05,0.08,D,2020
108,n.busingye,Sobianitedrucy,0,0,0,1,Fighting Clippers,22,1997,22.07,20.91,1950.94,21.68,1.51,1.53,3.59,2.09,63.16,0.33,0.14,0.33,0.11,14.3,0.33,0.24,0.1,0.07,16.65,D,2020
109,r.owere,Western Niasland,0,0,0,1,Fighting Clippers,30,1988,16.96,16.93,1468.95,16.34,1.02,0.95,3.21,2.25,71.66,0.62,0.27,0.24,0.21,23.54,0.17,0.09,0.08,-0.03,-0.07,D,2020
110,j.vasquez,Nkasland Cronestan,0,0,0,1,Fighting Wave,29,1990,29.01,28.93,2591.07,28.72,1.17,1.24,4.23,3.27,79.24,0.67,0.23,0.13,0.45,37.94,0.43,0.24,-0.02,0.08,11.19,D,2020
111,a.amongin,Sobianitedrucy,0,0,0,1,Fighting Wave,29,1990,1.08,0.08,18.9,0.12,0.01,-0.03,0.03,0.02,,-0.1,0.04,-0.09,-0.01,,0.08,0.01,0.06,0.0,,D,2020
112,n.tkachuk,Sobianitedrucy,0,0,0,1,Fighting Wave,41,1978,8.95,9.05,810.02,8.94,1.14,1.06,3.63,2.6,71.94,0.75,0.09,0.18,0.16,11.11,0.12,0.19,-0.05,0.17,-0.05,D,2020
113,v.razak,Lefghau,0,0,0,1,Flying Bombadiers,35,1983,1.04,0.93,90.06,1.01,0.94,0.91,1.96,1.09,50.06,-0.06,1.05,-0.08,0.0,0.08,-0.01,-0.06,0.06,-0.06,,D,2020
114,u.mvula,Nkasland Cronestan,0,0,0,1,Flying Bombadiers,28,1991,37.1,36.9,3330.0,37.07,1.69,1.77,4.95,3.21,67.87,0.29,0.29,0.38,0.03,5.39,0.27,0.08,-0.03,0.07,14.27,D,2020
115,z.nyamahunge,Lefghau,0,0,0,1,Hideous Spartans,37,1982,5.97,5.05,454.01,5.03,2.24,2.19,2.94,1.17,40.03,0.16,0.16,0.61,0.0,-0.07,0.62,0.36,0.01,0.15,0.03,D,2020
116,y.nanyondo,Sobianitedrucy,0,0,0,1,Hideous Spartans,25,1994,15.94,16.02,1440.03,16.06,1.39,1.38,5.44,4.16,76.71,0.22,0.36,0.43,0.22,18.75,0.23,0.11,0.07,-0.02,50.09,D,2020
117,m.ngamita,Xikong,0,0,0,1,Hideous Spartans,29,1990,16.97,16.92,1524.01,16.88,1.51,1.49,4.86,3.76,75.85,0.43,0.39,0.16,0.26,23.57,0.26,0.29,-0.02,-0.09,-0.08,D,2020
118,a.kovaevi,Sobianitedrucy,0,0,0,1,Marvelous Heels,27,1992,6.09,5.01,525.02,5.72,0.91,0.81,3.36,2.34,73.65,0.61,0.06,0.11,0.29,39.93,-0.08,-0.08,-0.08,-0.01,,D,2020
119,h.okafor,Sobianitedrucy,0,0,0,1,Marvelous Heels,24,1995,33.0,32.97,2884.1,32.05,1.39,1.24,3.51,2.36,68.02,0.61,0.19,0.21,0.18,24.11,0.22,0.13,-0.04,-0.08,-0.09,D,2020
120,p.kachingwe,Sobianitedrucy,0,0,0,1,Marvelous Heels,28,1991,1.05,0.04,11.07,0.11,10.06,8.23,9.93,0.02,-0.03,0.09,-0.1,-0.04,0.05,,-0.01,-0.02,-0.04,-0.09,,D,2020
121,g.hasan,Sobianitedrucy,0,0,0,1,Marvelous Patriots,17,2001,1.92,2.05,180.0,2.06,1.95,2.08,5.42,4.05,72.8,-0.05,1.06,0.07,-0.06,-0.06,0.53,0.49,0.06,0.01,0.1,D,2020
122,k.huang,Sobianitedrucy,0,0,0,1,Marvelous Patriots,38,1981,5.0,5.01,450.02,4.98,0.89,0.76,5.29,4.61,84.6,0.45,0.42,0.19,0.37,39.92,-0.05,-0.08,-0.02,-0.09,,D,2020
123,y.larsen,Imaar Vircoand,0,0,0,1,Mean Wolves,25,1994,37.97,38.05,3419.98,37.99,1.35,1.33,4.85,3.61,76.98,0.31,0.34,0.54,0.42,36.86,0.25,0.27,0.14,0.01,20.02,D,2020
124,c.hamed,Sobianitedrucy,0,0,0,1,Mighty Monkeys,22,1997,35.92,36.08,3240.05,35.93,1.62,1.71,4.44,3.08,66.8,0.29,0.15,0.5,0.16,24.98,0.18,0.1,0.04,-0.05,0.05,D,2020
125,s.namuwonge,Sobianitedrucy,0,0,0,1,Mighty Monkeys,24,1995,2.06,2.04,180.06,2.03,2.43,2.58,6.58,3.95,69.3,0.06,0.49,0.6,-0.01,0.0,0.54,0.53,0.02,0.0,-0.07,D,2020
126,j.colon,Coastpa Barleslands,0,0,0,1,Punctual Fire,21,1998,2.06,1.95,180.1,1.99,1.97,1.97,7.03,5.59,78.51,-0.04,0.45,0.55,0.09,0.05,0.55,0.47,-0.01,0.07,0.07,D,2020
127,h.saeed,Manlisgamncent,0,0,0,1,Punctual Fire,22,1997,10.01,10.06,900.01,9.93,2.81,2.87,6.56,3.79,56.04,0.05,0.1,0.85,0.05,-0.01,0.06,0.01,0.18,0.02,100.08,D,2020
128,a.lynch,Moaithe,0,0,0,1,Punctual Fire,30,1989,25.96,25.94,2340.02,25.99,1.55,1.56,5.37,4.17,75.37,0.09,0.15,0.76,0.09,11.47,0.31,0.24,0.03,-0.05,-0.03,D,2020
129,t.sharifi,Rosvi,0,0,0,1,Red Rangers,23,1996,2.91,2.94,269.93,2.99,2.7,2.62,4.31,2.36,53.74,0.34,-0.02,0.73,0.26,33.36,0.74,0.6,-0.09,-0.03,-0.06,D,2020
130,v.ssali,Sobianitedrucy,0,0,0,1,Red Rangers,28,1991,34.99,34.98,3150.02,35.09,1.22,1.3,4.25,3.03,75.61,0.34,0.44,0.31,0.18,25.65,0.23,0.28,-0.03,-0.03,-0.01,D,2020
131,h.tuhaise,Lefghau,0,0,0,1,Remarkable Flames,22,1997,1.0,1.02,90.07,1.01,0.94,0.98,1.93,0.93,49.98,0.91,-0.09,-0.09,0.04,0.03,-0.02,-0.09,-0.08,-0.02,,D,2020
132,p.solanki,Nganion,0,0,0,1,Remarkable Flames,24,1994,31.99,31.96,2880.05,32.03,1.45,1.37,3.79,2.68,69.61,0.61,0.14,0.22,0.19,15.61,0.18,0.3,0.0,-0.01,11.01,D,2020
133,g.boadi,Sobianitedrucy,0,0,0,1,Remarkable Flames,36,1983,5.02,5.0,450.04,5.03,1.09,1.09,4.3,3.41,81.9,0.42,0.16,0.46,0.5,40.01,0.26,0.26,-0.05,-0.06,0.01,D,2020
134,k.smit,Leoneku Guidisia,0,0,0,1,Rowdy Clippers,26,1993,29.02,29.03,2609.95,28.9,2.04,2.02,5.93,4.31,70.81,0.08,0.12,0.69,0.17,17.27,0.31,0.35,0.01,0.08,10.02,D,2020
135,c.odongo,Sobianitedrucy,0,0,0,1,Rowdy Clippers,24,1995,6.0,4.98,531.08,5.85,2.61,2.68,7.58,4.66,64.4,-0.02,0.21,0.74,-0.07,0.09,0.2,-0.05,-0.07,0.17,,D,2020
136,j.kovai,Sobianitedrucy,0,0,0,1,Rowdy Clippers,31,1988,4.03,3.96,279.07,3.02,1.38,1.2,3.55,2.24,63.58,0.23,0.09,0.91,0.34,24.92,-0.03,0.0,-0.1,-0.05,,D,2020
137,w.lotfi,Moaithe,0,0,0,1,Serious Ranchers,24,1995,37.93,37.98,3419.91,37.93,1.07,1.14,3.84,2.82,75.83,0.57,0.18,0.15,0.19,28.97,0.16,0.11,0.07,0.09,12.56,D,2020
138,e.binmohamed,Cabral Retrea,0,0,0,1,Spicy Pointers,22,1997,17.0,16.99,1530.05,16.93,2.15,2.13,5.31,3.65,67.31,0.21,0.22,0.54,0.14,11.78,0.33,0.42,-0.02,-0.01,-0.08,D,2020
139,l.namaganda,Sobianitedrucy,0,0,0,1,Spicy Pointers,26,1992,21.09,20.99,1889.97,21.01,1.78,1.81,4.64,2.98,62.58,0.34,0.2,0.34,0.26,23.71,0.03,0.14,0.05,0.09,0.09,D,2020
140,g.caputo,Nkasland Cronestan,0,0,0,1,Strange Pioneers,21,1997,30.9,31.08,2790.08,31.01,1.42,1.35,4.24,3.07,71.89,0.16,0.39,0.38,0.23,25.83,0.3,0.12,-0.04,0.04,25.01,D,2020
141,d.sorrentino,Sobianitedrucy,0,0,0,1,Strange Pioneers,29,1990,7.1,6.93,624.08,6.98,0.71,0.63,2.73,2.25,89.54,0.65,0.07,0.04,0.44,42.9,0.37,0.48,0.02,0.07,0.06,D,2020
142,g.lutaaya,Sobianitedrucy,0,0,0,1,Strange Pioneers,18,2001,1.06,-0.09,6.04,0.06,-0.06,0.06,-0.08,0.02,,0.02,-0.07,0.06,9.94,,0.06,0.01,-0.02,-0.09,,D,2020
143,j.koval,Saintu,0,0,0,1,Sugar Bengals,35,1984,34.93,35.09,3150.09,34.92,0.85,0.99,3.07,2.34,72.24,0.54,0.37,0.13,0.37,37.18,0.06,0.05,0.03,-0.03,33.39,D,2020
144,a.berkowitz,Sobianitedrucy,0,0,0,1,Sugar Bengals,33,1985,3.92,4.0,270.07,2.98,1.3,1.42,2.03,1.0,50.04,0.63,-0.03,0.4,0.24,24.96,0.39,0.26,-0.04,0.08,0.08,D,2020
145,m.nyamahunge,Loco Phirema,0,0,0,1,Wet Flames,31,1988,0.94,1.08,90.09,0.93,2.97,2.96,5.02,2.96,59.98,-0.06,0.09,0.91,0.08,0.05,0.95,0.91,0.01,-0.05,-0.05,D,2020
146,l.ocokoru,Sobianitedrucy,0,0,0,1,Wet Flames,36,1983,0.92,0.93,89.98,1.06,0.99,1.01,5.01,3.94,79.94,-0.08,1.04,-0.07,-0.02,-0.02,-0.09,0.0,0.03,0.03,,D,2020
147,v.guillaume,Sobianitedrucy,0,0,0,1,Wet Flames,32,1987,35.97,35.99,3239.95,35.98,1.7,1.71,5.22,3.8,70.93,0.27,0.17,0.43,0.23,19.4,0.34,0.31,-0.01,0.02,10.02,D,2020
148,k.kravchenko,Greri Landmoslands,0,0,0,1,Deferred Dolphins,25,1994,35.06,34.97,3149.94,35.09,1.16,1.13,3.9,2.71,72.07,0.46,0.15,0.29,0.37,34.25,0.14,0.07,-0.05,0.03,20.01,E,2020
149,q.konig,Nganion,0,0,0,1,Deferred Dolphins,23,1995,3.02,3.0,269.97,3.01,1.01,1.01,4.36,3.33,76.91,0.28,-0.07,0.68,0.29,33.26,0.06,0.1,-0.08,-0.1,,E,2020
150,c.shevchenko,Nganion,0,0,0,1,Delta Colts,30,1989,35.0,34.94,3149.95,34.97,1.1,1.08,3.36,2.43,72.7,0.16,0.5,0.26,0.34,31.49,0.21,0.26,-0.04,0.08,14.21,E,2020
151,g.rossi,Nganion,0,0,0,1,Delta Colts,25,1994,3.09,3.0,243.99,2.61,1.14,1.09,4.77,3.8,76.94,0.37,-0.04,0.75,0.45,33.28,-0.07,-0.03,0.07,-0.08,,E,2020
152,r.amash,Nganion,0,0,0,1,Delta Colts,22,1997,0.96,-0.09,26.06,0.3,3.3,3.44,-0.04,0.0,,-0.05,-0.05,-0.04,-0.01,,3.41,3.35,0.01,0.08,0.03,E,2020
153,w.abeja,Esia,0,0,0,1,Festive Governors,27,1992,35.92,35.96,3240.04,35.94,1.06,1.02,3.0,2.23,72.78,0.67,0.11,0.1,0.34,38.99,0.25,0.13,0.0,0.06,14.24,E,2020
154,g.kyobutungi,Lefghau,0,0,0,1,Festive Governors,30,1989,2.1,1.99,179.98,2.02,0.96,1.0,1.43,0.6,33.28,0.43,0.5,0.03,0.59,50.05,-0.07,0.08,0.07,0.04,,E,2020
155,b.brandt,Nganion,0,0,0,1,Flying Penguins,26,1993,37.9,37.93,3419.91,38.04,0.89,0.91,2.59,1.88,68.59,0.4,0.25,0.39,0.32,39.46,0.14,0.22,0.03,0.05,16.64,E,2020
156,i.ajiko,Nganion,0,0,0,1,Horrible Bison,24,1995,24.96,24.97,2250.08,25.05,1.32,1.35,3.52,2.42,71.26,0.46,0.1,0.34,0.32,23.98,0.37,0.26,-0.05,0.06,12.58,E,2020
157,k.sagal,Nganion,0,0,0,1,Horrible Bison,35,1984,12.93,13.02,1170.08,12.97,1.18,1.32,3.83,2.68,68.58,0.3,0.4,0.38,0.31,23.06,0.04,0.09,-0.01,0.18,,E,2020
158,k.nkhoma,Nganion,0,0,0,1,Mad Bees,23,1995,2.09,2.02,180.0,1.91,1.1,0.95,4.91,4.06,80.08,1.1,0.09,0.06,0.54,50.04,0.46,-0.04,-0.05,0.43,,E,2020
159,r.martino,Nganion,0,0,0,1,Mad Bees,28,1991,35.99,36.04,3240.06,36.04,1.49,1.35,5.59,4.26,76.08,0.24,0.22,0.5,0.07,13.84,0.18,0.01,-0.02,-0.07,50.01,E,2020
160,n.kyohirwe,Dosqaly,0,0,0,1,Mad Kingsmen,26,1993,4.01,3.99,360.06,4.0,1.29,1.23,3.22,2.6,76.89,0.66,0.21,-0.08,0.35,24.95,0.41,0.49,-0.03,0.0,-0.09,E,2020
161,y.ruggiero,Southern Ristan,0,0,0,1,Mad Kingsmen,27,1992,33.92,33.97,3060.06,34.09,0.55,0.66,2.7,2.18,78.91,0.62,0.21,0.17,0.54,52.83,0.07,0.1,0.05,-0.1,,E,2020
162,c.edema,Nganion,0,0,0,1,Mighty Jimmies,34,1985,35.9,35.92,3240.08,36.09,1.72,1.61,4.5,3.24,71.22,0.2,0.12,0.61,0.16,13.91,0.37,0.28,0.0,-0.07,7.07,E,2020
163,e.asienzo,Nganion,0,0,0,1,Mighty Jimmies,23,1996,0.97,0.98,90.02,1.1,1.94,2.04,5.02,2.93,60.07,-0.05,1.08,-0.08,-0.05,0.01,0.0,0.09,0.08,-0.05,,E,2020
164,t.namuddu,Nganion,0,0,0,1,Mighty Jimmies,31,1987,2.08,1.93,90.09,1.0,3.07,2.92,5.05,3.04,79.95,0.0,0.03,1.07,-0.09,-0.09,1.93,2.06,-0.07,-0.09,0.08,E,2020
165,l.sakurai,Nganion,0,0,0,1,Orange Giants,30,1988,4.09,4.05,269.9,2.98,1.62,1.63,4.59,3.0,64.21,0.71,0.04,0.27,0.4,25.0,0.25,-0.04,0.31,-0.06,100.08,E,2020
166,m.murmu,Rosvi,0,0,0,1,Orange Giants,27,1992,34.99,34.92,3149.97,35.06,1.53,1.51,3.18,2.01,58.44,0.18,0.28,0.55,0.33,28.54,0.12,0.12,0.06,0.05,20.06,E,2020
167,g.leung,Nganion,0,0,0,1,Plane Janes,30,1989,34.07,34.02,3060.05,34.01,1.19,1.22,4.24,3.22,74.66,0.41,0.08,0.3,0.29,32.33,0.14,0.16,0.07,-0.02,16.74,E,2020
168,j.martin,Nganion,0,0,0,1,Plane Janes,32,1986,3.91,3.98,360.06,3.97,2.02,2.07,4.21,3.2,70.53,0.34,0.51,0.24,0.33,24.94,0.76,0.74,-0.09,-0.01,0.06,E,2020
169,z.shonhiwa,Nganion,0,0,0,1,Polar Kangaroos,32,1987,1.08,-0.08,24.97,0.37,0.02,-0.05,3.39,3.29,99.93,0.06,0.03,-0.07,0.06,,-0.06,-0.04,0.06,0.08,,E,2020
170,s.nuwagira,Saintu,0,0,0,1,Polar Kangaroos,26,1993,37.93,38.06,3394.95,37.77,0.66,0.68,2.79,2.27,77.07,0.41,0.4,0.17,0.54,44.75,0.03,0.16,-0.06,0.03,-0.09,E,2020
171,f.nasasira,Nganion,0,0,0,1,Punctual Leopards,32,1986,3.97,4.09,179.96,1.93,0.59,0.56,2.07,1.58,75.06,0.48,0.54,0.02,1.05,50.01,0.08,0.06,0.09,0.1,,E,2020
172,l.antwi,Nganion,0,0,0,1,Punctual Leopards,22,1997,3.96,2.99,279.93,3.01,1.63,1.59,3.46,1.93,54.5,-0.07,0.23,0.62,0.41,33.34,-0.05,-0.09,0.04,-0.03,,E,2020
173,z.fabre,Nganion,0,0,0,1,Punctual Leopards,24,1995,32.93,33.09,2959.95,32.96,1.25,1.3,3.9,2.55,69.8,0.21,0.35,0.5,0.37,30.32,0.2,0.13,-0.06,0.07,0.0,E,2020
174,n.mucunguzi,Biarizea,0,0,0,1,Running Bigfoots,28,1991,6.07,4.95,495.06,5.58,0.63,0.53,3.51,3.13,89.44,0.65,0.2,-0.09,0.67,80.09,0.22,0.26,-0.01,-0.03,0.04,E,2020
175,u.nishimura,Galamily,0,0,0,1,Running Bigfoots,30,1989,33.05,33.0,2924.95,32.44,1.02,0.93,2.99,2.0,69.89,0.41,0.45,0.13,0.36,42.35,0.07,0.07,-0.05,-0.02,33.33,E,2020
176,g.alali,Nganion,0,0,0,1,Sassy Knights,26,1993,19.05,18.1,1654.97,18.32,1.43,1.57,4.22,2.78,67.0,0.48,0.16,0.5,0.32,38.88,0.12,0.14,-0.06,-0.04,0.01,E,2020
177,i.kisitu,Nganion,0,0,0,1,Sassy Knights,23,1996,1.95,2.07,180.06,1.91,1.59,1.48,4.08,3.09,74.94,0.56,0.5,0.01,-0.07,-0.08,0.45,0.49,0.03,-0.03,-0.01,E,2020
178,m.sseguya,Nganion,0,0,0,1,Sassy Knights,35,1984,18.92,18.04,1583.05,17.65,1.27,1.4,2.82,1.56,58.79,0.38,0.57,0.31,0.22,27.73,0.25,0.08,0.05,-0.03,-0.03,E,2020
179,c.ismail,Nganion,0,0,0,1,Screaming Ramblers,22,1996,2.93,2.92,270.09,2.93,1.06,1.01,1.4,0.57,49.98,0.29,0.4,0.29,0.27,33.3,0.35,0.34,0.01,0.08,0.1,E,2020
180,f.dauda,Nganion,0,0,0,1,Screaming Ramblers,33,1986,9.09,7.96,790.06,8.74,2.13,2.21,5.82,3.94,68.66,0.18,0.15,0.6,0.3,24.98,0.43,0.34,0.01,0.08,-0.03,E,2020
181,m.ategeka,Nganion,0,0,0,1,Screaming Ramblers,27,1992,27.01,26.94,2357.98,26.19,1.44,1.47,3.61,2.38,68.59,0.32,0.33,0.57,0.23,22.11,0.41,0.39,0.14,-0.03,27.31,E,2020
182,c.musana,Nganion,0,0,0,1,Serious Magicians,22,1997,33.93,34.04,2991.0,33.26,0.89,0.9,3.19,2.25,76.72,0.37,0.26,0.33,0.43,35.38,0.28,0.11,-0.01,0.02,0.05,E,2020
183,r.hall,Nganion,0,0,0,1,Serious Magicians,31,1988,5.02,4.02,425.09,4.76,1.96,1.87,3.79,1.97,49.97,0.03,0.68,0.26,-0.09,-0.01,-0.04,0.05,0.02,0.03,,E,2020
184,o.nabunya,Byasier Pujan,0,0,0,1,Swift Bison,30,1989,24.03,24.09,2095.95,23.3,1.26,1.22,4.33,3.44,76.55,0.52,0.36,0.37,0.31,20.72,0.34,0.22,0.0,-0.07,25.02,E,2020
185,g.taruvinga,Nganion,0,0,0,1,Swift Bison,28,1990,14.94,13.95,1323.97,14.64,1.59,1.53,5.34,3.98,72.57,0.23,0.31,0.42,0.21,21.33,0.13,0.14,0.04,-0.05,-0.05,E,2020
186,k.darawshi,Nganion,0,0,0,1,Swift Marauders,29,1989,1.91,1.95,179.93,2.09,0.09,0.1,2.06,2.04,99.91,0.55,0.54,-0.05,1.09,100.05,0.01,0.09,0.05,-0.09,,E,2020
187,v.vincent,Nganion,0,0,0,1,Swift Marauders,37,1981,35.94,35.92,3232.03,35.81,1.57,1.68,4.18,2.76,65.9,0.03,0.16,0.59,0.16,11.08,0.18,0.07,0.12,-0.04,14.32,E,2020
188,k.jao,Nganion,0,0,0,1,Ultimate Penguins,29,1990,33.09,33.08,2886.97,32.19,1.51,1.46,3.7,2.4,68.58,0.36,0.35,0.43,0.21,15.12,0.38,0.28,0.05,0.05,0.02,E,2020
189,o.hamdan,Nganion,0,0,0,1,Ultimate Penguins,21,1998,6.08,5.08,531.02,5.83,1.99,1.96,4.42,2.28,53.72,0.2,-0.08,0.77,0.17,20.09,0.02,-0.06,0.03,-0.09,,E,2020
190,j.turyasingura,Rarita,0,0,0,1,Black Coyotes,36,1982,1.96,1.99,90.02,1.06,1.08,1.07,4.92,3.9,80.09,1.06,0.04,-0.02,0.03,0.09,0.97,0.05,0.99,-0.02,99.97,RFL,2020
191,a.khainza,Sobianitedrucy,0,0,0,1,Black Coyotes,20,1999,36.07,36.08,3200.96,35.57,1.2,1.2,3.74,2.68,71.61,0.51,0.31,0.35,0.44,33.36,0.24,0.04,0.05,-0.02,50.01,RFL,2020
192,h.peh,Unicorporated Tiagascar,0,0,0,1,Black Coyotes,32,1987,1.95,0.93,128.91,1.39,2.21,2.15,4.21,2.87,66.69,-0.02,-0.06,0.81,0.07,0.08,0.76,0.69,0.04,-0.03,0.09,RFL,2020
193,f.ithungu,Rarita,0,0,0,1,Educated Avengers,27,1992,38.02,37.93,3420.02,37.9,1.29,1.39,4.27,2.96,71.08,0.48,0.32,0.38,0.31,39.53,0.12,0.03,-0.06,0.0,20.0,RFL,2020
194,f.musa,Rarita,0,0,0,1,Golden Cadets,22,1997,16.9,16.97,1529.9,17.0,1.74,1.81,4.46,2.86,61.71,0.21,0.58,0.34,0.04,11.78,0.27,0.18,0.14,-0.1,33.3,RFL,2020
195,m.bahri,Rarita,0,0,0,1,Golden Cadets,24,1995,17.04,16.94,1529.97,17.0,2.12,2.04,5.52,3.64,63.11,0.32,0.24,0.55,0.08,11.83,0.22,0.13,0.03,0.06,50.08,RFL,2020
196,c.lovri,Rarita,0,0,0,1,Great Pandas,21,1997,11.07,10.94,990.07,11.03,1.69,1.69,3.15,2.04,61.79,0.13,0.35,0.55,0.03,9.11,0.36,0.38,0.0,-0.01,0.01,RFL,2020
197,k.hoe,Rarita,0,0,0,1,Great Pandas,35,1984,26.93,27.09,2429.1,27.03,1.26,1.17,3.67,2.56,67.73,0.18,0.34,0.31,0.31,29.69,0.13,0.04,0.0,-0.06,50.07,RFL,2020
198,b.ntege,Rarita,0,0,0,1,Mad Cardinals,25,1994,6.1,6.1,539.95,6.08,2.75,2.88,5.35,2.73,50.0,0.01,0.14,0.73,0.06,0.08,0.26,0.11,-0.03,0.05,-0.04,RFL,2020
199,v.longoli,Rarita,0,0,0,1,Mad Cardinals,25,1994,27.97,27.96,2520.09,28.01,2.04,2.12,5.3,3.41,63.3,0.12,0.29,0.62,0.2,17.83,0.07,0.03,0.11,-0.1,24.91,RFL,2020
200,t.kamugisha,Lefghau,0,0,0,1,Marvelous Coyotes,25,1993,35.08,35.0,3071.06,34.19,0.83,0.83,2.78,1.98,72.81,0.68,0.11,0.15,0.43,45.64,0.13,0.01,-0.08,0.06,-0.03,RFL,2020
201,y.draru,Rarita,0,0,0,1,Marvelous Coyotes,36,1983,4.01,2.94,347.06,3.99,1.88,1.81,3.81,2.14,53.3,0.6,0.0,0.22,0.2,33.22,-0.05,-0.04,0.05,-0.04,,RFL,2020
202,w.nasiru,Rarita,0,0,0,1,Stacked Rocks,32,1986,20.98,21.05,1806.91,20.01,1.02,1.14,4.59,3.64,79.61,0.55,0.29,0.29,0.33,28.69,0.2,0.1,0.05,-0.08,33.39,RFL,2020
203,i.lukwago,People's Land of Maneau,0,0,0,1,Walking Runners,36,1983,38.02,37.91,3419.9,38.01,1.62,1.59,4.29,2.88,66.25,0.25,0.33,0.43,0.32,23.64,0.23,0.26,-0.02,0.06,11.18,RFL,2020
204,e.miyazaki,Greri Landmoslands,0,0,0,1,Wild Hornets,31,1988,37.94,37.91,3419.96,38.09,1.14,1.1,3.09,2.16,67.4,0.34,0.32,0.25,0.38,34.18,0.01,0.12,0.15,-0.05,66.7,RFL,2020
205,s.kiconco,Nkasland Cronestan,0,0,0,1,Fanatical Outlaws,35,1985,34.97,34.94,3149.99,35.08,1.17,1.34,3.77,2.74,69.41,0.43,0.3,0.28,0.31,28.65,0.19,0.06,0.14,0.1,40.08,A,2021
206,r.chee,Southslands,0,0,0,1,Fanatical Outlaws,33,1987,2.92,3.07,270.04,3.05,0.9,1.1,3.01,2.01,66.67,0.66,0.05,0.28,0.39,33.22,0.08,0.1,-0.02,-0.05,,A,2021
207,z.marini,Central Republic of Boekrainego,0,0,0,1,Fighting Cougars,28,1992,10.91,11.06,989.93,11.02,1.73,1.78,2.8,1.37,49.99,0.25,0.4,0.53,0.14,18.15,0.41,0.37,-0.07,-0.08,-0.06,A,2021
208,p.robinson,Nganion,0,0,0,1,Fighting Cougars,22,1997,27.03,26.9,2430.07,26.92,1.07,0.94,3.3,2.26,71.38,0.3,0.32,0.42,0.42,37.03,0.03,0.08,0.07,0.09,-0.05,A,2021
209,a.soong,People's Land of Maneau,0,0,0,1,Great Galactic Gorgons,22,1998,38.05,38.06,3419.94,37.96,1.58,1.58,5.42,3.8,70.77,0.17,-0.02,0.68,0.14,13.15,0.14,0.16,-0.01,0.05,0.08,A,2021
210,g.mwebaze,Nganion,0,0,0,1,Green Fleet,29,1990,26.02,26.0,2295.07,25.49,1.22,1.24,3.42,2.3,67.13,0.38,0.45,0.2,0.42,34.56,0.21,0.07,0.06,0.01,0.06,A,2021
211,p.kabugo,People's Land of Maneau,0,0,0,1,Green Fleet,23,1997,13.04,12.03,1124.96,12.53,1.05,1.03,4.01,3.13,75.99,0.74,0.21,0.13,0.27,33.23,-0.01,0.01,0.07,0.05,,A,2021
212,e.wibowo,Coastpa Barleslands,0,0,0,1,Horrible Grizzlies,28,1992,31.07,30.95,2745.03,30.53,0.77,0.77,2.62,1.71,70.55,0.61,0.27,0.32,0.61,51.67,0.16,0.12,0.13,-0.08,33.26,A,2021
213,r.wanyama,Imaar Vircoand,0,0,0,1,Horrible Grizzlies,38,1981,1.01,1.05,90.09,1.05,3.09,3.0,3.04,0.09,0.03,-0.04,0.97,0.06,-0.07,0.0,0.05,0.09,0.05,0.03,,A,2021
214,j.nkrumah,Nganion,0,0,0,1,Horrible Grizzlies,25,1994,6.97,6.08,585.03,6.47,1.18,1.17,3.46,2.38,68.29,0.38,0.24,0.35,0.34,33.23,0.11,0.23,0.08,0.09,-0.08,A,2021
215,s.tamale,Imaar Vircoand,0,0,0,1,Horrible Storm,27,1992,37.97,37.91,3420.06,38.05,1.28,1.14,4.6,3.52,76.79,0.34,0.15,0.48,0.34,39.47,0.2,0.16,0.03,0.07,16.64,A,2021
216,y.acola,Rarita,0,0,0,1,Marvelous Patriots,33,1987,37.07,36.93,3330.0,36.96,1.48,1.46,4.87,3.47,71.05,0.51,0.34,0.23,0.16,18.8,0.08,0.13,-0.05,0.07,19.92,A,2021
217,z.marini,Central Republic of Boekrainego,0,0,0,1,Mighty Jays,28,1992,3.01,3.05,270.06,3.03,0.59,0.68,3.1,2.7,88.86,0.4,0.36,0.42,0.26,33.35,0.24,0.32,0.06,-0.01,0.01,A,2021
218,x.adikini,Cuandbo,0,0,0,1,Mighty Jays,25,1995,0.91,-0.05,15.94,0.1,-0.05,-0.02,10.03,10.07,100.0,-0.04,-0.1,-0.06,0.07,,0.07,-0.09,-0.09,-0.1,,A,2021
219,v.kumwenda,Esia,0,0,0,1,Mighty Jays,28,1992,34.99,35.05,3131.07,34.71,0.98,1.07,3.4,2.45,69.21,0.49,0.25,0.36,0.31,31.45,0.14,0.05,0.11,0.08,50.09,A,2021
220,u.nakazibwe,Lefghau,0,0,0,1,Old Mustangs,27,1992,32.92,32.98,2970.03,33.08,0.94,0.99,3.26,2.39,74.78,0.56,0.33,0.14,0.32,30.27,0.22,0.13,0.12,0.05,19.96,A,2021
221,f.walker,Nganion,0,0,0,1,Old Mustangs,33,1987,2.93,3.09,270.0,3.04,2.98,3.03,6.41,3.41,52.59,0.31,0.27,0.25,0.3,33.38,-0.04,-0.06,-0.04,0.01,,A,2021
222,p.tetteh,Southslands,0,0,0,1,Old Mustangs,21,1998,1.99,2.09,180.05,2.03,0.58,0.53,3.45,3.07,85.69,0.46,-0.09,0.53,0.58,50.1,-0.09,-0.07,0.04,-0.06,,A,2021
223,h.ochan,Greri Landmoslands,0,0,0,1,Punctual Rustlers,20,1999,1.08,-0.03,48.08,0.56,-0.08,-0.02,6.0,6.06,100.03,0.05,0.02,-0.08,-0.06,,0.01,0.01,0.09,0.02,,A,2021
224,x.neri,People's Land of Maneau,0,0,0,1,Punctual Rustlers,26,1994,31.01,30.93,2742.06,30.58,1.25,1.24,4.24,3.0,71.03,0.5,0.09,0.44,0.39,32.3,0.19,0.02,-0.04,0.07,0.1,A,2021
225,m.ngamita,Xikong,0,0,0,1,Punctual Rustlers,30,1990,7.04,6.9,629.97,6.93,1.37,1.34,3.93,2.59,70.33,0.26,0.47,0.23,0.38,28.51,0.12,0.17,0.04,0.03,-0.03,A,2021
226,q.musimenta,Nganion,0,0,0,1,Silver Heels,33,1987,36.96,36.91,3329.93,37.03,1.64,1.63,4.48,2.8,63.65,0.25,0.15,0.54,0.25,21.52,0.09,0.09,-0.06,0.03,25.0,A,2021
227,c.leroy,People's Land of Maneau,0,0,0,1,Silver Heels,27,1993,1.1,1.08,89.92,1.09,1.94,1.95,4.92,2.95,59.97,1.07,0.05,0.02,-0.09,0.07,0.07,0.08,-0.06,-0.04,,A,2021
228,s.zandamela,Mico,0,0,0,1,Solemn Cougars,33,1986,37.96,38.0,3420.02,38.1,1.31,1.42,3.56,2.3,65.68,0.45,0.2,0.25,0.31,28.91,0.04,0.16,-0.03,-0.05,0.04,A,2021
229,m.janssens,Ledian,0,0,0,1,Somber Bombers,31,1989,13.06,13.04,1170.03,13.03,1.39,1.44,4.53,3.28,69.55,0.39,0.46,0.29,0.13,23.08,0.14,0.07,0.06,0.09,0.0,A,2021
230,p.johansson,People's Land of Maneau,0,0,0,1,Somber Bombers,29,1990,25.0,24.98,2249.92,24.9,1.71,1.67,4.75,3.24,66.72,0.25,0.15,0.64,0.2,15.93,0.22,0.09,0.1,0.02,25.01,A,2021
231,f.ribeiro,People's Land of Maneau,0,0,0,1,Swift Musketeers,30,1989,30.08,30.01,2700.03,29.91,1.97,1.85,4.63,2.99,63.89,0.36,0.28,0.44,0.14,23.33,0.26,0.2,0.08,0.03,0.02,A,2021
232,s.aslan,People's Land of Maneau,0,0,0,1,Swift Musketeers,32,1988,8.03,7.98,720.05,8.0,1.28,1.33,3.49,2.4,67.89,0.48,0.02,0.43,0.32,24.93,0.36,0.33,0.14,-0.09,33.38,A,2021
233,y.draru,Rarita,0,0,0,1,Ultimate Penguins,37,1983,19.93,20.06,1799.96,20.01,1.27,1.25,3.5,2.38,69.6,0.47,0.31,0.27,0.29,34.92,0.3,0.27,-0.03,0.08,20.01,A,2021
234,n.kyohirwe,Dosqaly,0,0,0,1,Weak Tornadoes,27,1993,36.06,36.02,3239.99,36.02,1.42,1.26,4.41,3.23,73.15,0.09,0.38,0.49,0.33,25.01,0.09,0.18,0.01,-0.03,0.1,A,2021
235,e.bintiismail,Ledian,0,0,0,1,Weak Tornadoes,23,1996,1.92,2.0,180.08,2.03,2.5,2.56,4.06,2.1,50.09,0.06,0.04,1.02,0.09,-0.02,0.47,0.52,-0.06,-0.02,0.07,A,2021
236,y.kyosiimire,Nganion,0,0,0,1,Flawless Cows,26,1993,10.08,8.05,809.92,8.9,1.08,1.04,3.99,3.04,75.08,0.63,0.09,0.28,0.64,62.49,-0.09,0.04,-0.07,-0.07,,B,2021
237,x.driscoll,Nkasland Cronestan,0,0,0,1,Flawless Cows,20,1999,1.05,1.04,90.1,0.96,1.07,1.05,2.97,2.09,66.61,0.02,0.1,0.92,-0.1,-0.02,0.01,-0.08,-0.1,0.06,,B,2021
238,p.addae,South Sati Fatina,0,0,0,1,Flawless Cows,33,1986,29.03,29.04,2519.93,27.99,0.54,0.64,3.17,2.6,80.92,0.7,0.07,0.16,0.46,51.71,-0.03,0.13,-0.03,-0.1,50.02,B,2021
239,f.kimera,Dosqaly,0,0,0,1,Glistening Paladins,23,1997,35.08,35.05,3149.96,34.9,1.78,1.81,4.47,3.06,66.05,0.28,0.21,0.57,0.16,17.08,0.27,0.32,-0.04,0.11,11.1,B,2021
240,t.okello,Dosqaly,0,0,0,1,Glistening Paladins,22,1998,3.04,2.97,269.94,3.02,1.38,1.32,3.4,2.26,70.0,0.26,0.28,0.42,0.4,33.36,0.37,0.36,0.06,-0.08,-0.06,B,2021
241,v.bwambale,Dosqaly,0,0,0,1,Golden Rustlers,33,1987,37.98,38.1,3420.08,37.97,1.46,1.58,3.93,2.51,66.24,0.27,0.08,0.49,0.35,36.78,0.16,0.2,0.01,-0.05,12.49,B,2021
242,u.yamasaki,Coastpa Barleslands,0,0,0,1,Grotesque Rocks,23,1996,7.91,7.91,719.92,7.92,1.7,1.72,3.85,2.47,58.13,0.25,-0.03,0.8,0.25,25.05,0.13,0.2,-0.05,0.03,0.0,B,2021
243,s.bintiothman,Lylimi,0,0,0,1,Grotesque Rocks,37,1983,23.92,23.9,2159.96,24.04,1.19,1.3,3.8,2.6,69.15,0.24,0.34,0.36,0.39,33.32,0.19,0.2,-0.04,0.06,24.91,B,2021
244,t.bukar,Southern Ristan,0,0,0,1,Grotesque Rocks,28,1992,5.94,5.91,539.93,5.92,2.26,2.15,4.19,2.31,56.0,0.1,0.29,0.52,0.06,0.0,0.43,0.26,0.08,0.08,0.08,B,2021
245,a.lamunu,Dosqaly,0,0,0,1,Jumping Beans,20,1999,2.08,1.04,135.06,1.48,0.75,0.68,3.42,3.41,100.07,-0.05,0.01,0.67,-0.03,0.05,0.61,0.59,0.03,0.08,-0.05,B,2021
246,k.adero,Rosvi,0,0,0,1,Jumping Beans,24,1995,36.97,37.05,3285.09,36.58,1.3,1.41,4.34,3.01,71.27,0.17,0.32,0.42,0.21,26.94,0.19,0.03,0.11,0.01,33.39,B,2021
247,j.ogawa,Dosqaly,0,0,0,1,Mean Colts,34,1985,36.98,37.03,3312.96,36.86,1.31,1.49,3.46,2.42,67.98,0.39,0.27,0.36,0.15,21.55,0.31,0.37,0.0,-0.06,9.18,B,2021
248,a.chipeta,Zamlie Niabangthe,0,0,0,1,Mean Colts,22,1998,2.91,0.92,107.06,1.22,2.43,2.62,4.99,2.58,66.64,0.04,0.08,0.93,-0.07,0.09,0.9,0.74,0.04,0.03,0.09,B,2021
249,a.suboti,Dosqaly,0,0,0,1,Mean Poets,31,1989,14.91,15.02,1349.93,15.01,1.63,1.68,3.46,2.12,62.73,0.39,0.4,0.42,0.07,13.23,0.4,0.46,-0.04,0.03,-0.08,B,2021
250,t.bonabana,Dosqaly,0,0,0,1,Mean Poets,26,1994,23.1,23.04,2070.0,23.07,1.81,1.86,4.7,3.07,63.02,0.24,0.27,0.51,0.22,13.05,0.27,0.12,-0.06,-0.03,19.97,B,2021
251,e.wibowo,Coastpa Barleslands,0,0,0,1,Overconfident Kangaroos,28,1992,1.01,1.02,90.04,1.0,0.97,0.92,1.0,-0.09,0.05,0.08,1.02,-0.01,0.04,-0.1,0.09,0.01,0.06,0.05,,B,2021
252,v.arnold,Coastpa Barleslands,0,0,0,1,Overconfident Kangaroos,26,1993,22.06,22.09,1979.94,21.9,1.23,1.13,3.31,2.27,69.94,0.37,0.26,0.41,0.14,22.79,0.09,0.09,0.08,0.02,-0.01,B,2021
253,b.ochieng,Dosqaly,0,0,0,1,Overconfident Kangaroos,36,1984,14.9,14.91,1350.03,14.92,0.95,0.97,3.55,2.73,74.0,0.6,0.24,0.05,0.27,33.32,-0.02,-0.02,-0.03,-0.04,,B,2021
254,h.kamal,Dosqaly,0,0,0,1,Serious Thunderbirds,34,1986,28.92,28.92,2610.0,29.06,1.51,1.38,3.36,2.19,62.01,0.25,0.27,0.47,0.31,30.96,0.2,0.12,0.06,-0.03,-0.07,B,2021
255,i.sano,Dosqaly,0,0,0,1,Serious Thunderbirds,18,2001,1.04,1.03,89.91,1.03,3.96,3.9,4.07,0.0,-0.03,0.01,0.05,1.05,0.02,0.06,0.99,-0.07,0.01,1.04,,B,2021
256,j.lunkuse,People's Land of Maneau,0,0,0,1,Serious Thunderbirds,20,2000,8.03,7.91,719.93,8.03,1.0,1.04,3.01,2.21,75.08,0.59,0.18,0.41,0.28,37.5,0.57,0.15,0.06,0.12,33.4,B,2021
257,j.chukwu,Dosqaly,0,0,0,1,Simple Jayhawks,26,1994,4.95,3.9,361.05,3.97,2.52,2.59,4.95,3.22,65.02,-0.08,0.28,0.71,-0.06,-0.04,0.84,0.75,0.06,0.01,-0.03,B,2021
258,r.rizzi,Pierrema,0,0,0,1,Simple Jayhawks,32,1988,33.98,34.05,3058.05,34.0,1.06,1.2,3.47,2.53,74.37,0.25,0.27,0.44,0.25,23.48,0.3,0.23,0.01,0.06,10.04,B,2021
259,v.arnold,Coastpa Barleslands,0,0,0,1,Simple Privateers,26,1993,5.1,5.03,450.06,4.94,2.01,1.97,4.82,3.6,70.77,0.05,0.21,0.74,0.07,0.02,0.65,0.61,0.02,-0.04,-0.04,B,2021
260,z.lefevre,Quewenia,0,0,0,1,Simple Privateers,21,1998,21.04,21.06,1889.92,20.95,1.62,1.48,4.51,2.94,67.65,0.18,0.22,0.58,0.11,14.27,0.19,0.2,0.06,0.03,24.95,B,2021
261,y.goh,Tito Mia,0,0,0,1,Simple Privateers,26,1993,11.97,12.01,1080.07,12.05,2.51,2.41,5.23,2.97,54.62,0.15,0.24,0.71,0.3,24.98,0.28,0.15,0.17,0.16,50.07,B,2021
262,a.mbusa,Dosqaly,0,0,0,1,Solemn Leopards,35,1985,37.01,36.9,3330.03,37.06,1.29,1.31,3.48,2.37,66.75,0.42,0.22,0.16,0.28,21.62,0.14,0.03,0.01,-0.04,0.06,B,2021
263,n.tumwesigye,Dosqaly,0,0,0,1,Solemn Leopards,37,1982,0.91,1.01,89.92,0.95,2.06,2.08,5.09,2.04,59.98,0.01,-0.02,1.03,0.02,-0.01,-0.04,-0.1,-0.07,-0.09,,B,2021
264,i.kumari,Dosqaly,0,0,0,1,Somber Stallions,25,1995,37.93,37.93,3419.99,38.0,0.6,0.64,2.81,2.22,79.44,0.7,0.27,0.11,0.56,55.24,-0.05,-0.06,-0.01,-0.04,50.02,B,2021
265,o.burgos,Dosqaly,0,0,0,1,Supreme Janes,21,1999,37.95,37.99,3420.0,38.07,1.42,1.46,4.07,3.03,71.4,0.19,0.31,0.51,0.08,13.23,0.41,0.17,0.13,0.03,16.76,B,2021
266,q.permana,Dosqaly,0,0,0,1,Swift Rustlers,29,1991,28.0,28.0,2519.98,27.91,1.0,1.03,2.23,1.29,61.27,0.55,0.1,0.21,0.54,46.47,0.18,0.15,0.02,-0.02,0.1,B,2021
267,g.ahin,Nkasland Cronestan,0,0,0,1,Swift Rustlers,20,1999,1.04,0.93,90.08,1.04,0.97,0.91,2.05,1.02,50.02,0.94,-0.02,0.06,-0.03,0.01,0.04,0.0,0.04,-0.09,,B,2021
268,r.odur,Sobianitedrucy,0,0,0,1,Swift Rustlers,32,1988,8.9,8.94,810.1,9.09,1.55,1.52,3.42,1.99,59.96,0.59,0.21,0.35,0.26,22.21,0.26,0.16,0.04,-0.04,0.01,B,2021
269,f.carbone,Greri Landmoslands,0,0,0,1,Unaccountable Foxes,29,1990,37.95,38.05,3420.07,38.07,1.18,1.1,3.51,2.5,70.81,0.64,0.34,0.26,0.32,28.87,0.15,0.06,-0.01,-0.02,28.65,B,2021
270,l.dahl,Dosqaly,0,0,0,1,Unethical Comets,22,1998,8.94,7.0,744.96,8.34,1.38,1.37,4.84,3.56,75.01,0.57,0.24,0.1,0.45,42.95,0.04,0.15,-0.02,0.08,-0.09,B,2021
271,y.bintiomar,Quewenia,0,0,0,1,Unethical Comets,26,1994,31.0,31.03,2673.0,29.6,1.65,1.77,4.95,3.68,72.79,0.36,0.35,0.37,0.12,6.58,0.3,0.3,-0.07,0.04,0.0,B,2021
272,j.mercier,Dosqaly,0,0,0,1,Villainous Eagles,23,1997,37.93,37.92,3420.07,38.01,1.63,1.6,3.58,2.21,61.91,0.37,0.24,0.52,0.28,23.65,0.17,0.13,-0.06,-0.03,12.5,B,2021
273,c.vtols,Imaar Vircoand,0,0,0,1,Weak Blimps,27,1993,37.91,38.03,3420.1,38.08,1.47,1.4,4.39,3.14,72.42,0.3,0.28,0.4,0.21,23.76,0.22,0.13,0.08,0.0,0.02,B,2021
274,g.razak,Dosqaly,0,0,0,1,Wet Monarchs,29,1990,37.98,38.07,3419.91,37.94,1.95,1.93,5.1,3.39,66.07,0.24,0.17,0.58,0.14,21.1,0.2,0.1,0.08,-0.06,33.39,B,2021
275,g.prasetyo,Galamily,0,0,0,1,Awkward Trailblazers,28,1992,33.92,34.02,3060.08,34.05,1.64,1.71,4.31,2.95,64.79,0.19,0.32,0.53,0.22,17.58,0.19,0.03,0.12,-0.02,33.3,C,2021
276,a.mor,Esia,0,0,0,1,Blue Jaguars,35,1985,3.09,3.0,270.04,3.04,0.97,1.01,4.24,3.34,76.97,0.38,0.63,-0.01,-0.08,-0.02,-0.02,-0.09,0.01,-0.06,,C,2021
277,h.nakimera,Esia,0,0,0,1,Blue Jaguars,30,1990,31.06,31.08,2789.98,31.07,1.73,1.66,4.11,2.7,64.2,0.36,0.31,0.37,0.18,19.5,0.33,0.27,0.02,-0.05,24.96,C,2021
278,l.nalukenge,Esia,0,0,0,1,Fiery Governors,25,1994,31.09,30.98,2789.93,30.92,1.45,1.41,4.38,2.99,69.67,0.38,0.33,0.51,0.12,16.18,0.27,0.09,-0.08,0.01,-0.07,C,2021
279,q.ghoe,Esia,0,0,0,1,Fiery Governors,22,1998,3.08,3.05,269.98,3.04,3.26,3.31,6.67,3.62,54.96,0.31,0.06,0.58,-0.08,-0.06,0.41,0.32,0.09,0.04,-0.09,C,2021
280,i.agwang,Esia,0,0,0,1,Horrible Flames,27,1993,2.08,1.04,135.05,1.56,2.05,2.04,5.36,3.4,62.42,0.0,0.76,0.0,0.03,-0.06,-0.06,0.07,0.09,0.03,,C,2021
281,r.aguilar,Esia,0,0,0,1,Horrible Flames,21,1999,3.94,4.08,360.0,3.94,1.82,1.84,5.02,3.26,64.95,0.17,-0.09,0.69,0.22,24.99,-0.05,-0.09,-0.05,-0.03,,C,2021
282,m.krlievi,Leoneku Guidisia,0,0,0,1,Horrible Flames,30,1989,29.03,28.92,2564.99,28.41,0.95,1.0,2.93,1.86,65.93,0.5,0.24,0.29,0.35,27.55,0.01,0.02,0.07,0.07,49.92,C,2021
283,e.namakoye,Esia,0,0,0,1,Little Lollipops,32,1988,4.08,3.1,343.96,3.77,1.5,1.51,5.04,3.18,68.36,0.17,0.36,0.22,0.25,33.26,0.02,0.02,-0.09,-0.04,,C,2021
284,r.yiga,Quewenia,0,0,0,1,Little Lollipops,31,1988,31.06,31.03,2711.92,30.16,1.61,1.7,4.13,2.68,64.46,0.45,0.34,0.28,0.22,19.42,0.29,0.23,0.09,-0.02,0.0,C,2021
285,l.namuyanja,Byasier Pujan,0,0,0,1,Marvelous Anchors,27,1993,3.01,2.9,269.97,2.93,2.03,2.08,5.37,4.04,74.97,0.43,0.4,0.25,-0.09,-0.08,0.92,0.68,0.0,0.25,0.02,C,2021
286,e.kyomukama,Esia,0,0,0,1,Marvelous Anchors,22,1997,31.03,30.91,2789.97,31.08,1.49,1.53,4.87,3.51,71.19,0.32,0.17,0.38,0.15,19.31,0.13,0.09,0.07,0.05,33.27,C,2021
287,e.mapuranga,Nkasland Cronestan,0,0,0,1,Mean Trolls,32,1987,33.99,34.1,3059.97,33.91,1.6,1.52,5.01,3.56,71.4,0.35,0.18,0.51,0.15,20.63,0.29,0.19,-0.02,0.13,24.92,C,2021
288,b.fernandez,Esia,0,0,0,1,Punctual Archers,33,1987,30.99,31.05,2767.97,30.75,1.41,1.39,3.94,2.74,69.04,0.3,0.44,0.27,0.25,16.04,0.22,0.1,-0.03,-0.01,19.92,C,2021
289,w.mandizvidza,Esia,0,0,0,1,Punctual Archers,27,1993,3.95,3.09,292.06,3.23,0.23,0.33,1.49,1.54,80.02,0.4,0.64,0.09,0.69,66.73,-0.01,-0.04,-0.09,-0.09,,C,2021
290,k.tsui,Esia,0,0,0,1,Red Artichokes,27,1992,33.98,34.06,3060.09,34.08,1.57,1.49,4.9,3.43,71.7,0.32,0.17,0.43,0.31,32.46,0.11,0.22,0.02,-0.03,16.77,C,2021
291,f.nabunya,Quewenia,0,0,0,1,Serious Cyclones,29,1990,18.95,17.96,1664.97,18.44,1.62,1.64,4.87,3.43,70.7,0.53,0.2,0.32,0.12,22.16,0.32,0.22,0.03,0.08,0.0,C,2021
292,m.zhou,Quewenia,0,0,0,1,Serious Cyclones,32,1987,15.93,16.03,1394.97,15.51,1.06,1.0,2.7,1.77,66.67,0.66,0.15,0.22,0.53,43.82,0.1,0.12,0.09,0.0,0.0,C,2021
293,s.achen,Giumle Lizeibon,0,0,0,1,Silver Frogs,32,1987,2.1,2.09,180.07,1.92,2.03,2.06,7.07,4.45,71.4,-0.09,0.48,0.44,0.03,0.03,-0.01,-0.1,0.03,-0.05,,C,2021
294,l.msowoya,Southern Ristan,0,0,0,1,Silver Frogs,28,1992,32.03,31.96,2880.02,31.94,1.06,1.11,3.19,2.17,70.34,0.44,0.34,0.14,0.41,43.73,0.12,0.01,-0.04,0.0,40.03,C,2021
295,i.bitton,Esia,0,0,0,1,Spicy Gophers,27,1993,34.0,34.02,3008.97,33.43,1.85,1.67,4.41,2.87,65.3,0.22,0.3,0.42,0.13,14.76,0.27,0.26,-0.05,0.03,12.52,C,2021
296,p.galli,Esia,0,0,0,1,Spicy Gophers,31,1989,1.0,-0.03,50.99,0.65,1.71,1.72,3.41,3.41,100.09,-0.03,-0.06,-0.08,-0.1,,1.65,1.62,-0.05,0.06,0.1,C,2021
297,q.nakyeyune,Esia,0,0,0,1,Supreme Jaguars,31,1988,21.93,21.95,1876.04,20.89,2.43,2.43,6.68,4.47,66.12,0.15,0.13,0.79,0.05,13.56,0.26,0.24,0.06,0.09,25.0,C,2021
298,j.ojok,Giumle Lizeibon,0,0,0,1,Supreme Jaguars,35,1985,2.95,1.97,239.07,2.63,4.5,4.52,8.98,4.91,49.98,0.07,0.0,0.8,-0.03,0.07,-0.02,-0.07,0.06,0.0,,C,2021
299,u.ndagire,Mico,0,0,0,1,Supreme Jaguars,27,1992,10.92,9.94,944.95,10.56,2.19,2.37,6.05,4.47,68.74,-0.08,0.43,0.57,0.14,10.02,0.35,0.45,0.01,0.04,0.1,C,2021
300,b.harahap,Esia,0,0,0,1,Ultimate Dolphins,34,1986,33.02,33.01,2969.99,33.04,1.23,1.24,3.82,2.61,67.41,0.81,0.11,0.15,0.22,27.2,0.14,0.02,0.06,0.06,50.05,C,2021
301,s.feldman,Esia,0,0,0,1,Ultimate Dolphins,23,1996,1.09,1.02,90.04,0.94,1.96,2.01,3.93,1.94,49.92,0.01,1.02,0.04,-0.01,-0.02,-0.02,-0.04,-0.09,-0.07,,C,2021
302,i.nassiwa,Esia,0,0,0,1,Ultimate Longhorns,18,2002,0.92,1.07,90.07,1.08,1.07,1.04,6.08,5.05,83.22,0.93,0.05,-0.02,-0.08,-0.09,-0.05,-0.05,0.0,0.08,,C,2021
303,t.obong,Esia,0,0,0,1,Ultimate Longhorns,30,1990,32.95,33.08,2970.04,32.9,1.59,1.58,4.27,2.99,66.44,0.44,0.44,0.11,0.09,12.15,0.1,0.19,0.03,0.08,19.93,C,2021
304,e.kaddu,Esia,0,0,0,1,Weak Chargers,28,1992,26.01,25.99,2340.01,26.04,1.52,1.53,4.02,2.69,67.92,0.33,0.28,0.45,0.3,30.7,0.28,0.24,-0.01,-0.07,-0.09,C,2021
305,p.wan,Redohrainbri,0,0,0,1,Weak Chargers,35,1984,8.01,8.0,720.03,7.99,1.71,1.67,3.87,2.51,61.27,0.23,0.18,0.54,0.17,12.57,0.32,0.21,0.05,-0.05,50.08,C,2021
306,e.tushemereirwe,New Uwi,0,0,0,1,White Firebirds,30,1990,33.07,32.92,2969.96,32.91,0.96,0.81,2.43,1.47,64.82,0.5,0.28,0.17,0.45,45.42,0.0,0.17,0.05,0.04,-0.04,C,2021
307,g.aloyo,Nganion,0,0,0,1,White Firebirds,22,1998,1.07,1.02,90.07,1.0,1.92,1.99,3.95,1.92,49.98,-0.08,0.08,0.97,0.0,0.1,0.09,-0.05,-0.06,-0.09,,C,2021
308,b.koskinen,Esia,0,0,0,1,Wicked Gentlefolk,25,1995,0.92,0.94,90.1,0.91,0.96,1.09,9.04,8.06,88.98,0.93,-0.05,0.08,0.01,0.03,-0.06,-0.08,-0.06,-0.02,,C,2021
309,f.yaakv,Quewenia,0,0,0,1,Wicked Gentlefolk,22,1997,32.94,33.06,2970.06,32.95,1.69,1.66,4.74,3.09,68.35,0.38,0.33,0.34,0.1,15.27,0.19,0.19,0.02,0.09,28.63,C,2021
310,b.klc,Sobianitedrucy,0,0,0,1,Coy Catamarans,19,2001,0.95,0.93,90.03,1.05,0.08,0.04,0.95,1.07,100.01,0.09,1.0,-0.01,0.92,100.0,-0.09,0.04,0.07,-0.09,,D,2021
311,f.jansen,Sobianitedrucy,0,0,0,1,Coy Catamarans,28,1992,0.9,1.08,90.08,0.92,1.07,0.95,8.0,6.92,87.55,0.01,1.05,0.07,0.08,-0.07,-0.01,-0.09,0.05,0.01,,D,2021
312,k.kanyesigye,Sobianitedrucy,0,0,0,1,Coy Catamarans,37,1983,35.95,35.93,3240.09,35.97,2.5,2.45,5.56,3.24,57.56,0.25,0.09,0.67,0.04,5.55,0.05,0.11,-0.09,0.09,0.0,D,2021
313,l.foo,Sobianitedrucy,0,0,0,1,Coy Sunbirds,29,1991,2.04,2.08,180.08,2.03,3.52,3.41,4.43,1.56,33.26,-0.06,-0.03,0.91,-0.1,0.06,0.45,0.45,0.09,0.04,-0.07,D,2021
314,x.dahan,Sobianitedrucy,0,0,0,1,Coy Sunbirds,29,1991,35.95,36.06,3239.96,36.07,2.1,2.07,5.0,2.88,58.16,0.02,0.25,0.64,0.2,13.86,0.12,0.05,0.08,0.02,0.01,D,2021
315,n.busingye,Sobianitedrucy,0,0,0,1,Fighting Clippers,23,1997,21.91,22.02,1979.96,22.01,1.38,1.37,3.61,2.33,65.81,0.67,0.24,0.27,0.26,27.36,0.02,0.05,0.0,0.04,-0.01,D,2021
316,r.owere,Western Niasland,0,0,0,1,Fighting Clippers,31,1988,16.09,16.07,1439.98,15.92,0.79,0.74,2.45,1.8,76.81,0.65,0.0,0.35,0.47,50.01,0.2,0.28,0.04,-0.02,-0.03,D,2021
317,j.vasquez,Nkasland Cronestan,0,0,0,1,Fighting Wave,30,1990,30.07,30.09,2676.9,29.76,1.02,1.07,3.24,2.33,70.48,0.47,0.26,0.23,0.21,16.66,0.22,0.17,0.02,0.0,33.27,D,2021
318,a.amongin,Sobianitedrucy,0,0,0,1,Fighting Wave,30,1990,0.91,-0.06,23.04,0.34,3.29,3.99,6.57,3.31,49.96,-0.06,-0.06,0.06,-0.01,,-0.02,-0.01,0.09,0.02,,D,2021
319,n.tkachuk,Sobianitedrucy,0,0,0,1,Fighting Wave,42,1978,7.97,8.01,719.95,7.93,0.71,0.65,2.04,1.76,82.34,0.89,0.09,-0.03,0.34,37.6,0.43,0.26,0.15,0.06,33.29,D,2021
320,v.razak,Lefghau,0,0,0,1,Flying Bombadiers,36,1983,6.02,5.9,539.99,5.9,1.45,1.5,4.28,2.8,69.23,-0.02,0.77,0.15,0.24,16.8,0.14,0.12,-0.05,0.0,-0.07,D,2021
321,u.mvula,Nkasland Cronestan,0,0,0,1,Flying Bombadiers,29,1991,28.01,27.93,2520.04,28.07,1.62,1.71,5.08,3.58,71.21,0.39,0.08,0.48,0.22,14.23,0.2,0.22,0.03,0.08,28.53,D,2021
322,d.chiba,Sobianitedrucy,0,0,0,1,Flying Bombadiers,20,1999,3.93,4.0,360.08,4.06,2.42,2.4,4.48,2.32,50.08,0.08,0.25,0.79,0.08,0.01,0.35,0.17,0.06,0.07,-0.1,D,2021
323,q.martinez,Sobianitedrucy,0,0,0,1,Hideous Spartans,23,1996,3.95,3.99,360.09,4.09,1.42,1.55,5.19,3.73,71.49,0.78,0.01,0.32,0.26,24.96,0.02,0.06,-0.02,0.09,,D,2021
324,y.nanyondo,Sobianitedrucy,0,0,0,1,Hideous Spartans,26,1994,33.91,33.93,3060.05,33.92,1.49,1.63,5.17,3.62,72.9,0.21,0.36,0.45,0.26,17.56,0.24,0.14,0.05,0.01,-0.04,D,2021
325,a.kovaevi,Sobianitedrucy,0,0,0,1,Marvelous Heels,28,1992,15.08,12.97,1261.1,14.07,1.48,1.53,3.49,1.94,58.26,0.63,0.07,0.26,0.05,15.36,0.05,0.13,0.01,0.09,49.92,D,2021
326,h.okafor,Sobianitedrucy,0,0,0,1,Marvelous Heels,25,1995,24.9,25.03,2155.93,24.02,1.07,1.14,2.57,1.68,63.87,0.52,0.4,0.22,0.35,36.08,0.25,0.13,0.08,0.02,33.37,D,2021
327,k.huang,Sobianitedrucy,0,0,0,1,Marvelous Patriots,39,1981,0.95,0.97,89.91,0.92,-0.06,-0.04,1.05,1.0,100.08,-0.01,1.07,0.0,0.93,100.07,0.09,0.05,-0.04,0.04,,D,2021
328,y.larsen,Imaar Vircoand,0,0,0,1,Mean Wolves,26,1994,35.07,35.07,3146.92,35.08,1.55,1.48,4.07,2.82,72.99,0.25,0.25,0.54,0.2,22.96,0.36,0.4,-0.03,0.04,-0.04,D,2021
329,g.oluka,Lefghau,0,0,0,1,Mean Wolves,32,1988,1.95,1.98,180.06,1.94,2.45,2.59,3.52,1.09,28.64,0.47,0.09,0.53,-0.03,-0.01,-0.05,-0.07,0.1,-0.05,,D,2021
330,b.awio,Sobianitedrucy,0,0,0,1,Mean Wolves,18,2002,1.01,-0.04,3.08,-0.01,0.02,-0.07,0.05,0.05,,-0.03,0.0,-0.02,0.06,,-0.02,0.06,-0.04,-0.06,,D,2021
331,k.jarvinen,Sobianitedrucy,0,0,0,1,Mean Wolves,24,1996,1.08,0.93,89.99,0.99,2.01,2.05,3.09,1.92,66.78,0.04,-0.07,0.92,0.02,-0.07,0.93,1.09,0.03,-0.02,-0.04,D,2021
332,h.saeed,Manlisgamncent,0,0,0,1,Mighty Monkeys,23,1997,0.92,1.09,90.1,0.95,0.05,0.08,1.01,1.03,100.07,1.05,0.02,-0.07,1.1,100.03,0.0,0.03,-0.01,-0.01,,D,2021
333,c.hamed,Sobianitedrucy,0,0,0,1,Mighty Monkeys,23,1997,37.07,37.09,3330.0,36.96,1.56,1.44,4.46,3.21,71.5,0.44,0.21,0.36,0.14,16.13,0.18,0.15,0.1,-0.07,22.13,D,2021
334,d.kateregga,Manlisgamncent,0,0,0,1,Red Rangers,20,2000,4.05,4.09,332.02,3.74,1.54,1.72,3.43,1.81,53.74,0.07,0.8,0.2,-0.01,-0.04,0.02,-0.1,0.0,0.08,,D,2021
335,g.daud,Sobianitedrucy,0,0,0,1,Red Rangers,29,1991,1.05,0.06,27.98,0.26,0.1,-0.09,3.38,3.29,100.03,0.07,-0.09,-0.09,-0.02,,-0.1,-0.04,0.02,0.06,,D,2021
336,v.ssali,Sobianitedrucy,0,0,0,1,Red Rangers,29,1991,33.95,34.02,3059.9,34.05,1.31,1.32,3.66,2.53,71.26,0.3,0.27,0.39,0.12,20.66,0.19,0.22,-0.06,0.02,-0.05,D,2021
337,h.tuhaise,Lefghau,0,0,0,1,Remarkable Flames,23,1997,4.99,5.08,450.03,5.02,1.42,1.47,5.15,3.73,73.16,0.43,0.17,0.33,0.32,39.97,-0.06,-0.06,-0.05,-0.06,,D,2021
338,p.solanki,Nganion,0,0,0,1,Remarkable Flames,25,1994,20.92,19.95,1817.01,20.26,1.52,1.45,3.92,2.97,67.99,0.41,0.12,0.29,0.23,19.9,0.18,0.13,0.01,0.06,0.02,D,2021
339,g.boadi,Sobianitedrucy,0,0,0,1,Remarkable Flames,37,1983,13.0,13.01,1152.96,12.74,1.44,1.4,4.23,2.86,68.59,0.45,0.14,0.32,0.4,38.5,0.18,0.08,-0.02,-0.01,33.23,D,2021
340,w.lotfi,Moaithe,0,0,0,1,Serious Ranchers,25,1995,9.03,9.09,809.97,8.94,1.61,1.64,4.04,2.67,67.62,0.35,0.31,0.53,0.27,33.23,0.31,0.2,0.09,-0.1,-0.02,D,2021
341,j.turyasingura,Nganion,0,0,0,1,Serious Ranchers,37,1982,28.91,28.91,2610.0,28.94,1.36,1.37,3.78,2.57,69.12,0.63,0.07,0.29,0.35,30.98,0.31,0.29,0.09,0.0,0.04,D,2021
342,a.white,Sobianitedrucy,0,0,0,1,Spicy Pointers,27,1992,2.91,2.01,206.06,2.31,1.29,1.38,5.27,3.55,75.07,0.42,-0.03,0.37,0.41,50.0,-0.01,-0.02,0.02,0.07,,D,2021
343,l.namaganda,Sobianitedrucy,0,0,0,1,Spicy Pointers,27,1992,32.06,31.96,2878.94,32.03,1.45,1.46,4.79,3.56,75.49,0.22,0.43,0.42,0.27,25.07,0.3,0.15,0.04,0.03,-0.04,D,2021
344,r.martin,Sobianitedrucy,0,0,0,1,Spicy Pointers,37,1983,3.94,4.07,333.93,3.7,3.04,2.87,5.13,2.15,42.15,-0.02,0.35,0.91,-0.02,0.02,0.02,-0.07,0.0,0.04,,D,2021
345,g.caputo,Nkasland Cronestan,0,0,0,1,Strange Pioneers,22,1997,35.96,36.02,3148.0,34.9,1.47,1.5,3.65,2.26,63.36,0.36,0.27,0.45,0.32,22.14,0.2,0.23,0.13,-0.08,20.07,D,2021
346,d.sorrentino,Sobianitedrucy,0,0,0,1,Strange Pioneers,30,1990,4.0,2.03,271.93,3.03,1.43,1.32,3.27,2.43,59.97,0.08,0.33,0.34,0.61,99.95,0.34,-0.09,0.42,0.0,99.95,D,2021
347,e.binmohamed,Cabral Retrea,0,0,0,1,Sugar Bengals,23,1997,1.92,0.99,134.9,1.6,0.74,0.64,4.07,3.43,83.38,0.76,-0.08,-0.04,0.08,0.01,0.0,-0.01,0.04,0.09,,D,2021
348,j.koval,Saintu,0,0,0,1,Sugar Bengals,36,1984,37.09,36.95,3240.0,36.1,0.82,1.0,2.96,2.15,72.35,0.77,0.23,0.02,0.3,37.86,0.1,0.12,0.01,0.06,33.27,D,2021
349,a.berkowitz,Sobianitedrucy,0,0,0,1,Sugar Bengals,34,1985,0.96,0.07,45.05,0.46,2.06,2.05,2.02,1.93,99.91,0.04,-0.01,-0.02,0.01,,1.95,2.02,0.02,0.05,0.1,D,2021
350,m.nyamahunge,Loco Phirema,0,0,0,1,Wet Flames,32,1988,1.1,1.02,90.02,1.05,0.96,0.96,3.02,1.95,66.63,-0.01,1.07,-0.07,-0.05,-0.08,0.08,-0.04,-0.03,-0.07,,D,2021
351,a.whang,Rosvi,0,0,0,1,Wet Flames,23,1997,4.94,5.08,449.95,4.94,1.19,1.2,3.73,2.77,73.69,0.48,0.48,0.1,0.29,20.01,0.18,0.11,-0.08,-0.08,0.02,D,2021
352,v.guillaume,Sobianitedrucy,0,0,0,1,Wet Flames,33,1987,32.08,31.98,2880.02,31.91,1.93,2.02,4.1,2.25,58.08,0.06,0.39,0.41,0.21,21.89,0.2,0.34,-0.03,-0.05,0.07,D,2021
353,x.arnaud,Imaar Vircoand,0,0,0,1,Big Foxes,27,1993,31.94,31.93,2879.91,32.07,1.45,1.44,3.64,2.45,68.61,0.39,0.38,0.33,0.29,28.04,0.23,0.2,-0.03,0.1,11.06,E,2021
354,g.chandiga,Nganion,0,0,0,1,Big Foxes,41,1979,2.05,1.94,179.92,1.91,1.45,1.42,2.9,1.44,50.09,0.43,-0.04,0.59,0.59,50.01,0.1,0.03,0.04,0.0,,E,2021
355,i.friedrich,Nganion,0,0,0,1,Big Foxes,26,1994,4.02,3.95,359.94,4.04,2.46,2.56,3.78,1.49,40.06,-0.06,0.2,0.82,0.05,-0.08,0.21,0.32,-0.05,-0.03,-0.1,E,2021
356,k.kravchenko,Greri Landmoslands,0,0,0,1,Deferred Dolphins,26,1994,31.91,32.04,2880.03,32.06,1.78,1.79,4.0,2.38,61.17,0.3,0.11,0.53,0.3,25.06,0.24,0.17,0.09,0.13,44.34,E,2021
357,e.kantono,Nganion,0,0,0,1,Deferred Dolphins,18,2002,1.02,0.91,90.02,0.91,1.91,2.0,6.91,6.0,85.63,-0.03,0.04,0.94,0.01,-0.05,2.05,0.9,1.07,-0.07,50.01,E,2021
358,q.konig,Nganion,0,0,0,1,Deferred Dolphins,24,1995,4.98,4.93,450.01,5.05,1.67,1.63,4.79,3.28,66.76,0.1,0.14,0.5,0.3,19.92,0.09,-0.06,-0.04,0.08,,E,2021
359,c.shevchenko,Nganion,0,0,0,1,Delta Colts,31,1989,25.06,25.01,2249.9,24.94,1.55,1.54,4.55,3.02,67.9,0.24,0.36,0.45,0.03,8.0,0.2,0.2,0.09,-0.03,-0.05,E,2021
360,f.dauda,Nganion,0,0,0,1,Delta Colts,34,1986,13.01,12.95,1169.92,12.93,1.33,1.34,3.4,2.16,65.04,0.02,0.49,0.47,0.17,7.64,0.21,0.21,-0.04,0.09,-0.09,E,2021
361,w.abeja,Esia,0,0,0,1,Festive Governors,28,1992,30.99,30.9,2789.92,31.06,1.09,1.01,3.23,2.41,71.56,0.73,0.08,0.17,0.34,35.56,0.02,0.02,-0.02,-0.04,-0.02,E,2021
362,g.kyobutungi,Lefghau,0,0,0,1,Festive Governors,31,1989,7.03,7.09,630.06,6.94,0.79,0.84,3.08,2.39,81.03,0.4,0.38,0.25,0.46,42.98,0.35,0.22,-0.04,-0.05,0.01,E,2021
363,b.brandt,Nganion,0,0,0,1,Flying Penguins,27,1993,28.03,28.09,2520.01,28.04,1.14,1.18,2.77,1.78,66.61,0.25,0.25,0.41,0.43,35.79,0.25,0.11,0.13,-0.03,14.3,E,2021
364,v.awio,Nganion,0,0,0,1,Flying Penguins,26,1993,9.99,9.94,900.03,10.01,1.26,1.18,2.99,1.97,63.39,0.37,0.25,0.4,0.4,39.92,0.09,0.13,-0.1,-0.02,0.06,E,2021
365,f.degroot,Nganion,0,0,0,1,Hideous Spiders,22,1998,21.95,22.08,1979.98,21.99,1.46,1.42,4.14,2.78,67.46,0.2,0.2,0.6,0.28,22.68,0.08,0.16,0.08,0.07,-0.09,E,2021
366,j.martin,Nganion,0,0,0,1,Hideous Spiders,33,1986,16.05,15.93,1440.02,16.06,1.37,1.23,3.03,1.99,64.08,0.04,0.54,0.37,0.21,24.99,0.28,0.18,0.06,-0.04,-0.07,E,2021
367,i.ajiko,Nganion,0,0,0,1,Horrible Bison,25,1995,37.94,37.97,3420.08,37.99,1.02,0.92,2.7,1.83,65.08,0.46,0.33,0.21,0.29,36.73,0.07,0.14,-0.01,0.01,25.03,E,2021
368,e.lungu,Nganion,0,0,0,1,Mad Bees,23,1997,7.98,8.04,719.95,8.09,1.39,1.3,5.03,3.19,73.29,0.04,0.4,0.56,0.19,12.53,0.13,0.08,-0.06,0.23,,E,2021
369,k.nkhoma,Nganion,0,0,0,1,Mad Bees,24,1995,1.06,0.99,90.09,0.96,2.06,2.04,4.05,2.03,50.04,-0.06,-0.01,0.92,-0.07,0.01,-0.08,-0.05,-0.02,-0.04,,E,2021
370,r.martino,Nganion,0,0,0,1,Mad Bees,29,1991,28.98,28.97,2609.92,29.1,1.42,1.47,4.1,2.71,65.38,0.3,0.46,0.3,0.11,10.27,0.13,0.13,-0.05,0.03,0.06,E,2021
371,y.ruggiero,Southern Ristan,0,0,0,1,Mad Kingsmen,28,1992,37.98,38.1,3420.09,37.9,0.7,0.73,2.87,2.43,81.11,0.72,0.26,0.08,0.42,44.78,0.25,0.26,-0.02,-0.03,22.18,E,2021
372,l.sakurai,Nganion,0,0,0,1,Orange Giants,31,1988,3.93,2.91,300.05,3.36,0.82,0.98,1.62,0.7,39.9,-0.02,0.23,0.62,0.08,0.01,0.06,0.05,-0.08,0.05,,E,2021
373,m.murmu,Rosvi,0,0,0,1,Orange Giants,28,1992,34.97,34.9,3119.94,34.7,1.47,1.44,3.73,2.31,64.13,0.07,0.25,0.53,0.28,25.61,0.15,0.02,-0.07,0.03,24.99,E,2021
374,f.krklis,Imaar Vircoand,0,0,0,1,Plane Janes,28,1992,2.0,2.04,179.99,2.07,2.0,1.99,3.93,2.04,50.06,0.02,0.09,1.09,0.02,0.08,-0.04,0.05,-0.09,-0.03,,E,2021
375,g.leung,Nganion,0,0,0,1,Plane Janes,31,1989,36.09,36.1,3239.99,36.05,1.23,1.08,3.1,2.38,70.15,0.43,0.4,0.27,0.28,27.74,0.17,0.22,0.13,0.1,12.54,E,2021
376,s.nuwagira,Saintu,0,0,0,1,Polar Kangaroos,27,1993,37.92,37.99,3419.94,38.08,0.71,0.62,3.2,2.58,80.02,0.62,0.29,0.16,0.42,47.35,0.12,0.01,-0.01,0.08,66.79,E,2021
377,l.antwi,Nganion,0,0,0,1,Punctual Leopards,23,1997,21.1,19.07,1780.95,19.88,1.61,1.62,3.56,2.32,66.64,0.25,0.34,0.27,0.34,26.38,0.36,0.23,0.06,0.1,14.35,E,2021
378,z.fabre,Nganion,0,0,0,1,Punctual Leopards,25,1995,18.94,19.02,1636.97,18.17,1.41,1.53,3.27,1.77,56.7,0.41,0.26,0.38,0.23,21.11,0.12,0.01,0.09,0.02,-0.02,E,2021
379,w.kong,Imaar Vircoand,0,0,0,1,Rabid Greyhounds,28,1992,8.04,7.91,719.97,7.95,1.09,1.07,2.71,1.8,61.92,0.48,0.08,0.56,0.17,25.03,0.09,0.1,0.07,0.08,-0.03,E,2021
380,x.hosseinzadeh,Nganion,0,0,0,1,Rabid Greyhounds,28,1992,29.9,30.02,2700.05,30.01,1.63,1.55,4.5,3.02,69.57,0.11,0.32,0.44,0.13,16.73,0.31,0.25,0.17,0.01,37.51,E,2021
381,n.mucunguzi,Biarizea,0,0,0,1,Running Bigfoots,29,1991,32.97,33.0,2969.94,32.97,0.79,0.81,3.08,2.42,76.0,0.6,0.08,0.13,0.35,45.57,0.12,0.09,0.04,0.1,33.36,E,2021
382,u.nishimura,Galamily,0,0,0,1,Running Bigfoots,31,1989,4.92,5.03,449.9,4.99,1.01,1.05,2.75,1.81,64.37,0.67,-0.06,0.48,0.48,40.03,-0.02,0.0,-0.06,0.08,,E,2021
383,g.alali,Nganion,0,0,0,1,Sassy Knights,27,1993,33.03,31.94,2958.02,32.84,1.27,1.28,3.71,2.74,70.7,0.24,0.32,0.43,0.22,31.33,0.16,0.14,0.09,-0.02,42.87,E,2021
384,i.kisitu,Nganion,0,0,0,1,Sassy Knights,24,1996,2.99,3.1,270.07,2.95,1.06,1.01,2.29,1.3,71.32,0.34,0.26,0.3,0.37,33.23,0.28,0.23,0.08,0.07,-0.08,E,2021
385,m.sseguya,Nganion,0,1,0,1,Sassy Knights,36,1984,3.01,3.04,187.03,2.16,2.34,2.4,4.38,1.47,44.35,-0.08,1.0,0.53,0.07,0.07,0.06,-0.06,0.08,0.05,,E,2021
386,c.ismail,Nganion,0,0,0,1,Screaming Ramblers,23,1996,0.94,1.05,70.93,0.83,0.09,0.05,1.2,1.2,100.02,-0.09,0.06,1.35,-0.08,0.1,-0.09,-0.08,-0.07,0.09,,E,2021
387,m.ategeka,Nganion,0,0,0,1,Screaming Ramblers,28,1992,37.95,36.94,3349.03,37.28,1.49,1.55,3.82,2.24,62.05,0.3,0.23,0.5,0.22,24.34,-0.01,0.06,-0.06,0.09,-0.09,E,2021
388,c.musana,Nganion,0,0,0,1,Serious Magicians,23,1997,36.97,36.98,3329.93,37.0,1.0,1.17,2.88,1.8,66.33,0.26,0.28,0.32,0.32,24.32,0.19,0.12,-0.04,0.04,16.65,E,2021
389,o.herrmann,Nganion,0,0,0,1,Serious Magicians,23,1996,0.98,0.97,89.98,0.93,1.97,1.94,3.09,1.1,33.36,0.0,-0.07,1.03,-0.04,-0.09,0.0,0.0,-0.04,-0.06,,E,2021
390,o.nabunya,Byasier Pujan,0,0,0,1,Swift Bison,31,1989,10.09,10.09,899.9,10.09,1.09,1.13,4.49,3.21,77.88,0.51,0.1,0.44,0.32,30.05,0.13,0.12,0.19,-0.06,50.07,E,2021
391,g.taruvinga,Nganion,0,0,0,1,Swift Bison,29,1990,27.95,28.05,2520.05,27.99,1.54,1.41,4.44,3.03,69.37,0.22,0.34,0.41,0.15,14.23,0.23,0.24,0.15,-0.02,33.31,E,2021
392,k.jao,Nganion,0,0,0,1,Ultimate Penguins,30,1990,18.01,17.98,1620.07,18.09,1.41,1.37,3.01,1.98,62.43,0.52,0.16,0.34,0.39,33.25,0.21,0.32,0.09,-0.09,19.99,E,2021
393,o.noor,Cabral Retrea,0,0,0,1,Black Coyotes,34,1986,0.94,0.91,89.99,1.08,3.03,2.92,5.97,4.08,66.78,0.07,0.91,0.04,0.0,-0.02,1.05,0.93,0.01,0.04,0.08,RFL,2021
394,a.khainza,Sobianitedrucy,0,0,0,1,Black Coyotes,21,1999,36.98,37.07,3329.91,36.91,0.94,1.12,3.34,2.42,71.25,0.57,0.13,0.1,0.35,37.71,0.2,0.11,0.09,0.12,33.36,RFL,2021
395,y.tsua,Highhlaands,0,0,0,1,Educated Avengers,23,1996,3.97,3.97,360.05,3.96,3.52,3.56,6.34,2.75,43.94,-0.09,-0.09,1.03,0.05,0.09,0.08,0.06,0.05,0.08,,RFL,2021
396,f.ithungu,Rarita,0,0,0,1,Educated Avengers,28,1992,31.91,31.97,2879.98,31.98,1.21,1.2,4.67,3.52,76.93,0.25,0.26,0.39,0.35,34.49,0.06,0.04,0.01,0.04,0.09,RFL,2021
397,s.marchetti,Rarita,0,0,0,1,Educated Avengers,26,1993,1.97,2.04,179.91,1.99,1.98,2.04,3.04,1.1,33.28,0.05,-0.1,0.91,0.02,-0.08,0.08,0.04,-0.04,-0.06,,RFL,2021
398,l.werner,People's Land of Maneau,0,0,0,1,Mad Wolverines,27,1993,36.93,37.0,3329.98,37.01,2.08,2.04,6.19,4.4,70.66,0.13,0.37,0.57,0.13,16.16,0.36,0.1,0.12,0.06,22.18,RFL,2021
399,x.tumushabe,Rarita,0,0,0,1,Mad Wolverines,31,1989,1.05,0.99,90.0,0.97,1.93,1.92,7.06,4.97,71.3,0.98,-0.07,-0.09,-0.02,0.04,0.04,0.0,0.03,0.06,,RFL,2021
400,t.kamugisha,Lefghau,0,0,0,1,Marvelous Coyotes,26,1993,35.92,35.96,3239.97,35.91,0.74,0.71,2.27,1.69,75.05,0.76,0.1,0.14,0.48,52.72,0.32,0.17,0.11,-0.08,12.54,RFL,2021
401,c.baba,People's Land of Maneau,0,0,0,1,Marvelous Coyotes,34,1985,1.03,0.99,90.05,1.09,3.05,2.92,2.95,0.99,33.28,1.01,0.08,-0.02,-0.04,0.0,2.05,0.94,1.09,0.04,50.05,RFL,2021
402,m.bahri,Slandsganiamayotteque,0,0,0,1,Marvelous Coyotes,25,1995,0.92,1.09,90.06,1.01,1.04,0.99,2.06,1.0,50.09,0.99,0.01,0.06,0.04,-0.03,-0.01,0.06,0.07,0.09,,RFL,2021
403,a.omar,Rarita,0,0,0,1,Red Anchormen,33,1986,2.98,3.04,270.05,3.08,0.75,0.58,3.97,3.3,83.39,0.76,0.01,0.3,0.26,33.22,0.08,0.03,-0.04,-0.05,,RFL,2021
404,f.akumu,Rarita,0,0,0,1,Red Anchormen,20,2000,35.09,35.07,3149.98,34.98,1.42,1.53,5.13,3.81,75.08,0.54,0.22,0.41,0.3,31.34,0.26,0.21,0.09,-0.02,11.01,RFL,2021
405,b.ampofo,Rarita,0,0,0,1,Serious Buffaloes,32,1988,0.92,1.06,90.06,1.03,0.95,1.06,4.94,3.99,79.97,-0.09,0.94,-0.08,-0.03,0.01,-0.05,0.04,-0.09,-0.05,,RFL,2021
406,n.irawan,Rarita,0,0,0,1,Serious Buffaloes,24,1996,36.93,37.05,3329.92,36.99,1.91,2.04,4.58,2.83,58.88,0.25,0.34,0.42,0.09,18.82,0.08,0.15,-0.03,0.09,20.05,RFL,2021
407,w.nasiru,Rarita,0,0,0,1,Stacked Rocks,33,1986,37.95,37.91,3419.94,37.94,1.14,1.21,3.69,2.96,75.73,0.53,0.2,0.27,0.33,31.68,0.19,0.22,0.07,0.04,0.06,RFL,2021
408,g.leitner,Rarita,0,0,0,1,Strong Oaks,26,1994,28.91,29.09,2610.0,29.04,1.93,1.98,4.24,2.51,60.55,0.24,0.31,0.43,0.14,13.72,0.33,0.25,-0.04,-0.02,14.34,RFL,2021
409,u.nyeko,Rarita,0,0,0,1,Strong Oaks,29,1991,6.97,7.06,603.03,6.65,1.73,1.84,3.9,2.57,65.37,0.36,0.21,0.38,0.1,14.24,0.39,0.48,-0.1,0.0,0.02,RFL,2021
410,z.nyamahunge,Rarita,0,0,0,1,Strong Oaks,38,1982,2.96,1.98,207.09,2.29,2.24,2.15,8.19,5.99,73.79,0.08,0.4,0.52,0.39,50.0,0.03,-0.04,0.07,-0.09,,RFL,2021
411,e.miyazaki,Greri Landmoslands,0,0,0,1,Wild Hornets,32,1988,37.05,37.03,3329.09,37.06,1.47,1.36,3.87,2.67,68.56,0.31,0.32,0.33,0.3,27.05,0.15,0.29,-0.05,0.03,12.55,RFL,2021
412,m.asiimwe,Rarita,0,0,0,1,Wild Hornets,33,1986,1.99,0.98,90.94,1.09,0.9,0.94,4.05,2.98,75.07,-0.01,0.06,0.93,-0.01,-0.03,0.0,0.01,0.04,-0.04,,RFL,2021
