"","Player","Nation","Squad","Age","Born","Playing.Time.Min","Playing.Time.90s","Performance.GA","Performance.GA90","Performance.SoTA","Performance.Saves","Performance.Save.","W","D","L","Performance.CS","Performance.CS.","Performance.PKatt","Penalty.Kicks.PKA","Penalty.Kicks.PKsv","Penalty.Kicks.PKm","Penalty.Kicks.Save.","League","Year","mv0","mv1","mv2","mv3","mv4","mv5","mv6","mv7","mv8","mv9"
"1","s.kiconco","Nkasland Cronestan","Fanatical Outlaws",35,1985,3149.99,35.08,1.17,1.34,3.77,2.74,1,0.43,0.3,0.28,0.31,1,0.19,0.06,0.14,0.1,1,"A",2021,2555634.63489284,2253094.52484833,1979332.10479176,1732672.71125287,1511377.70633025,1313675.49250664,1137789.16518891,981960.683329641,844471.534363617,723659.953680547
"2","r.chee","Southslands","Fanatical Outlaws",33,1987,270.04,3.05,0.9,1.1,3.01,2.01,1,0.66,0.05,0.28,0.39,1,0.08,0.1,0,0,0,"A",2021,2790274.13602845,2477480.81978414,2191958.55399165,1932470.99928278,1697665.96486532,1486107.09795686,1296303.17513746,1126734.70364432,975877.638854832,842224.115341176
"3","z.marini","Central Republic of Boekrainego","Fighting Cougars",28,1992,989.93,11.02,1.73,1.78,2.8,1.37,1,0.25,0.4,0.53,0.14,1,0.41,0.37,0,0,0,"A",2021,2894672.55369834,2616193.25645543,2356127.61919839,2114396.38861906,1890743.50084757,1684757.63783328,1495894.14166229,1323496.8091371,1166819.14292732,1025044.69502322
"4","p.robinson","Nganion","Fighting Cougars",22,1997,2430.07,26.92,1.07,0.94,3.3,2.26,1,0.3,0.32,0.42,0.42,1,0.03,0.08,0.07,0.09,0,"A",2021,7760243.1688856,7164634.66679728,6591304.56835252,6042370.05335578,5519527.0813418,5024062.43190561,4556871.65051507,4118482.02567122,3709079.68129357,3328539.85468565
"5","a.soong","People's Land of Maneau","Great Galactic Gorgons",22,1998,3419.94,37.96,1.58,1.58,5.42,3.8,1,0.17,0,0.68,0.14,1,0.14,0.16,0,0.05,0.08,"A",2021,6288208.72906193,5805580.73655881,5341005.17478656,4896197.61737318,4472532.31861952,4071051.96990854,3692482.24139072,3337250.40062494,3005507.26583041,2697151.74044869
"6","g.mwebaze","Nganion","Green Fleet",29,1990,2295.07,25.49,1.22,1.24,3.42,2.3,1,0.38,0.45,0.2,0.42,1,0.21,0.07,0.06,0.01,0.06,"A",2021,3873881.14657345,3488793.62807468,3130854.45276008,2799684.4586563,2494674.59395202,2215018.36622977,1959744.11439803,1727746.47595081,1517816.51017081,1328670.03040842
"7","p.kabugo","People's Land of Maneau","Green Fleet",23,1997,1124.96,12.53,1.05,1.03,4.01,3.13,1,0.74,0.21,0.13,0.27,1,0,0.01,0.07,0.05,0,"A",2021,8548019.48047109,7863987.83361575,7209062.19596385,6585265.99171151,5994134.45853055,5436736.05845162,4913699.89157379,4425248.01958811,3971231.58996969,3551169.66691365
"8","e.wibowo","Coastpa Barleslands","Horrible Grizzlies",28,1992,2745.03,30.53,0.77,0.77,2.62,1.71,1,0.61,0.27,0.32,0.61,1,0.16,0.12,0.13,0,1,"A",2021,5377626.87414841,4860277.25170696,4377135.91740676,3928055.6370747,3512560.7037275,3129886.98430282,2779022.63135308,2458748.57229431,2167677.98909066,1904294.11164914
"9","r.wanyama","Imaar Vircoand","Horrible Grizzlies",38,1981,90.09,1.05,3.09,3,3.04,0.09,0.03,0,0.97,0.06,0,0,0.05,0.09,0.05,0.03,0,"A",2021,1005364.36854495,876960.365041418,762245.820240293,660189.704707881,569771.934376355,489995.361146862,419895.764300019,358549.918959869,305081.851512981,258667.41795544
"10","j.nkrumah","Nganion","Horrible Grizzlies",25,1994,585.03,6.47,1.18,1.17,3.46,2.38,1,0.38,0.24,0.35,0.34,1,0.11,0.23,0.08,0.09,0,"A",2021,5144375.62150603,4699235.61595296,4277405.06910289,3879646.43380662,3506408.63492084,3157850.13532446,2833864.7140862,2534109.17616029,2258032.24378432,2004903.92760919
"11","s.tamale","Imaar Vircoand","Horrible Storm",27,1992,3420.06,38.05,1.28,1.14,4.6,3.52,1,0.34,0.15,0.48,0.34,1,0.2,0.16,0.03,0.07,1,"A",2021,5113365.89990427,4637870.73186235,4191688.66527165,3775009.13243243,3387705.15297244,3029366.45902704,2699334.03306894,2396735.21922746,2120518.64276246,1869488.2588517
"12","y.acola","Rarita","Marvelous Patriots",33,1987,3330,36.96,1.48,1.46,4.87,3.47,1,0.51,0.34,0.23,0.16,1,0.08,0.13,0,0.07,1,"A",2021,2851369.09975673,2531726.95956941,2239952.988166,1974783.77568087,1734837.52417806,1518646.430947,1324686.6212094,1151405.33186744,997245.148297449,860665.189325073
"13","z.marini","Central Republic of Boekrainego","Mighty Jays",28,1992,270.06,3.03,0.59,0.68,3.1,2.7,1,0.4,0.36,0.42,0.26,1,0.24,0.32,0.06,0,0.01,"A",2021,3226738.28529199,2916312.91129697,2626413.54172787,2356951.831641,2107642.3425016,1878026.57143004,1667497.37944582,1475323.28623775,1300672.15916523,1142633.8904347
"14","x.adikini","Cuandbo","Mighty Jays",25,1995,15.94,0.1,0,0,10.03,10.07,1,0,0,0,0.07,0,0.07,0,0,0,0,"A",2021,3982569.63432947,3637960.06466086,3311395.74464998,3003466.93476663,2714521.1746607,2444681.13994846,2193864.59863781,1961805.86286526,1748078.15545934,1552116.3478935
"15","v.kumwenda","Esia","Mighty Jays",28,1992,3131.07,34.71,0.98,1.07,3.4,2.45,1,0.49,0.25,0.36,0.31,1,0.14,0.05,0.11,0.08,1,"A",2021,5829446.97353472,5268630.41608656,4744896.27555606,4258084.94737695,3807680.75638269,3392855.36820349,3012511.92149533,2665328.91903432,2349803.02442487,2064290.03083837
"16","u.nakazibwe","Lefghau","Old Mustangs",27,1992,2970.03,33.08,0.94,0.99,3.26,2.39,1,0.56,0.33,0.14,0.32,1,0.22,0.13,0.12,0.05,1,"A",2021,5823578.15575776,5282039.8954449,4773886.12993066,4299332.60239231,3858234.6957349,3450125.15863678,3074253.44045262,2729625.67925946,2415044.47141163,2129147.64947648
"17","f.walker","Nganion","Old Mustangs",33,1987,270,3.04,2.98,3.03,6.41,3.41,1,0.31,0.27,0.25,0.3,1,0,0,0,0.01,0,"A",2021,2213734.81976332,1965572.30174462,1739045.96390521,1533174.92502159,1346886.39020203,1179040.79250333,1028455.03196905,893923.580441952,774237.298431285,668199.882621179
"18","p.tetteh","Southslands","Old Mustangs",21,1998,180.05,2.03,0.58,0.53,3.45,3.07,1,0.46,0,0.53,0.58,1,0,0,0.04,0,0,"A",2021,9004959.76545879,8343377.36515268,7703012.57417026,7086600.27084141,6496416.72791609,5934285.34578093,5401589.5975454,4899292.32337099,4427960.43422283,3987794.04007987
"19","h.ochan","Greri Landmoslands","Punctual Rustlers",20,1999,48.08,0.56,0,0,6,6.06,1,0.05,0.02,0,0,0,0.01,0.01,0.09,0.02,0,"A",2021,7358223.69446161,6841864.78290878,6339202.08995493,5852660.292351,5384317.31917365,4935902.65625846,4508801.70223188,4104065.60403875,3722425.9165515,3364313.3721963
"20","x.neri","People's Land of Maneau","Punctual Rustlers",26,1994,2742.06,30.58,1.25,1.24,4.24,3,1,0.5,0.09,0.44,0.39,1,0.19,0.02,0,0.07,0.1,"A",2021,6312942.64455752,5746256.42883629,5211908.36540265,4710501.53890774,4242248.82802963,3807007.53580615,3404316.61477835,3033435.47962985,2693383.46429736,2382979.06349106
"21","m.ngamita","Xikong","Punctual Rustlers",30,1990,629.97,6.93,1.37,1.34,3.93,2.59,1,0.26,0.47,0.23,0.38,1,0.12,0.17,0.04,0.03,0,"A",2021,2852386.01765245,2559740.24731468,2288980.56320893,2039609.01359146,1810966.2222021,1602257.77331818,1412579.93892004,1240944.30697595,1086300.94549396,947559.813646439
"22","q.musimenta","Nganion","Silver Heels",33,1987,3329.93,37.03,1.64,1.63,4.48,2.8,1,0.25,0.15,0.54,0.25,1,0.09,0.09,0,0.03,1,"A",2021,2699195.21549244,2396611.96327967,2120409.59169456,1869392.1174234,1642251.4873005,1437598.23334921,1253989.808019,1089956.31717206,944023.463390682,814732.600337616
"23","c.leroy","People's Land of Maneau","Silver Heels",27,1993,89.92,1.09,1.94,1.95,4.92,2.95,1,1.07,0.05,0.02,0,0.07,0.07,0.08,0,0,0,"A",2021,5767777.05346996,5231427.77337652,4728143.10028088,4258136.71012491,3821265.37152411,3417066.31032503,3044796.16760401,2703470.60455076,2391903.69095424,2108746.31157105
"24","s.zandamela","Mico","Solemn Cougars",33,1986,3420.02,38.1,1.31,1.42,3.56,2.3,1,0.45,0.2,0.25,0.31,1,0.04,0.16,0,0,0.04,"A",2021,2408096.26875876,2138145.58254671,1891730.68946345,1667784.58889386,1465140.29672002,1282558.19432121,1118751.30795279,972408.266518518,842213.770520885,726866.48362749
"25","m.janssens","Ledian","Somber Bombers",31,1989,1170.03,13.03,1.39,1.44,4.53,3.28,1,0.39,0.46,0.29,0.13,1,0.14,0.07,0.06,0.09,0,"A",2021,3144771.11130012,2812129.06546216,2505763.4308866,2224864.13029445,1968455.1835574,1735426.31482941,1524563.20964764,1334575.97314852,1164125.43472342,1011847.03690849
"26","p.johansson","People's Land of Maneau","Somber Bombers",29,1990,2249.92,24.9,1.71,1.67,4.75,3.24,1,0.25,0.15,0.64,0.2,1,0.22,0.09,0.1,0.02,1,"A",2021,4024239.38548243,3624205.33689754,3252373.34918098,2908349.54381947,2591501.22967093,2300990.61165912,2035808.31528704,1794806.07524567,1576728.0277991,1380240.14273364
"27","f.ribeiro","People's Land of Maneau","Swift Musketeers",30,1989,2700.03,29.91,1.97,1.85,4.63,2.99,1,0.36,0.28,0.44,0.14,1,0.26,0.2,0.08,0.03,0.02,"A",2021,2954109.73221487,2651027.43097788,2370611.73234586,2112346.92628403,1875550.12141119,1659398.57101519,1462956.31771802,1285199.70007123,1125041.34269983,981352.331004775
"28","s.aslan","People's Land of Maneau","Swift Musketeers",32,1988,720.05,8,1.28,1.33,3.49,2.4,1,0.48,0.02,0.43,0.32,1,0.36,0.33,0.14,0,1,"A",2021,2538566.97544431,2262004.39092554,2008430.79195154,1776965.14110733,1566605.16946043,1376254.69027071,1204749.28880958,1050880.06811592,913415.213990158,791119.222155587
"29","y.draru","Rarita","Ultimate Penguins",37,1983,1799.96,20.01,1.27,1.25,3.5,2.38,1,0.47,0.31,0.27,0.29,1,0.3,0.27,0,0.08,1,"A",2021,1546097.52365768,1353426.73505473,1180568.59857506,1026139.28250711,888750.809671829,767029.937598518,659634.300337061,565265.858946617,482681.763303706,410702.773179895
"30","n.kyohirwe","Dosqaly","Weak Tornadoes",27,1993,3239.99,36.02,1.42,1.26,4.41,3.23,1,0.09,0.38,0.49,0.33,1,0.09,0.18,0.01,0,0.1,"A",2021,3629700.64681703,3292172.46033766,2975452.0520186,2679673.88955809,2404747.83648862,2150382.66594263,1916110.57718146,1701312.11921328,1505240.97823052,1327048.14699411
"31","e.bintiismail","Ledian","Weak Tornadoes",23,1996,180.08,2.03,2.5,2.56,4.06,2.1,1,0.06,0.04,1.02,0.09,0,0.47,0.52,0,0,0.07,"A",2021,3520556.71582074,3238833.88941958,2969098.55981882,2712184.08726745,2468722.76925944,2239154.65874345,2023738.85463518,1822566.81446809,1635577.23237392,1462572.03185301
"32","y.kyosiimire","Nganion","Flawless Cows",26,1993,809.92,8.9,1.08,1.04,3.99,3.04,1,0.63,0.09,0.28,0.64,1,0,0.04,0,0,0,"B",2021,5874739.00835713,5347388.48350072,4850131.40561487,4383528.99711592,3947779.36002138,3542749.70246899,3168010.9799316,2822874.01373421,2506426.20930715,2217568.07381394
"33","x.driscoll","Nkasland Cronestan","Flawless Cows",20,1999,90.1,0.96,1.07,1.05,2.97,2.09,1,0.02,0.1,0.92,0,0,0.01,0,0,0.06,0,"B",2021,8623418.38875926,8018275.20230845,7429183.20269662,6858983.9727499,6310112.72680184,5784596.32358584,5284058.37125618,4809730.75406505,4362470.81258827,3942783.34065637
"34","p.addae","South Sati Fatina","Flawless Cows",33,1986,2519.93,27.99,0.54,0.64,3.17,2.6,1,0.7,0.07,0.16,0.46,1,0,0.13,0,0,1,"B",2021,3220044.1446446,2859073.05816559,2529573.42647729,2230118.48391106,1959147.76944027,1715003.6970568,1495965.35870375,1300279.22281567,1126186.50487038,971947.091529497
"35","f.kimera","Dosqaly","Glistening Paladins",23,1997,3149.96,34.9,1.78,1.81,4.47,3.06,1,0.28,0.21,0.57,0.16,1,0.27,0.32,0,0.11,1,"B",2021,6119809.51603655,5630088.66417617,5161205.76577436,4714609.45705367,4291398.86537744,3892338.93800832,3517880.06848854,3168181.23811818,2843135.87845756,2542399.67167702
"36","t.okello","Dosqaly","Glistening Paladins",22,1998,269.94,3.02,1.38,1.32,3.4,2.26,1,0.26,0.28,0.42,0.4,1,0.37,0.36,0.06,0,0,"B",2021,4923761.02376754,4545856.12256995,4182086.54331326,3833795.60568148,3502059.37124556,3187694.28287696,2891268.55110384,2613116.73278393,2353356.92082752,2111909.95512472
"37","v.bwambale","Dosqaly","Golden Rustlers",33,1987,3420.08,37.97,1.46,1.58,3.93,2.51,1,0.27,0.08,0.49,0.35,1,0.16,0.2,0.01,0,1,"B",2021,2427581.03560661,2155446.08199234,1907037.35801376,1681279.22957273,1476995.27006612,1292935.83067627,1127803.52429438,980276.369052394,849028.422894858,732747.819912397
"38","u.yamasaki","Coastpa Barleslands","Grotesque Rocks",23,1996,719.92,7.92,1.7,1.72,3.85,2.47,1,0.25,0,0.8,0.25,1,0.13,0.2,0,0.03,0,"B",2021,5720899.23081784,5263100.07262802,4824780.57824157,4407294.95677717,4011670.69068685,3638622.86533317,3288572.51605432,2961668.26120108,2657810.47883211,2376677.29494111
"39","s.bintiothman","Lylimi","Grotesque Rocks",37,1983,2159.96,24.04,1.19,1.3,3.8,2.6,1,0.24,0.34,0.36,0.39,1,0.19,0.2,0,0.06,1,"B",2021,1472571.33454993,1289063.19488832,1124425.4971825,977340.219199634,846485.390381199,730553.074153479,628264.742100009,538384.084799059,459727.357087744,391171.398667075
"40","t.bukar","Southern Ristan","Grotesque Rocks",28,1992,539.93,5.92,2.26,2.15,4.19,2.31,1,0.1,0.29,0.52,0.06,0,0.43,0.26,0.08,0.08,0.08,"B",2021,3182836.32986408,2876634.50290879,2590679.41021501,2324883.90883174,2078966.44380841,1852474.75050699,1644809.95048318,1455250.51570988,1282975.63527351,1127087.58401222
"41","a.lamunu","Dosqaly","Jumping Beans",20,1999,135.06,1.48,0.75,0.68,3.42,3.41,1,0,0.01,0.67,0,0.05,0.61,0.59,0.03,0.08,0,"B",2021,4527283.00545676,4209583.6500065,3900311.14596453,3600957.32047611,3312800.65777682,3036905.2559638,2774123.50712484,2525102.1488283,2290291.28371837,2069955.9278742
"42","k.adero","Rosvi","Jumping Beans",24,1995,3285.09,36.58,1.3,1.41,4.34,3.01,1,0.17,0.32,0.42,0.21,1,0.19,0.03,0.11,0.01,1,"B",2021,6677171.75349296,6121086.08030888,5591431.85358625,5089512.61623921,4616235.58031353,4172134.90347842,3757399.13435351,3371901.88491589,3015234.80115488,2686741.93978676
"43","j.ogawa","Dosqaly","Mean Colts",34,1985,3312.96,36.86,1.31,1.49,3.46,2.42,1,0.39,0.27,0.36,0.15,1,0.31,0.37,0,0,1,"B",2021,1857681.79973897,1643589.52005418,1449018.76746065,1272955.63290835,1114323.10042178,972003.010544609,844856.00670632,731739.319229449,631522.310032205,543099.762741442
"44","a.chipeta","Zamlie Niabangthe","Mean Colts",22,1998,107.06,1.22,2.43,2.62,4.99,2.58,1,0.04,0.08,0.93,0,0.09,0.9,0.74,0.04,0.03,0.09,"B",2021,2910577.94782467,2687187.40013335,2472152.65121619,2266267.77629946,2070168.8665874,1884338.54514107,1709112.69768383,1544689.0904776,1391137.53166679,1248411.22741451
"45","a.suboti","Dosqaly","Mean Poets",31,1989,1349.93,15.01,1.63,1.68,3.46,2.12,1,0.39,0.4,0.42,0.07,1,0.4,0.46,0,0.03,0,"B",2021,2037988.78979035,1822418.01009364,1623875.82475033,1441837.25806111,1275669.81993681,1124653.98909981,988002.821389497,864880.392288958,754418.843823367,655733.86590592
"46","t.bonabana","Dosqaly","Mean Poets",26,1994,2070,23.07,1.81,1.86,4.7,3.07,1,0.24,0.27,0.51,0.22,1,0.27,0.12,0,0,1,"B",2021,4985640.37097191,4538100.47811247,4116099.6098641,3720114.05174897,3350311.92449796,3006580.53332271,2688555.76643671,2395652.74729993,2127096.99583375,1881955.41937394
"47","e.wibowo","Coastpa Barleslands","Overconfident Kangaroos",28,1992,90.04,1,0.97,0.92,1,0,0.05,0.08,1.02,0,0.04,0,0.09,0.01,0.06,0.05,0,"B",2021,4158902.56386029,3758799.18712227,3385151.5204187,3037845.69705812,2716513.81888792,2420564.92728891,2149216.48843299,1901525.70650822,1676420.05617586,1472726.51089907
"48","v.arnold","Coastpa Barleslands","Overconfident Kangaroos",26,1993,1979.94,21.9,1.23,1.13,3.31,2.27,1,0.37,0.26,0.41,0.14,1,0.09,0.09,0.08,0.02,0,"B",2021,5227340.76616617,4758104.44899199,4315645.27066939,3900462.60671306,3512732.72823061,3152337.47706829,2818895.08955217,2511792.33473225,2230217.18627166,1973191.31581947
"49","b.ochieng","Dosqaly","Overconfident Kangaroos",36,1984,1350.03,14.92,0.95,0.97,3.55,2.73,1,0.6,0.24,0.05,0.27,1,0,0,0,0,0,"B",2021,2032224.97727491,1785299.3282431,1562819.81178209,1363218.22765405,1184896.64701734,1026252.35420397,885699.647909255,761688.480356561,652719.988755115,557359.037573942
"50","h.kamal","Dosqaly","Serious Thunderbirds",34,1986,2610,29.06,1.51,1.38,3.36,2.19,1,0.25,0.27,0.47,0.31,1,0.2,0.12,0.06,0,0,"B",2021,2022166.01991238,1789117.42506422,1577318.84663238,1385666.60129039,1212988.31112678,1058066.81179308,919661.864976254,796529.517050511,687439.020150349,591187.299026418
"51","i.sano","Dosqaly","Serious Thunderbirds",18,2001,89.91,1.03,3.96,3.9,4.07,0,0,0.01,0.05,1.05,0.02,0.06,0.99,0,0.01,1.04,0,"B",2021,24835435.9351758,23257127.2113544,21701960.0151287,20179038.0549809,18696511.0054442,17261530.0812795,15880223.8177975,14557693.0700428,13298023.8602463,12104316.3862159
"52","j.lunkuse","People's Land of Maneau","Serious Thunderbirds",20,2000,719.93,8.03,1,1.04,3.01,2.21,1,0.59,0.18,0.41,0.28,1,0.57,0.15,0.06,0.12,1,"B",2021,11081291.9323078,10303668.951768,9546672.11728821,8813952.92847405,8108640.69202635,7433339.9682619,6790137.13118345,6180615.18052612,5605875.81874453,5066567.71757762
"53","j.chukwu","Dosqaly","Simple Jayhawks",26,1994,361.05,3.97,2.52,2.59,4.95,3.22,1,0,0.28,0.71,0,0,0.84,0.75,0.06,0.01,0,"B",2021,1902593.46256029,1731805.67783619,1570763.95934425,1419650.06462279,1278528.15100761,1147355.21251519,1025992.29874939,914216.212247354,811731.400056036,718181.780334218
"54","r.rizzi","Pierrema","Simple Jayhawks",32,1988,3058.05,34,1.06,1.2,3.47,2.53,1,0.25,0.27,0.44,0.25,1,0.3,0.23,0.01,0.06,1,"B",2021,2750315.45208862,2450684.06279332,2175959.23014326,1925186.42710025,1697279.78287231,1491051.67493108,1305240.56168572,1138536.7089341,989605.55364913,857108.53492767
"55","v.arnold","Coastpa Barleslands","Simple Privateers",26,1993,450.06,4.94,2.01,1.97,4.82,3.6,1,0.05,0.21,0.74,0.07,0.02,0.65,0.61,0.02,0,0,"B",2021,2299830.37683553,2093384.31096271,1898719.16393379,1716054.64191095,1545468.29745216,1386908.14548061,1240206.22455408,1105092.73646543,981210.420626551,868128.849911948
"56","z.lefevre","Quewenia","Simple Privateers",21,1998,1889.92,20.95,1.62,1.48,4.51,2.94,1,0.18,0.22,0.58,0.11,1,0.19,0.2,0.06,0.03,1,"B",2021,7089151.77737481,6568321.23829788,6064194.25556839,5578923.86130174,5114302.0505131,4671764.29459025,4252399.73230878,3856966.35928663,3485910.47600497,3139389.61898255
"57","y.goh","Tito Mia","Simple Privateers",26,1993,1080.07,12.05,2.51,2.41,5.23,2.97,1,0.15,0.24,0.71,0.3,1,0.28,0.15,0.17,0.16,1,"B",2021,5252331.64241622,4780851.99976182,4336277.51213267,3919109.94245846,3529526.40456388,3167408.17540457,2832371.6661704,2523800.71417623,2240879.4109488,1982624.75094398
"58","a.mbusa","Dosqaly","Solemn Leopards",35,1985,3330.03,37.06,1.29,1.31,3.48,2.37,1,0.42,0.22,0.16,0.28,1,0.14,0.03,0.01,0,0.06,"B",2021,2164764.50137895,1908496.22205384,1676604.24475055,1467670.03648215,1280220.87436471,1112756.1168888,963770.627156889,831775.246742557,715314.300039615,612980.180112039
"59","n.tumwesigye","Dosqaly","Solemn Leopards",37,1982,89.92,0.95,2.06,2.08,5.09,2.04,1,0.01,0,1.03,0.02,0,0,0,0,0,0,"B",2021,1318676.80269778,1154346.61291315,1006914.76515102,875200.980192935,758021.443123786,654204.906358698,562606.457101377,482118.989354888,411682.468029605,350291.111336057
"60","i.kumari","Dosqaly","Somber Stallions",25,1995,3419.99,38,0.6,0.64,2.81,2.22,1,0.7,0.27,0.11,0.56,1,0,0,0,0,1,"B",2021,8473570.27266539,7740356.87695998,7045537.71038355,6390368.64892303,5775589.1402005,5201460.19671561,4667806.85641426,4174063.82477844,3719323.0633593,3302382.16850228
"61","o.burgos","Dosqaly","Supreme Janes",21,1999,3420,38.07,1.42,1.46,4.07,3.03,1,0.19,0.31,0.51,0.08,1,0.41,0.17,0.13,0.03,1,"B",2021,7593367.91953014,7035493.29205209,6495510.26188973,5975724.99563513,5478056.94400498,5004043.67633451,4554851.79642879,4131293.21236785,3733845.96776855,3362678.80393946
"62","q.permana","Dosqaly","Swift Rustlers",29,1991,2519.98,27.91,1,1.03,2.23,1.29,1,0.55,0.1,0.21,0.54,1,0.18,0.15,0.02,0,0.1,"B",2021,4240676.14826666,3819126.95950608,3427296.63073374,3064770.09936101,2730880.64604581,2424745.41635117,2145300.74831662,1891336.61916735,1661529.6207061,1454473.97420893
"63","g.ahin","Nkasland Cronestan","Swift Rustlers",20,1999,90.08,1.04,0.97,0.91,2.05,1.02,1,0.94,0,0.06,0,0.01,0.04,0,0.04,0,0,"B",2021,12477902.7587967,11602273.455512,10749869.8777472,9924803.73533547,9130598.73155565,8370187.68782972,7645919.93057954,6959577.97008302,6312402.35989495,5705123.52593766
"64","r.odur","Sobianitedrucy","Swift Rustlers",32,1988,810.1,9.09,1.55,1.52,3.42,1.99,1,0.59,0.21,0.35,0.26,1,0.26,0.16,0.04,0,0.01,"B",2021,2741856.03712948,2443146.25348306,2169266.41894301,1919264.94240358,1692059.29299208,1486465.50106721,1301225.90528534,1135034.79992225,986561.726797257,854472.242150247
"65","f.carbone","Greri Landmoslands","Unaccountable Foxes",29,1990,3420.07,38.07,1.18,1.1,3.51,2.5,1,0.64,0.34,0.26,0.32,1,0.15,0.06,0,0,1,"B",2021,5028054.33765605,4528234.93316099,4063652.37242613,3633814.52703228,3237930.88599421,2874954.67282484,2543624.73247553,2242506.3738619,1970030.46788896,1724530.22096918
"66","l.dahl","Dosqaly","Unethical Comets",22,1998,744.96,8.34,1.38,1.37,4.84,3.56,1,0.57,0.24,0.1,0.45,1,0.04,0.15,0,0.08,0,"B",2021,7240455.25840775,6684741.13746519,6149813.19310234,5637646.79455888,5149824.30450877,4687546.31291839,4251648.38083277,3842622.47850555,3460642.26311247,3105591.32867216
"67","y.bintiomar","Quewenia","Unethical Comets",26,1994,2673,29.6,1.65,1.77,4.95,3.68,1,0.36,0.35,0.37,0.12,1,0.3,0.3,0,0.04,0,"B",2021,3864784.31416211,3517858.93864655,3190730.98419862,2883769.65932075,2597105.28836757,2330650.51224013,2084123.07762365,1857069.59809041,1648889.70974797,1458860.09490309
"68","j.mercier","Dosqaly","Villainous Eagles",23,1997,3420.07,38.01,1.63,1.6,3.58,2.21,1,0.37,0.24,0.52,0.28,1,0.17,0.13,0,0,1,"B",2021,7313517.73785697,6728273.68290819,6167932.15831442,5634224.36611412,5128463.82553482,4651564.6917245,4204065.21038371,3786155.37313802,3397707.82468791,3038311.08579566
"69","c.vtols","Imaar Vircoand","Weak Blimps",27,1993,3420.1,38.08,1.47,1.4,4.39,3.14,1,0.3,0.28,0.4,0.21,1,0.22,0.13,0.08,0,0.02,"B",2021,4207773.56112954,3816490.00433008,3449328.11136137,3106443.76549879,2787732.47497243,2492856.63157906,2221273.93175938,1972266.2695979,1744968.47195411,1538396.31710798
"70","g.razak","Dosqaly","Wet Monarchs",29,1990,3419.91,37.94,1.95,1.93,5.1,3.39,1,0.24,0.17,0.58,0.14,1,0.2,0.1,0.08,0,1,"B",2021,3872054.73885716,3487148.77647449,3129378.35772392,2798364.49939452,2493498.43682287,2213974.0578262,1958820.15941927,1726931.90023821,1517100.90954157,1328043.60613155
"71","g.prasetyo","Galamily","Awkward Trailblazers",28,1992,3060.08,34.05,1.64,1.71,4.31,2.95,1,0.19,0.32,0.53,0.22,1,0.19,0.03,0.12,0,1,"C",2021,4582572.80463026,4141710.62401247,3729999.21465451,3347313.11018741,2993246.93442284,2667149.52738398,2368158.63798795,2095235.42717041,1847198.11070483,1622754.16504103
"72","a.mor","Esia","Blue Jaguars",35,1985,270.04,3.04,0.97,1.01,4.24,3.34,1,0.38,0.63,0,0,0,0,0,0.01,0,0,"C",2021,1888601.62814095,1665025.95084857,1462716.84719835,1280436.74898966,1116900.81122684,970799.831917654,840820.687166422,725664.193146496,624060.377388289,534781.203886286
"73","h.nakimera","Esia","Blue Jaguars",30,1990,2789.98,31.07,1.73,1.66,4.11,2.7,1,0.36,0.31,0.37,0.18,1,0.33,0.27,0.02,0,1,"C",2021,3082839.11814449,2766549.58966779,2473914.39211321,2204395.34267342,1957279.79203803,1731709.14117776,1526706.6470873,1341204.04086566,1174066.56326352,1024116.10567882
"74","l.nalukenge","Esia","Fiery Governors",25,1994,2789.93,30.92,1.45,1.41,4.38,2.99,1,0.38,0.33,0.51,0.12,1,0.27,0.09,0,0.01,0,"C",2021,5407736.29216114,4939807.83198828,4496382.13270478,4078260.68009933,3685915.38124456,3319512.81135275,2978941.31162849,2663840.11753184,2373629.72923967,2107542.78639836
"75","q.ghoe","Esia","Fiery Governors",22,1998,269.98,3.04,3.26,3.31,6.67,3.62,1,0.31,0.06,0.58,0,0,0.41,0.32,0.09,0.04,0,"C",2021,4768578.18445443,4402583.76292372,4050279.15848857,3712965.35324561,3391684.49438829,3087227.29284817,2800144.05078565,2530758.78078493,2279185.85380613,2045348.60463921
"76","i.agwang","Esia","Horrible Flames",27,1993,135.05,1.56,2.05,2.04,5.36,3.4,1,0,0.76,0,0.03,0,0,0.07,0.09,0.03,0,"C",2021,3425479.31645027,3106941.80220155,2808041.33812444,2528904.82623202,2269447.20149136,2029393.62261159,1808302.6091759,1605589.56295798,1420550.16072016,1252383.16373233
"77","r.aguilar","Esia","Horrible Flames",21,1999,360,3.94,1.82,1.84,5.02,3.26,1,0.17,0,0.69,0.22,1,0,0,0,0,0,"C",2021,7373102.52945794,6831410.50681809,6307091.08917017,5802383.54674492,5319151.6515977,4858888.3718653,4422726.47097459,4011454.30549962,3625536.05215854,3265135.55747933
"78","m.krlievi","Leoneku Guidisia","Horrible Flames",30,1989,2564.99,28.41,0.95,1,2.93,1.86,1,0.5,0.24,0.29,0.35,1,0.01,0.02,0.07,0.07,1,"C",2021,4948964.29106605,4441216.23089111,3971441.10234715,3538774.94614422,3142073.72723737,2779959.11358477,2450863.11345233,2153070.80613168,1884760.53217561,1644041.04225868
"79","e.namakoye","Esia","Little Lollipops",32,1988,343.96,3.77,1.5,1.51,5.04,3.18,1,0.17,0.36,0.22,0.25,1,0.02,0.02,0,0,0,"C",2021,2427522.59374311,2163057.66963537,1920576.12526784,1699235.46239191,1498077.25426442,1316053.26457551,1152050.01351966,1004911.48484243,873459.74751827,756513.341859351
"80","r.yiga","Quewenia","Little Lollipops",31,1988,2711.92,30.16,1.61,1.7,4.13,2.68,1,0.45,0.34,0.28,0.22,1,0.29,0.23,0.09,0,0,"C",2021,2613043.40153496,2336645.51050034,2082081.13314132,1848677.16257233,1635622.64042977,1441995.01977121,1266785.30621129,1108921.70433387,967291.474674438,840760.783401923
"81","l.namuyanja","Byasier Pujan","Marvelous Anchors",27,1993,269.97,2.93,2.03,2.08,5.37,4.04,1,0.43,0.4,0.25,0,0,0.92,0.68,0,0.25,0.02,"C",2021,2751630.04154541,2495754.20269368,2255652.47665589,2031426.80168924,1823008.84648049,1630177.83563365,1452579.1353397,1289743.14765538,1141104.10154523,1006018.37538539
"82","e.kyomukama","Esia","Marvelous Anchors",22,1997,2789.97,31.08,1.49,1.53,4.87,3.51,1,0.32,0.17,0.38,0.15,1,0.13,0.09,0.07,0.05,1,"C",2021,8054432.46392816,7436244.56045545,6841179.63053474,6271435.11584122,5728771.26940265,5214523.6523759,4729621.76018167,4274612.87072458,3849690.16384539,3454724.14711829
"83","e.mapuranga","Nkasland Cronestan","Mean Trolls",32,1987,3059.97,33.91,1.6,1.52,5.01,3.56,1,0.35,0.18,0.51,0.15,1,0.29,0.19,0,0.13,1,"C",2021,3024502.53518559,2695000.00635509,2392887.0424776,2117113.95689092,1866486.62513174,1639699.02706872,1435363.85429809,1252040.80134081,1088262.25863385,942556.220178055
"84","b.fernandez","Esia","Punctual Archers",33,1987,2767.97,30.75,1.41,1.39,3.94,2.74,1,0.3,0.44,0.27,0.25,1,0.22,0.1,0,0,1,"C",2021,2571616.24193928,2283334.75660506,2020187.24480095,1781034.25203435,1564629.55100504,1369649.34771848,1194719.27744198,1038438.9214074,899403.665690162,776223.807689061
"85","w.mandizvidza","Esia","Punctual Archers",27,1993,292.06,3.23,0.23,0.33,1.49,1.54,1,0.4,0.64,0.09,0.69,1,0,0,0,0,0,"C",2021,5246055.33329644,4758221.28991032,4300461.0091326,3872968.8389424,3475614.50388669,3107977.08984324,2769380.47809077,2458929.36775031,2175545.10140313,1918000.59742794
"86","k.tsui","Esia","Red Artichokes",27,1992,3060.09,34.08,1.57,1.49,4.9,3.43,1,0.32,0.17,0.43,0.31,1,0.11,0.22,0.02,0,1,"C",2021,4304813.95700424,3904506.55167789,3528877.10813256,3178085.1046505,2852023.63965465,2550347.31896347,2272501.33231993,2017751.0127267,1785211.23427182,1573875.07694511
"87","f.nabunya","Quewenia","Serious Cyclones",29,1990,1664.97,18.44,1.62,1.64,4.87,3.43,1,0.53,0.2,0.32,0.12,1,0.32,0.22,0.03,0.08,0,"C",2021,3558295.17108351,3204578.83192046,2875799.1944269,2571607.9850839,2291445.76852492,2034571.75328888,1800093.43471726,1586995.49873135,1394167.49104675,1220429.84136143
"88","m.zhou","Quewenia","Serious Cyclones",32,1987,1394.97,15.51,1.06,1,2.7,1.77,1,0.66,0.15,0.22,0.53,1,0.1,0.12,0.09,0,0,"C",2021,3117863.034186,2778189.40443703,2466750.8021334,2182465.1388313,1924101.42977239,1690313.34052911,1479670.73919088,1290688.86085545,1121854.79371272,971651.093807036
"89","s.achen","Giumle Lizeibon","Silver Frogs",32,1987,180.07,1.92,2.03,2.06,7.07,4.45,1,0,0.48,0.44,0.03,0.03,0,0,0.03,0,0,"C",2021,2052888.98725592,1829238.28607785,1624178.32357619,1436996.62219013,1266882.66682451,1112949.99290754,974256.961240391,849825.960721142,738660.847529624,639762.493753163
"90","l.msowoya","Southern Ristan","Silver Frogs",28,1992,2880.02,31.94,1.06,1.11,3.19,2.17,1,0.44,0.34,0.14,0.41,1,0.12,0.01,0,0,1,"C",2021,5457379.66791163,4932357.5016683,4442050.94893725,3986310.59199172,3564653.66888502,3176304.71409386,2820236.87398622,2495212.99654518,2199825.69655621,1932535.70949613
"91","i.bitton","Esia","Spicy Gophers",27,1993,3008.97,33.43,1.85,1.67,4.41,2.87,1,0.22,0.3,0.42,0.13,1,0.27,0.26,0,0.03,1,"C",2021,4077395.4301339,3698235.81918934,3342450.46078996,3010190.40815794,2701354.40720749,2415615.31054701,2152447.61792741,1911155.47399062,1690900.51304079,1490729.00953042
"92","p.galli","Esia","Spicy Gophers",31,1989,50.99,0.65,1.71,1.72,3.41,3.41,1,0,0,0,0,0,1.65,1.62,0,0.06,0.1,"C",2021,525167.028652278,469616.837991403,418454.726569977,371545.413993173,328725.914604523,289810.815778941,254597.33076479,222870.051117765,194405.339496868,168975.319034953
"93","q.nakyeyune","Esia","Supreme Jaguars",31,1988,1876.04,20.89,2.43,2.43,6.68,4.47,1,0.15,0.13,0.79,0.05,1,0.26,0.24,0.06,0.09,1,"C",2021,2570560.30177763,2298656.11305605,2048230.46673826,1818621.19937229,1609030.53723014,1418550.93222236,1246189.79428704,1090892.75335639,951565.160986397,827091.617320591
"94","j.ojok","Giumle Lizeibon","Supreme Jaguars",35,1985,239.07,2.63,4.5,4.52,8.98,4.91,1,0.07,0,0.8,0,0.07,0,0,0.06,0,0,"C",2021,1424565.79241445,1255923.41853272,1103322.34890543,965829.090042969,842474.487729803,732271.015350614,634228.188011659,547366.035765901,470726.622693701,403383.645407812
"95","u.ndagire","Mico","Supreme Jaguars",27,1992,944.95,10.56,2.19,2.37,6.05,4.47,1,0,0.43,0.57,0.14,1,0.35,0.45,0.01,0.04,0.1,"C",2021,2368847.46189071,2148566.82013603,1941865.93530314,1748832.56489511,1569407.88325027,1403401.82730467,1250509.09678697,1110325.42009116,982363.731274117,866069.94369369
"96","b.harahap","Esia","Ultimate Dolphins",34,1986,2969.99,33.04,1.23,1.24,3.82,2.61,1,0.81,0.11,0.15,0.22,1,0.14,0.02,0.06,0.06,1,"C",2021,3465398.16934717,3066021.37930957,2703060.87125007,2374625.25636017,2078705.42350445,1813215.51075891,1576030.11420656,1365017.46297638,1178068.41698886,1013121.25889457
"97","s.feldman","Esia","Ultimate Dolphins",23,1996,90.04,0.94,1.96,2.01,3.93,1.94,1,0.01,1.02,0.04,0,0,0,0,0,0,0,"C",2021,5273008.06309475,4851050.15839874,4447046.8479295,4062246.31930819,3697595.61303243,3353753.83018587,3031109.04310532,2729798.23475977,2449729.58264395,2190606.41237813
"98","i.nassiwa","Esia","Ultimate Longhorns",18,2002,90.07,1.08,1.07,1.04,6.08,5.05,1,0.93,0.05,0,0,0,0,0,0,0.08,0,"C",2021,12674705.6394354,11869219.5374477,11075543.6590087,10298324.0600821,9541719.90767563,8809380.80722793,8104434.44215344,7429484.02168784,6786614.83755498,6177409.06832988
"99","t.obong","Esia","Ultimate Longhorns",30,1990,2970.04,32.9,1.59,1.58,4.27,2.99,1,0.44,0.44,0.11,0.09,1,0.1,0.19,0.03,0.08,1,"C",2021,3683706.94282369,3305770.27881338,2956098.34731304,2634048.06976168,2338767.89630158,2069231.88069161,1824272.90559214,1602614.48870342,1402900.69792357,1223723.80269304
"100","e.kaddu","Esia","Weak Chargers",28,1992,2340.01,26.04,1.52,1.53,4.02,2.69,1,0.33,0.28,0.45,0.3,1,0.28,0.24,0,0,0,"C",2021,3405432.17354388,3077815.71921115,2771861.98112192,2487477.72186833,2224361.69558414,1982030.00790919,1759841.89704777,1557025.37396146,1372702.22324624,1205911.93615066
"101","p.wan","Redohrainbri","Weak Chargers",35,1984,720.03,7.99,1.71,1.67,3.87,2.51,1,0.23,0.18,0.54,0.17,1,0.32,0.21,0.05,0,1,"C",2021,1752799.49129151,1545300.28786819,1357538.45992208,1188365.42805973,1036588.73558663,900993.320230345,780360.479824119,673484.44989306,579186.576842105,496327.128049149
"102","e.tushemereirwe","New Uwi","White Firebirds",30,1990,2969.96,32.91,0.96,0.81,2.43,1.47,1,0.5,0.28,0.17,0.45,1,0,0.17,0.05,0.04,0,"C",2021,3659606.87444699,3284142.80111397,2936758.54276173,2616815.22806876,2323466.87830722,2055694.25932652,1812337.8894671,1592129.63761218,1393722.44263061,1215717.78381671
"103","g.aloyo","Nganion","White Firebirds",22,1998,90.07,1,1.92,1.99,3.95,1.92,1,0,0.08,0.97,0,0.1,0.09,0,0,0,0,"C",2021,6584008.84437281,6078677.81798742,5592248.41664593,5126516.91531733,4682922.21383164,4262556.05223488,3866178.23652186,3494236.13310608,3146887.6547624,2824026.94930561
"104","b.koskinen","Esia","Wicked Gentlefolk",25,1995,90.1,0.91,0.96,1.09,9.04,8.06,1,0.93,0,0.08,0.01,0.03,0,0,0,0,0,"C",2021,6008894.54509665,5488948.19048169,4996228.47901155,4531625.99471683,4095665.1048524,3688530.90218728,3310099.31522639,2959969.4745562,2637497.45947902,2341830.60499903
"105","f.yaakv","Quewenia","Wicked Gentlefolk",22,1997,2970.06,32.95,1.69,1.66,4.74,3.09,1,0.38,0.33,0.34,0.1,1,0.19,0.19,0.02,0.09,1,"C",2021,7559131.09854851,6978958.20283985,6420486.3505319,5885777.85324979,5376484.71856366,4893860.37828512,4438777.16920166,4011748.71476805,3612956.31537367,3242278.44163363
"106","b.klc","Sobianitedrucy","Coy Catamarans",19,2001,90.03,1.05,0.08,0.04,0.95,1.07,1,0.09,1,0,0.92,1,0,0.04,0.07,0,0,"D",2021,8247036.60230564,7695570.3496845,7155538.33998463,6629830.4685727,6120982.57443472,5631167.85181634,5162195.07692078,4715513.16364832,4292221.45004543,3893085.0300015
"107","f.jansen","Sobianitedrucy","Coy Catamarans",28,1992,90.08,0.92,1.07,0.95,8,6.92,1,0.01,1.05,0.07,0.08,0,0,0,0.05,0.01,0,"D",2021,2818983.29227197,2547785.61045872,2294520.11229901,2059109.61678274,1841304.75554181,1640704.96557951,1456779.83057733,1288890.30559466,1136309.41254918,998242.051734186
"108","k.kanyesigye","Sobianitedrucy","Coy Catamarans",37,1983,3240.09,35.97,2.5,2.45,5.56,3.24,1,0.25,0.09,0.67,0.04,1,0.05,0.11,0,0.09,0,"D",2021,1425028.53499005,1247445.05955138,1088122.78316225,945786.236684129,819156.130126676,706966.754389246,607980.859069424,521002.049695369,444884.798987223,378542.208512377
"109","l.foo","Sobianitedrucy","Coy Sunbirds",29,1991,180.08,2.03,3.52,3.41,4.43,1.56,1,0,0,0.91,0,0.06,0.45,0.45,0.09,0.04,0,"D",2021,2161345.27110681,1946494.31012527,1746790.15952313,1562021.2743647,1391847.84782511,1235819.91551291,1093395.36087217,963957.471635591,846831.746391401,741301.701944234
"110","x.dahan","Sobianitedrucy","Coy Sunbirds",29,1991,3239.96,36.07,2.1,2.07,5,2.88,1,0.02,0.25,0.64,0.2,1,0.12,0.05,0.08,0.02,0.01,"D",2021,3320047.02440337,2990014.01059819,2683248.04412764,2399424.17037032,2138020.41134668,1898345.57580703,1679566.91736769,1480737.10301559,1300820.02971109,1138715.10610832
"111","n.busingye","Sobianitedrucy","Fighting Clippers",23,1997,1979.96,22.01,1.38,1.37,3.61,2.33,1,0.67,0.24,0.27,0.26,1,0.02,0.05,0,0.04,0,"D",2021,8063288.47521443,7418046.08808938,6800259.20093198,6211836.49598592,5654226.15247613,5128436.0433488,4635059.5944367,4174306.27501843,3746035.67352252,3349794.12648435
"112","r.owere","Western Niasland","Fighting Clippers",31,1988,1439.98,15.92,0.79,0.74,2.45,1.8,1,0.65,0,0.35,0.47,1,0.2,0.28,0.04,0,0,"D",2021,3021426.94118189,2701831.77717991,2407482.41139214,2137600.53937971,1891248.46089375,1667359.44731247,1464766.81199852,1282231.25232727,1118466.12262165,972160.386072246
"113","j.vasquez","Nkasland Cronestan","Fighting Wave",30,1990,2676.9,29.76,1.02,1.07,3.24,2.33,1,0.47,0.26,0.23,0.21,1,0.22,0.17,0.02,0,1,"D",2021,3793206.79466156,3404035.79269886,3043969.70517975,2712346.33774269,2408288.82782603,2130740.73247346,1878500.24125556,1650252.92785996,1444602.55449094,1260099.54516257
"114","a.amongin","Sobianitedrucy","Fighting Wave",30,1990,23.04,0.34,3.29,3.99,6.57,3.31,1,0,0,0.06,0,0,0,0,0.09,0.02,0,"D",2021,2820286.28348428,2530933.84419468,2263221.19293422,2016655.98173038,1790586.25470806,1584226.5362156,1396683.26846591,1226979.16266347,1074076.10237624,936896.313707003
"115","n.tkachuk","Sobianitedrucy","Fighting Wave",42,1978,719.95,7.93,0.71,0.65,2.04,1.76,1,0.89,0.09,0,0.34,1,0.43,0.26,0.15,0.06,1,"D",2021,985503.831158156,847518.588623547,726271.091007118,620164.485959036,527683.649093657,447403.102909755,377992.302652947,318218.577568282,266948.026139129,223144.664738351
"116","v.razak","Lefghau","Flying Bombadiers",36,1983,539.99,5.9,1.45,1.5,4.28,2.8,1,0,0.77,0.15,0.24,1,0.14,0.12,0,0,0,"D",2021,1220590.89355749,1072282.90504031,938657.703681199,818773.400195752,711670.249765129,616385.632516438,531967.147709584,457483.808755044,392035.371686933,334759.868278446
"117","u.mvula","Nkasland Cronestan","Flying Bombadiers",29,1991,2520.04,28.07,1.62,1.71,5.08,3.58,1,0.39,0.08,0.48,0.22,1,0.2,0.22,0.03,0.08,1,"D",2021,3917615.21517612,3528180.26233055,3166200.1431004,2831291.41497426,2522838.15026809,2240024.75169169,1981868.58861391,1747251.81957089,1534951.85554422,1343670.01209645
"118","d.chiba","Sobianitedrucy","Flying Bombadiers",20,1999,360.08,4.06,2.42,2.4,4.48,2.32,1,0.08,0.25,0.79,0.08,0.01,0.35,0.17,0.06,0.07,0,"D",2021,6672165.09156976,6203949.92885639,5748153.99059407,5306975.88398039,4882299.79824683,4475693.96718155,4088414.61901806,3721414.89492773,3375358.14181125,3050634.93190144
"119","q.martinez","Sobianitedrucy","Hideous Spartans",23,1996,360.09,4.09,1.42,1.55,5.19,3.73,1,0.78,0.01,0.32,0.26,1,0.02,0.06,0,0.09,0,"D",2021,8216347.53365547,7558857.01817147,6929343.16880056,6329750.8987991,5761555.87703838,5225785.10812342,4723043.28242247,4253543.84540461,3817143.72017598,3413380.63173553
"120","y.nanyondo","Sobianitedrucy","Hideous Spartans",26,1994,3060.05,33.92,1.49,1.63,5.17,3.62,1,0.21,0.36,0.45,0.26,1,0.24,0.14,0.05,0.01,0,"D",2021,4196006.93329059,3819349.10127045,3464185.38361955,3130916.63102195,2819684.33698701,2530393.65550133,2262738.14336666,2016225.55769452,1790204.08175973,1583888.40755825
"121","a.kovaevi","Sobianitedrucy","Marvelous Heels",28,1992,1261.1,14.07,1.48,1.53,3.49,1.94,1,0.63,0.07,0.26,0.05,1,0.05,0.13,0.01,0.09,1,"D",2021,5642694.61207641,5099844.39293166,4592888.61713533,4121672.79321843,3685697.7662016,3284161.7382631,2916002.9871462,2579942.35115703,2274524.65483587,1998158.36521998
"122","h.okafor","Sobianitedrucy","Marvelous Heels",25,1995,2155.93,24.02,1.07,1.14,2.57,1.68,1,0.52,0.4,0.22,0.35,1,0.25,0.13,0.08,0.02,1,"D",2021,6728889.1278912,6146642.03628427,5594883.92425107,5074612.0869107,4586413.72197378,4130496.10029717,3706720.28395677,3314637.37077627,2953526.28453285,2622432.19265672
"123","k.huang","Sobianitedrucy","Marvelous Patriots",39,1981,89.91,0.92,0,0,1.05,1,1,0,1.07,0,0.93,1,0.09,0.05,0,0.04,0,"D",2021,1029762.02691237,895059.60833139,775221.225003204,669049.053309798,575372.201967667,493058.444342674,421023.692763974,358239.343887962,303737.65477691,256615.331420015
"124","y.larsen","Imaar Vircoand","Mean Wolves",26,1994,3146.92,35.08,1.55,1.48,4.07,2.82,1,0.25,0.25,0.54,0.2,1,0.36,0.4,0,0.04,0,"D",2021,3539841.06310157,3222084.4717229,2922460.77427621,2641308.13695955,2378745.9267193,2134694.12943293,1908894.22307368,1700930.94102799,1510254.39678564,1336202.08774259
"125","g.oluka","Lefghau","Mean Wolves",32,1988,180.06,1.94,2.45,2.59,3.52,1.09,1,0.47,0.09,0.53,0,0,0,0,0.1,0,0,"D",2021,3094683.72133733,2757535.3472664,2448412.09131275,2166239.90966646,1909796.96915169,1677746.94447424,1468670.33583748,1281093.41661431,1113514.52252405,964427.490834053
"126","k.jarvinen","Sobianitedrucy","Mean Wolves",24,1996,89.99,0.99,2.01,2.05,3.09,1.92,1,0.04,0,0.92,0.02,0,0.93,1.09,0.03,0,0,"D",2021,1787726.11858338,1638841.39331012,1497033.34494971,1362650.98020742,1235937.19333988,1117034.99813375,1005994.87603602,902782.988293104,807290.003415942,719340.301099421
"127","h.saeed","Manlisgamncent","Mighty Monkeys",23,1997,90.1,0.95,0.05,0.08,1.01,1.03,1,1.05,0.02,0,1.1,1,0,0.03,0,0,0,"D",2021,10584079.9694471,9737118.20614165,8926195.23868874,8153816.45252335,7421882.76496649,6731717.13598593,6084098.5116022,5479301.8465813,4917142.83308086,4397025.98076176
"128","c.hamed","Sobianitedrucy","Mighty Monkeys",23,1997,3330,36.96,1.56,1.44,4.46,3.21,1,0.44,0.21,0.36,0.14,1,0.18,0.15,0.1,0,1,"D",2021,7095799.52364655,6527977.76739012,5984317.21089614,5466497.51955141,4975793.11005155,4513090.92379688,4078913.1832968,3673444.22426148,3296560.48266798,2947862.72872243
"129","d.kateregga","Manlisgamncent","Red Rangers",20,2000,332.02,3.74,1.54,1.72,3.43,1.81,1,0.07,0.8,0.2,0,0,0.02,0,0,0.08,0,"D",2021,7859348.83606411,7307823.76982311,6770927.69070917,6251250.40588115,5751011.3598882,5272057.82362792,4815869.54704193,4383569.26448304,3975938.35270382,3593436.87877113
"130","g.daud","Sobianitedrucy","Red Rangers",29,1991,27.98,0.26,0.1,0,3.38,3.29,1,0.07,0,0,0,0,0,0,0.02,0.06,0,"D",2021,4046229.70576021,3644009.68462058,3270145.83355888,2924242.12172601,2605662.40066049,2313564.29718317,2046932.92110419,1804613.73245751,1585344.00488221,1387782.41840155
"131","v.ssali","Sobianitedrucy","Red Rangers",29,1991,3059.9,34.05,1.31,1.32,3.66,2.53,1,0.3,0.27,0.39,0.12,1,0.19,0.22,0,0.02,0,"D",2021,3276090.13745435,2950426.70750465,2647722.27293676,2367656.18147604,2109713.36604718,1873211.7866611,1657329.7223619,1461132.38267276,1283597.38239111,1123638.70182295
"132","h.tuhaise","Lefghau","Remarkable Flames",23,1997,450.03,5.02,1.42,1.47,5.15,3.73,1,0.43,0.17,0.33,0.32,1,0,0,0,0,0,"D",2021,6813994.96248464,6268723.83781056,5746654.36827349,5249399.51256062,4778183.07482751,4333856.77223635,3916922.08760618,3527556.03588735,3165639.96031301,2830790.48621264
"133","p.solanki","Nganion","Remarkable Flames",25,1994,1817.01,20.26,1.52,1.45,3.92,2.97,1,0.41,0.12,0.29,0.23,1,0.18,0.13,0.01,0.06,0.02,"D",2021,5740192.4272967,5243496.7197981,4772810.15085694,4328983.47990496,3912517.62585874,3523589.40462064,3162080.29284976,2827607.34696895,2519555.44073743,2237110.03811781
"134","g.boadi","Sobianitedrucy","Remarkable Flames",37,1983,1152.96,12.74,1.44,1.4,4.23,2.86,1,0.45,0.14,0.32,0.4,1,0.18,0.08,0,0,1,"D",2021,1711614.32460758,1498317.24815532,1306953.85872072,1135992.17908752,983895.642780738,849143.995451579,730251.16474437,625780.150721494,534355.050477646,454670.380732339
"135","w.lotfi","Moaithe","Serious Ranchers",25,1995,809.97,8.94,1.61,1.64,4.04,2.67,1,0.35,0.31,0.53,0.27,1,0.31,0.2,0.09,0,0,"D",2021,4611148.44112238,4212148.29150144,3834041.51788368,3477511.54300747,3142960.75956442,2830531.2053665,2540127.66954307,2271442.5300586,2023981.65044604,1797090.70654697
"136","j.turyasingura","Nganion","Serious Ranchers",37,1982,2610,28.94,1.36,1.37,3.78,2.57,1,0.63,0.07,0.29,0.35,1,0.31,0.29,0.09,0,0.04,"D",2021,1360186.28476909,1190683.28762735,1038610.56074389,902750.671915566,781882.541945455,674798.054562945,580316.257255952,497295.194399158,424641.462978774,361317.621073693
"137","a.white","Sobianitedrucy","Spicy Pointers",27,1992,206.06,2.31,1.29,1.38,5.27,3.55,1,0.42,0,0.37,0.41,1,0,0,0.02,0.07,0,"D",2021,5203049.39727904,4719214.50341081,4265206.83447107,3841219.14521962,3447122.22817115,3082498.61975906,2746677.74392541,2438771.63925866,2157710.4909216,1902277.27662139
"138","l.namaganda","Sobianitedrucy","Spicy Pointers",27,1992,2878.94,32.03,1.45,1.46,4.79,3.56,1,0.22,0.43,0.42,0.27,1,0.3,0.15,0.04,0.03,0,"D",2021,3892554.83473914,3530583.6690748,3190927.13080241,2873729.42544741,2578893.88907617,2306108.20487207,2054870.69509247,1824517.04959508,1614246.90832198,1423149.78097255
"139","r.martin","Sobianitedrucy","Spicy Pointers",37,1983,333.93,3.7,3.04,2.87,5.13,2.15,1,0,0.35,0.91,0,0.02,0.02,0,0,0.04,0,"D",2021,1287977.16199183,1127472.68429466,983473.144392688,854825.740723755,740374.218342324,638974.59705759,549508.618376584,470894.950439188,402098.236451714,342136.109869052
"140","g.caputo","Nkasland Cronestan","Strange Pioneers",22,1997,3148,34.9,1.47,1.5,3.65,2.26,1,0.36,0.27,0.45,0.32,1,0.2,0.23,0.13,0,1,"D",2021,6981086.87579288,6445279.60705796,5929513.91020486,5435694.39257964,4965346.73328697,4519628.51462772,4099345.3660875,3704971.63450756,3336674.75629723,2994342.49538297
"141","d.sorrentino","Sobianitedrucy","Strange Pioneers",30,1990,271.93,3.03,1.43,1.32,3.27,2.43,1,0.08,0.33,0.34,0.61,1,0.34,0,0.42,0,1,"D",2021,3710189.38373443,3329535.70517111,2977349.9563645,2652984.4356144,2355581.47120835,2084107.74130202,1837387.73806315,1614135.80246657,1412986.25451454,1232521.24336867
"142","e.binmohamed","Cabral Retrea","Sugar Bengals",23,1997,134.9,1.6,0.74,0.64,4.07,3.43,1,0.76,0,0,0.08,0.01,0,0,0.04,0.09,0,"D",2021,9240221.37118731,8500798.18008657,7792837.94585977,7118527.94563498,6479527.73762652,5876992.3058295,5311601.693638,4783595.94486427,4292814.15319725,3838736.43759165
"143","j.koval","Saintu","Sugar Bengals",36,1984,3240,36.1,0.82,1,2.96,2.15,1,0.77,0.23,0.02,0.3,1,0.1,0.12,0.01,0.06,1,"D",2021,2448474.31743212,2150972.26095196,1882923.50242328,1642438.63587489,1427592.43758716,1236453.91655511,1067112.58109447,917700.895762909,786412.994039926,671519.789565048
"144","a.berkowitz","Sobianitedrucy","Sugar Bengals",34,1985,45.05,0.46,2.06,2.05,2.02,1.93,1,0.04,0,0,0.01,0,1.95,2.02,0.02,0.05,0.1,"D",2021,255021.026568905,225630.614845345,198920.102273354,174750.300254098,152973.356922019,133435.772268417,115981.136362227,100452.570723871,86694.8622892303,74556.2878653992
"145","m.nyamahunge","Loco Phirema","Wet Flames",32,1988,90.02,1.05,0.96,0.96,3.02,1.95,1,0,1.07,0,0,0,0.08,0,0,0,0,"D",2021,2282116.46280654,2033492.71829566,1805535.57146861,1597452.98886377,1408343.95252374,1237223.014426,1083043.39107129,944718.310401422,821140.398259556,711198.963189843
"146","a.whang","Rosvi","Wet Flames",23,1997,449.95,4.94,1.19,1.2,3.73,2.77,1,0.48,0.48,0.1,0.29,1,0.18,0.11,0,0,0.02,"D",2021,6296352.58612253,5792504.36274085,5310095.22203073,4850615.5901896,4415196.30199241,4004624.37175107,3619363.1858728,3259576.31191917,2925154.10718497,2615742.32102702
"147","v.guillaume","Sobianitedrucy","Wet Flames",33,1987,2880.02,31.91,1.93,2.02,4.1,2.25,1,0.06,0.39,0.41,0.21,1,0.2,0.34,0,0,0.07,"D",2021,1578407.35744741,1401465.86437135,1239951.10880566,1093163.71604378,960338.776334545,840663.771018811,733295.142115225,637373.340189032,552036.24090116,476430.872188896
"148","x.arnaud","Imaar Vircoand","Big Foxes",27,1993,2879.91,32.07,1.45,1.44,3.64,2.45,1,0.39,0.38,0.33,0.29,1,0.23,0.2,0,0.1,1,"E",2021,5131420.2188383,4654246.16812234,4206488.71782341,3788337.96909109,3399666.49320968,3040062.57373699,2708864.86628067,2405197.63378871,2128005.78931748,1876089.06503875
"149","g.chandiga","Nganion","Big Foxes",41,1979,179.92,1.91,1.45,1.42,2.9,1.44,1,0.43,0,0.59,0.59,1,0.1,0.03,0.04,0,0,"E",2021,969179.336803325,836443.194357846,719328.665331355,616420.243255514,526362.604854877,447869.793199688,379731.938863859,320819.746283634,270086.990136224,226571.275170925
"150","i.friedrich","Nganion","Big Foxes",26,1994,359.94,4.04,2.46,2.56,3.78,1.49,1,0,0.2,0.82,0.05,0,0.21,0.32,0,0,0,"E",2021,3245109.35536211,2953809.58539238,2679132.9413454,2421389.43326778,2180688.48946081,1956956.75788046,1749957.24137554,1559309.24896342,1384508.67839012,1224948.18786824
"151","k.kravchenko","Greri Landmoslands","Deferred Dolphins",26,1994,2880.03,32.06,1.78,1.79,4,2.38,1,0.3,0.11,0.53,0.3,1,0.24,0.17,0.09,0.13,1,"E",2021,5923852.01415573,5392092.8220635,4890678.65911993,4420175.43957872,3980782.92159654,3572367.20316694,3194495.65293683,2846473.33067545,2527380.01249336,2236107.01375886
"152","e.kantono","Nganion","Deferred Dolphins",18,2002,90.02,0.91,1.91,2,6.91,6,1,0,0.04,0.94,0.01,0,2.05,0.9,1.07,0,1,"E",2021,3219753.43597048,3015135.93097438,2813518.5751677,2616081.60540001,2423881.57419765,2237845.59024347,2058768.17845243,1887310.63164815,1724002.67615204,1569246.23253313
"153","q.konig","Nganion","Deferred Dolphins",24,1995,450.01,5.05,1.67,1.63,4.79,3.28,1,0.1,0.14,0.5,0.3,1,0.09,0,0,0.08,0,"E",2021,6074081.51054104,5568222.16912194,5086406.9538951,4629821.67019924,4199291.58958899,3795302.62396566,3418026.29200912,3067347.62121582,2742895.1406041,2444072.15248236
"154","c.shevchenko","Nganion","Delta Colts",31,1989,2249.9,24.94,1.55,1.54,4.55,3.02,1,0.24,0.36,0.45,0.03,1,0.2,0.2,0.09,0,0,"E",2021,2412085.68728072,2156944.3465102,1921957.39958137,1706503.50530881,1509834.07258196,1331097.50349995,1169362.40101288,1023639.39679204,892901.327287677,776101.556858727
"155","f.dauda","Nganion","Delta Colts",34,1986,1169.92,12.93,1.33,1.34,3.4,2.16,1,0.02,0.49,0.47,0.17,1,0.21,0.21,0,0.09,0,"E",2021,1723179.88840254,1524588.55232608,1344105.3243655,1180789.70562376,1033642.65941508,901626.984488165,783685.817214219,678759.127976993,585798.140390847,503777.659168403
"156","w.abeja","Esia","Festive Governors",28,1992,2789.92,31.06,1.09,1.01,3.23,2.41,1,0.73,0.08,0.17,0.34,1,0.02,0.02,0,0,0,"E",2021,5533431.82821445,5001093.1341905,4503953.83849214,4041862.44115873,3614329.45263965,3220568.60079158,2859538.72210455,2529985.42403794,2230481.70854242,1959466.86043541
"157","g.kyobutungi","Lefghau","Festive Governors",31,1989,630.06,6.94,0.79,0.84,3.08,2.39,1,0.4,0.38,0.25,0.46,1,0.35,0.22,0,0,0.01,"E",2021,2638342.29374048,2359268.3811568,2102239.36936485,1866575.6346112,1651458.36701771,1455956.08775219,1279050.033575,1119658.03219043,976656.570843422,848900.838181502
"158","b.brandt","Nganion","Flying Penguins",27,1993,2520.01,28.04,1.14,1.18,2.77,1.78,1,0.25,0.25,0.41,0.43,1,0.25,0.11,0.13,0,1,"E",2021,5126588.24316235,4649863.52095739,4202527.69917772,3784770.69996514,3396465.21459655,3037199.91432045,2706314.07749606,2402932.79170471,2126001.96351999,1874322.45533976
"159","v.awio","Nganion","Flying Penguins",26,1993,900.03,10.01,1.26,1.18,2.99,1.97,1,0.37,0.25,0.4,0.4,1,0.09,0.13,0,0,0.06,"E",2021,4932074.08706978,4489342.61342526,4071875.77022353,3680144.72572126,3314315.7943412,2974277.49210051,2659669.61927091,2369913.58329204,2104243.22518684,1861735.47754414
"160","f.degroot","Nganion","Hideous Spiders",22,1998,1979.98,21.99,1.46,1.42,4.14,2.78,1,0.2,0.2,0.6,0.28,1,0.08,0.16,0.08,0.07,0,"E",2021,6471956.58707284,5975225.71350143,5497074.7810572,5039269.49417532,4603224.26426578,4190012.25121481,3800380.32999314,3434768.25335251,3093331.24657396,2775965.25895474
"161","j.martin","Nganion","Hideous Spiders",33,1986,1440.02,16.06,1.37,1.23,3.03,1.99,1,0.04,0.54,0.37,0.21,1,0.28,0.18,0.06,0,0,"E",2021,1873396.95886491,1663386.75239845,1471686.39668172,1297465.81040383,1139817.12932121,997775.982621787,870341.159211712,756492.467890366,655206.661327228,565471.354943157
"162","i.ajiko","Nganion","Horrible Bison",25,1995,3420.08,37.99,1.02,0.92,2.7,1.83,1,0.46,0.33,0.21,0.29,1,0.07,0.14,0,0.01,1,"E",2021,6607669.92425132,6035911.8639577,5494093.53212763,4983194.25786566,4503790.66066694,4056086.27745729,3639944.67324347,3254925.03270623,2900319.26962507,2575189.7524929
"163","e.lungu","Nganion","Mad Bees",23,1997,719.95,8.09,1.39,1.3,5.03,3.19,1,0.04,0.4,0.56,0.19,1,0.13,0.08,0,0.23,0,"E",2021,6574191.9074477,6048110.35984848,5544413.93790328,5064658.83588679,4610025.78895073,4181336.5400089,3779074.92333309,3403411.72423507,3054232.46180302,2731167.25336602
"164","k.nkhoma","Nganion","Mad Bees",24,1995,90.09,0.96,2.06,2.04,4.05,2.03,1,0,0,0.92,0,0.01,0,0,0,0,0,"E",2021,5633207.75421913,5164065.0929491,4717221.3682137,4293776.31629692,3894495.30824501,3519828.98711993,3169936.42229796,2844710.98630012,2543808.17054341,2266674.58731687
"165","r.martino","Nganion","Mad Bees",29,1991,2609.92,29.1,1.42,1.47,4.1,2.71,1,0.3,0.46,0.3,0.11,1,0.13,0.13,0,0.03,0.06,"E",2021,3475143.52742071,3129692.97104904,2808596.38567623,2511513.63637618,2237898.36088842,1987027.07885863,1758028.14202885,1549909.96257983,1361588.03576045,1191910.35593228
"166","y.ruggiero","Southern Ristan","Mad Kingsmen",28,1992,3420.09,37.9,0.7,0.73,2.87,2.43,1,0.72,0.26,0.08,0.42,1,0.25,0.26,0,0,1,"E",2021,4817866.630062,4354368.22447012,3921517.34682399,3519182.08863943,3146936.25954399,2804095.26552098,2489752.58289994,2202816.03305645,1942043.15263387,1706075.05300204
"167","l.sakurai","Nganion","Orange Giants",31,1988,300.05,3.36,0.82,0.98,1.62,0.7,1,0,0.23,0.62,0.08,0.01,0.06,0.05,0,0.05,0,"E",2021,3101744.44010572,2773653.59352048,2471479.64506693,2194423.60092098,1941522.83428737,1711682.26008344,1503704.17806316,1316316.34166874,1148197.90278671,998002.97379062
"168","m.murmu","Rosvi","Orange Giants",28,1992,3119.94,34.7,1.47,1.44,3.73,2.31,1,0.07,0.25,0.53,0.28,1,0.15,0.02,0,0.03,1,"E",2021,4744903.52600961,4288424.46839724,3862128.8040955,3465886.62227875,3099278.18691934,2761629.27168163,2452047.0815402,2169455.97812564,1912632.31428984,1680237.78078768
"169","f.krklis","Imaar Vircoand","Plane Janes",28,1992,179.99,2.07,2,1.99,3.93,2.04,1,0.02,0.09,1.09,0.02,0.08,0,0.05,0,0,0,"E",2021,3690666.85545013,3335609.66221066,3004029.62686615,2695825.70256167,2410671.41145909,2148042.32882008,1907244.02345316,1687439.84549671,1487678.02133773,1306917.59122936
"170","g.leung","Nganion","Plane Janes",31,1989,3239.99,36.05,1.23,1.08,3.1,2.38,1,0.43,0.4,0.27,0.28,1,0.17,0.22,0.13,0.1,1,"E",2021,3486543.25200036,3117749.83613601,2778088.5386775,2466661.24355513,2182385.90161172,1924031.57278142,1690251.97151709,1479617.01783094,1290642.00072703,1121814.06332347
"171","s.nuwagira","Saintu","Polar Kangaroos",27,1993,3419.94,38.08,0.71,0.62,3.2,2.58,1,0.62,0.29,0.16,0.42,1,0.12,0.01,0,0.08,1,"E",2021,7167644.92566817,6501121.03609883,5875686.69634566,5291607.44255302,4748705.2803746,4246405.11809276,3783783.17991525,3359616.2231589,2972430.48651489,2620549.4178317
"172","l.antwi","Nganion","Punctual Leopards",23,1997,1780.95,19.88,1.61,1.62,3.56,2.32,1,0.25,0.34,0.27,0.34,1,0.36,0.23,0.06,0.1,1,"E",2021,6627313.88061272,6096981.39384902,5589214.91307582,5105583.20720993,4647276.55219257,4215123.33093307,3809611.28726833,3430912.58652045,3078911.82272826,2753236.12442805
"173","z.fabre","Nganion","Punctual Leopards",25,1995,1636.97,18.17,1.41,1.53,3.27,1.77,1,0.41,0.26,0.38,0.23,1,0.12,0.01,0.09,0.02,0,"E",2021,6307747.91803932,5761941.94471085,5244716.73616747,4757007.1697852,4299363.6923118,3871980.60213607,3474727.65704641,3107184.05032211,2768673.83576211,2458301.94093476
"174","w.kong","Imaar Vircoand","Rabid Greyhounds",28,1992,719.97,7.95,1.09,1.07,2.71,1.8,1,0.48,0.08,0.56,0.17,1,0.09,0.1,0.07,0.08,0,"E",2021,4918567.00039637,4445380.80876216,4003482.72266769,3592738.07655093,3212711.77204519,2862704.90613014,2541792.00748147,2248858.06936421,1982634.65914326,1741734.48545364
"175","x.hosseinzadeh","Nganion","Rabid Greyhounds",28,1992,2700.05,30.01,1.63,1.55,4.5,3.02,1,0.11,0.32,0.44,0.13,1,0.31,0.25,0.17,0.01,1,"E",2021,3466549.09750783,3133052.94600059,2821608.28916907,2532120.21628373,2264282.07505124,2017601.28671155,1791425.5897861,1584969.14043246,1397337.96200946,1227554.30761867
"176","n.mucunguzi","Biarizea","Running Bigfoots",29,1991,2969.94,32.97,0.79,0.81,3.08,2.42,1,0.6,0.08,0.13,0.35,1,0.12,0.09,0.04,0.1,1,"E",2021,5604557.35694717,5047430.02050841,4529579.68838774,4050457.80606149,3609183.22470736,3204589.14729659,2835269.81817668,2499626.04849009,2195908.79707244,1922260.16032202
"177","u.nishimura","Galamily","Running Bigfoots",31,1989,449.9,4.99,1.01,1.05,2.75,1.81,1,0.67,0,0.48,0.48,1,0,0,0,0.08,0,"E",2021,4361757.10987587,3900386.86793241,3475461.67066451,3085857.95129861,2730222.03794155,2407013.99226587,2114549.57571988,1851039.72070752,1614627.01480778,1403418.83435765
"178","g.alali","Nganion","Sassy Knights",27,1993,2958.02,32.84,1.27,1.28,3.71,2.74,1,0.24,0.32,0.43,0.22,1,0.16,0.14,0.09,0,1,"E",2021,4704051.6515458,4266618.87745633,3856152.75233991,3472827.54483728,3116526.43908948,2786872.00831655,2483257.9879663,2204881.57644576,1950775.55936436,1719839.63278698
"179","i.kisitu","Nganion","Sassy Knights",24,1996,270.07,2.95,1.06,1.01,2.29,1.3,1,0.34,0.26,0.3,0.37,1,0.28,0.23,0.08,0.07,0,"E",2021,5675671.52249486,5202992.409859,4752780.32570735,4326143.29626255,3923852.46202589,3546361.86305857,3193831.76782013,2866154.74506141,2562983.68925404,2283761.04118682
"180","m.sseguya","Nganion","Sassy Knights",36,1984,187.03,2.16,2.34,2.4,4.38,1.47,1,0,1,0.53,0.07,0.07,0.06,0,0.08,0.05,0,"E",2021,1388909.33723356,1220149.80353143,1068097.80081948,931681.554083949,809808.970513656,701384.685775863,605324.963880333,520570.435980505,446096.715235052,380922.968733516
"181","c.ismail","Nganion","Screaming Ramblers",23,1996,70.93,0.83,0.09,0.05,1.2,1.2,1,0,0.06,1.35,0,0.1,0,0,0,0.09,0,"E",2021,7739033.37691406,7119738.60834537,6526795.25102566,5962035.23192062,5426848.49353222,4922202.37845205,4448666.44863247,4006441.7498061,3595393.5168778,3215086.32989392
"182","m.ategeka","Nganion","Screaming Ramblers",28,1992,3349.03,37.28,1.49,1.55,3.82,2.24,1,0.3,0.23,0.5,0.22,1,0,0.06,0,0.09,0,"E",2021,4653970.67692884,4206239.73000553,3788113.73218768,3399465.26230227,3039882.62827719,2708704.52486595,2405055.26685263,2127879.82974562,1875978.01676219,1648037.16644376
"183","c.musana","Nganion","Serious Magicians",23,1997,3329.93,37,1,1.17,2.88,1.8,1,0.26,0.28,0.32,0.32,1,0.19,0.12,0,0.04,1,"E",2021,7585995.46363275,6978947.13134001,6397729.11615009,5844137.11902133,5319533.59660705,4824866.76248305,4360694.9156224,3927215.12611657,3524295.29382459,3151508.60913954
"184","o.herrmann","Nganion","Serious Magicians",23,1996,89.98,0.93,1.97,1.94,3.09,1.1,1,0,0,1.03,0,0,0,0,0,0,0,"E",2021,6409075.67360739,5896207.09652308,5405161.42426108,4937455.76599766,4494241.20175061,4076318.83568497,3684160.35017708,3317932.24112521,2977522.90289976,2662571.74273712
"185","o.nabunya","Byasier Pujan","Swift Bison",31,1989,899.9,10.09,1.09,1.13,4.49,3.21,1,0.51,0.1,0.44,0.32,1,0.13,0.12,0.19,0,1,"E",2021,3435734.96395258,3072315.85746833,2737604.33627606,2430715.37226644,2150582.68464119,1895993.27143328,1665620.46608749,1458055.02871774,1271833.8845501,1105466.22308581
"186","g.taruvinga","Nganion","Swift Bison",29,1990,2520.05,27.99,1.54,1.41,4.44,3.03,1,0.22,0.34,0.41,0.15,1,0.23,0.24,0.15,0,1,"E",2021,3271780.47282587,2946545.44994251,2644239.22010642,2364541.55285791,2106938.05868736,1870747.59482268,1655149.52127386,1459210.27727183,1281908.82255179,1122160.56606805
"187","k.jao","Nganion","Ultimate Penguins",30,1990,1620.07,18.09,1.41,1.37,3.01,1.98,1,0.52,0.16,0.34,0.39,1,0.21,0.32,0.09,0,1,"E",2021,3298780.56835876,2960336.13109528,2647202.92293361,2358805.06335615,2094379.98461058,1853008.94598896,1633646.78725985,1435150.41124651,1256305.57302145,1095851.64184303
"188","o.noor","Cabral Retrea","Black Coyotes",34,1986,89.99,1.08,3.03,2.92,5.97,4.08,1,0.07,0.91,0.04,0,0,1.05,0.93,0.01,0.04,0.08,"RFL",2021,611220.598916425,540779.250225434,476760.938828644,418832.065022979,366638.265456394,319811.639612944,277977.312632194,240759.286661993,207785.555427849,178692.476989782
"189","a.khainza","Sobianitedrucy","Black Coyotes",21,1999,3329.91,36.91,0.94,1.12,3.34,2.42,1,0.57,0.13,0.1,0.35,1,0.2,0.11,0.09,0.12,1,"RFL",2021,11048467.8672258,10236751.6484214,9451067.9806708,8694772.37206466,7970657.65310859,7280961.01098672,6627379.87229429,6011095.57585597,5432803.68253434,4892749.71354547
"190","y.tsua","Highhlaands","Educated Avengers",23,1996,360.05,3.96,3.52,3.56,6.34,2.75,1,0,0,1.03,0.05,0.09,0.08,0.06,0.05,0.08,0,"RFL",2021,5528617.2198915,5086204.89848827,4662617.52057659,4259163.7796941,3876836.62414287,3516327.10494292,3178042.10624432,2862125.25126782,2568480.26641062,2296796.09599733
"191","f.ithungu","Rarita","Educated Avengers",28,1992,2879.98,31.98,1.21,1.2,4.67,3.52,1,0.25,0.26,0.39,0.35,1,0.06,0.04,0.01,0.04,0.09,"RFL",2021,4271796.06984652,3860831.87772192,3477041.53649062,3120308.08854722,2790253.64913527,2486271.21805022,2207557.01956518,1953142.66565414,1721926.51725333,1512703.70599352
"192","s.marchetti","Rarita","Educated Avengers",26,1993,179.91,1.99,1.98,2.04,3.04,1.1,1,0.05,0,0.91,0.02,0,0.08,0.04,0,0,0,"RFL",2021,4833322.02059208,4399455.10314547,3990346.95706068,3606459.3166649,3247955.16636341,2914725.25435268,2606416.59297523,2322462.17449483,2062111.18029244,1824459.02500173
"193","l.werner","People's Land of Maneau","Mad Wolverines",27,1993,3329.98,37.01,2.08,2.04,6.19,4.4,1,0.13,0.37,0.57,0.13,1,0.36,0.1,0.12,0.06,1,"RFL",2021,4414563.37359468,4004050.29977018,3618844.34195617,3259109.04426644,2924734.77971332,2615367.34843625,2330437.79552464,2069192.72395587,1830724.44190609,1614000.35836405
"194","x.tumushabe","Rarita","Mad Wolverines",31,1989,90,0.97,1.93,1.92,7.06,4.97,1,0.98,0,0,0,0.04,0.04,0,0.03,0.06,0,"RFL",2021,3905608.28414552,3492487.74726081,3112000.86346941,2763141.56764936,2444697.75375563,2155290.52889314,1893411.79073655,1657459.57084792,1445770.70340761,1256650.49371561
"195","t.kamugisha","Lefghau","Marvelous Coyotes",26,1993,3239.97,35.91,0.74,0.71,2.27,1.69,1,0.76,0.1,0.14,0.48,1,0.32,0.17,0.11,0,1,"RFL",2021,6890427.74848092,6271903.13241245,5688674.84555253,5141401.14054955,4630314.36945121,4155258.78189461,3715731.15547092,3310923.15880418,2939764.41805531,2600965.34811442
"196","c.baba","People's Land of Maneau","Marvelous Coyotes",34,1985,90.05,1.09,3.05,2.92,2.95,0.99,1,1.01,0.08,0,0,0,2.05,0.94,1.09,0.04,1,"RFL",2021,1304158.740278,1153858.34016847,1017262.74686881,893660.160139811,782294.476434528,682380.708018136,593118.986027231,513707.045475848,443351.138189965,381275.362939813
"197","m.bahri","Slandsganiamayotteque","Marvelous Coyotes",25,1995,90.06,1.01,1.04,0.99,2.06,1,1,0.99,0.01,0.06,0.04,0,0,0.06,0.07,0.09,0,"RFL",2021,8732941.50998285,7977284.86313981,7261197.67126262,6585974.25199836,5952376.68704644,5360673.97835282,4810685.808373,4301829.57924056,3833169.45795862,3403466.23597059
"198","a.omar","Rarita","Red Anchormen",33,1986,270.05,3.08,0.75,0.58,3.97,3.3,1,0.76,0.01,0.3,0.26,1,0.08,0.03,0,0,0,"RFL",2021,3036482.19749395,2696088.64117377,2385372.47681114,2102988.27299014,1847464.52437905,1617238.13737468,1410686.30606397,1226155.46076212,1061987.07827786,916540.242233569
"199","f.akumu","Rarita","Red Anchormen",20,2000,3149.98,34.98,1.42,1.53,5.13,3.81,1,0.54,0.22,0.41,0.3,1,0.26,0.21,0.09,0,1,"RFL",2021,8378641.3519976,7790675.24652769,7218304.7125278,6664290.67406524,6130999.22154596,5620399.68101131,5134069.57425223,4673205.81829989,4238641.41798804,3830866.83849788
"200","b.ampofo","Rarita","Serious Buffaloes",32,1988,90.06,1.03,0.95,1.06,4.94,3.99,1,0,0.94,0,0,0.01,0,0.04,0,0,0,"RFL",2021,2035342.93834625,1813603.78044496,1610296.4661156,1424714.60734544,1256054.61651448,1103437.60566653,965929.983796102,842562.495446553,732347.510842219,634294.441619974
"201","n.irawan","Rarita","Serious Buffaloes",24,1996,3329.92,36.99,1.91,2.04,4.58,2.83,1,0.25,0.34,0.42,0.09,1,0.08,0.15,0,0.09,1,"RFL",2021,6420554.02424115,5885839.89098298,5376541.38820577,4893911.96093264,4438823.95514577,4011790.99971366,3612994.39693664,3242312.61614886,2899352.99724163,2583484.80620876
"202","w.nasiru","Rarita","Stacked Rocks",33,1986,3419.94,37.94,1.14,1.21,3.69,2.96,1,0.53,0.2,0.27,0.33,1,0.19,0.22,0.07,0.04,0.06,"RFL",2021,2419713.93419397,2148460.89275755,1900857.19097788,1675830.68058178,1472208.74743097,1288745.79246507,1124148.63303884,977099.571452384,846276.962652273,730373.19211436
"203","g.leitner","Rarita","Strong Oaks",26,1994,2610,29.04,1.93,1.98,4.24,2.51,1,0.24,0.31,0.43,0.14,1,0.33,0.25,0,0,1,"RFL",2021,4415301.97717945,4018958.95466341,3645233.38897741,3294547.08038203,2967048.91723268,2662639.09659837,2380995.15970325,2121599.1376704,1883765.14801175,1666666.84033319
"204","u.nyeko","Rarita","Strong Oaks",29,1991,603.03,6.65,1.73,1.84,3.9,2.57,1,0.36,0.21,0.38,0.1,1,0.39,0.48,0,0,0.02,"RFL",2021,2359000.70653102,2124501.58437329,1906534.45128012,1704868.41649129,1519132.59778329,1348835.88143562,1193386.57423038,1052111.56544633,924274.67038953,809093.883340345
"205","z.nyamahunge","Rarita","Strong Oaks",38,1982,207.09,2.29,2.24,2.15,8.19,5.99,1,0.08,0.4,0.52,0.39,1,0.03,0,0.07,0,0,"RFL",2021,966724.701759775,843255.712928028,732950.049051283,634816.306760791,547873.607385007,471163.1267119,403757.702394622,344769.592316195,293356.489590988,248725.92494983
"206","e.miyazaki","Greri Landmoslands","Wild Hornets",32,1988,3329.09,37.06,1.47,1.36,3.87,2.67,1,0.31,0.32,0.33,0.3,1,0.15,0.29,0,0.03,1,"RFL",2021,2497398.33271224,2225320.84011551,1975859.5143269,1748147.60595887,1541199.10015141,1353935.58732793,1185211.53639553,1033837.65540946,898602.106841699,778289.422930103
"207","m.asiimwe","Rarita","Wild Hornets",33,1986,90.94,1.09,0.9,0.94,4.05,2.98,1,0,0.06,0.93,0,0,0,0.01,0.04,0,0,"RFL",2021,2245130.05645555,1993448.09205972,1763709.15263408,1554918.44607566,1365987.96309163,1195761.9753749,1043040.60421905,906601.224639529,785217.549102323,677676.308291196
