,Player,Nation,Pos,Age,Born,90s,Tackles Tkl,Tackles TklW,Tackles Def 3rd,Tackles Mid 3rd,Tackles Att 3rd,Vs Dribbles Tkl,Vs Dribbles Att,Vs Dribbles Tkl%,Vs Dribbles Past,Pressures Press,Pressures Succ,Pressures %,Pressures Def 3rd,Pressures Mid 3rd,Pressures Att 3rd,Blocks Blocks,Blocks Sh,Blocks ShSv,Blocks Pass,Int,Tkl+Int,Clr,Err,League,Year
0,G. Adilovi?,Bernepamar,DF,18,2002,5.26,0.85,0.51,0.66,0.23,0.02,0.6,1.41,42.82,0.81,10.95,2.93,27.62,8.09,2.66,0.14,2.59,1.25,0.03,1.24,2.12,2.99,5.25,-0.02,Tournament,2021
1,J. Mizrahi,Bernepamar,DF,21,1999,3.87,2.85,1.8,1.95,0.21,0.45,1.34,2.01,62.52,0.82,10.45,5.21,48.84,4.53,4.35,1.61,1.81,-0.05,0.05,1.88,2.74,5.55,2.33,0.02,Tournament,2021
2,L. Ayugi,Bernepamar,DF,28,1992,5.29,1.03,0.53,1.09,0.07,0.02,0.37,1.49,25.06,1.1,8.62,2.2,26.17,5.4,1.94,1.31,2.29,0.04,0.02,2.26,2.81,3.96,1.26,0.11,Tournament,2021
3,X. Krawczyk,Bernepamar,DF,24,1996,5.23,1.35,1.2,1.34,0.08,0.05,0.32,0.79,50.06,0.33,8.79,3.27,36.3,5.68,3.17,-0.09,2.4,1.24,0.0,1.05,2.52,3.81,5.75,-0.01,Tournament,2021
4,Y. Salihovi?,Bernepamar,DF,29,1991,1.66,0.54,0.04,0.51,0.09,-0.07,-0.09,0.07,,0.02,3.54,0.58,16.71,3.61,-0.05,0.02,0.62,0.62,-0.03,-0.01,1.16,1.82,4.73,0.03,Tournament,2021
5,D. Lal,Bernepamar,FW,25,1995,4.82,0.91,0.39,0.34,0.19,0.2,-0.01,0.9,0.07,0.77,17.16,3.1,18.38,1.79,8.97,6.16,0.37,0.04,-0.09,0.45,0.49,1.2,0.31,-0.02,Tournament,2021
6,E. Twinamatsiko,Bernepamar,FW,24,1996,0.14,-0.05,-0.05,-0.04,0.1,0.09,0.08,-0.04,,-0.09,-0.09,-0.03,,-0.07,0.05,0.09,-0.05,-0.1,-0.07,0.04,0.02,0.02,0.05,-0.04,Tournament,2021
7,J. Akello,Bernepamar,FW,31,1989,4.93,0.52,0.43,-0.09,0.7,-0.09,0.01,0.53,-0.05,0.55,13.21,3.7,27.79,2.39,8.0,2.94,0.83,-0.07,-0.01,0.91,0.3,0.72,0.66,-0.06,Tournament,2021
8,R. Velásquez,Bernepamar,FW,23,1997,1.5,0.63,0.67,0.07,0.61,-0.01,0.66,1.27,50.04,0.6,18.14,3.05,17.29,5.02,9.91,3.05,0.05,-0.05,-0.07,0.04,-0.01,0.72,0.54,-0.07,Tournament,2021
9,V. Opiyo,Bernepamar,FW,23,1997,0.12,-0.04,-0.03,0.09,0.0,-0.07,-0.1,-0.03,,-0.02,25.06,14.91,60.04,0.09,-0.08,25.05,0.05,0.02,0.04,0.03,0.06,0.01,0.05,0.08,Tournament,2021
10,K. Salihovi?,Bernepamar,FWDF,24,1996,0.34,0.0,0.0,-0.03,0.04,0.04,0.0,0.04,,-0.05,19.92,5.03,24.9,5.01,10.04,5.07,4.9,0.05,-0.1,5.03,-0.1,-0.03,-0.08,0.07,Tournament,2021
11,J. Otto,Bernepamar,FWMF,32,1988,0.8,3.83,0.09,1.23,0.01,2.5,1.18,2.43,49.93,1.25,16.27,5.07,30.72,7.44,6.17,2.56,0.09,-0.05,-0.03,-0.04,1.17,5.08,1.17,-0.09,Tournament,2021
12,E. Bin Abdul Rahman,Bernepamar,GK,26,1994,5.22,0.01,0.05,-0.05,0.03,0.04,0.02,0.03,,-0.08,0.24,0.19,100.01,0.18,0.01,-0.06,0.04,0.0,-0.01,-0.02,0.01,-0.06,0.22,0.18,Tournament,2021
13,B. Schneider,Bernepamar,MF,25,1995,-0.02,0.09,0.05,-0.06,-0.02,0.05,-0.02,0.09,,-0.02,1.07,-0.07,-0.02,-0.05,1.0,0.09,0.01,-0.02,0.05,-0.1,-0.09,0.06,0.07,0.08,Tournament,2021
14,M. Hussein,Bernepamar,MF,30,1990,0.04,1.05,0.04,-0.05,-0.05,1.0,0.1,0.03,,-0.04,1.1,0.05,-0.02,-0.08,0.01,1.07,0.0,-0.05,-0.01,0.03,-0.06,1.03,1.92,-0.06,Tournament,2021
15,N. Kabagambe,Bernepamar,MF,31,1989,2.07,2.48,0.93,1.97,-0.08,0.42,-0.1,2.92,0.04,3.1,19.98,5.51,27.56,9.91,7.41,2.45,2.04,0.53,0.01,1.49,2.01,4.46,1.96,0.04,Tournament,2021
16,T. Al-Zahrani,Bernepamar,MF,22,1998,3.5,2.87,2.31,1.48,1.46,0.07,1.39,3.98,35.68,2.51,29.14,4.98,17.15,9.94,16.5,2.71,2.47,-0.06,-0.02,2.53,0.87,3.66,0.53,0.07,Tournament,2021
17,U. Lai,Bernepamar,MF,29,1991,0.56,4.99,5.0,3.39,1.58,-0.01,-0.06,0.01,,0.07,11.64,5.05,42.84,5.0,5.09,1.72,-0.03,0.02,-0.04,0.06,1.67,6.59,8.28,0.02,Tournament,2021
18,Z. Janssen,Bernepamar,MF,29,1991,4.2,1.89,1.48,1.28,0.51,0.18,0.24,1.61,14.21,1.52,17.08,5.28,31.31,8.33,8.14,0.77,1.15,0.29,-0.03,1.01,2.16,4.06,0.69,0.07,Tournament,2021
19,H. Sinaga,Bernepamar,MFDF,24,1996,5.31,2.16,1.63,1.56,0.34,0.42,0.66,1.18,49.92,0.54,18.78,7.0,37.35,7.59,6.91,4.13,2.68,0.1,0.07,2.55,1.15,3.35,2.11,0.06,Tournament,2021
20,K. Mayanja,Bernepamar,MFFW,27,1993,3.29,1.27,0.53,0.58,0.65,0.01,0.72,1.8,33.25,1.26,23.7,6.85,28.93,8.12,11.25,4.43,1.91,0.37,0.0,1.49,0.89,2.24,-0.06,-0.07,Tournament,2021
21,J. Muratovi?,Byasier Pujan,,38,1982,4.1,0.09,-0.01,-0.07,-0.04,-0.09,0.09,0.06,,0.08,0.05,-0.04,,-0.03,0.03,0.05,-0.02,0.06,0.05,0.09,-0.04,-0.01,0.07,-0.03,Tournament,2021
22,C. Carvalho,Byasier Pujan,DF,25,1995,0.59,0.1,-0.02,0.0,-0.02,-0.05,0.05,1.68,-0.05,1.57,9.99,3.42,33.24,1.58,8.32,-0.01,0.09,-0.01,-0.07,0.02,1.69,1.71,1.61,-0.09,Tournament,2021
23,D. Iskandar,Byasier Pujan,DF,30,1990,3.3,1.57,1.22,1.21,0.33,0.08,0.0,0.54,-0.07,0.67,13.33,4.76,36.45,4.79,3.64,4.82,2.14,0.39,0.03,1.91,1.16,2.71,0.23,0.06,Tournament,2021
24,F. Kyamanywa,Byasier Pujan,DF,19,2001,1.56,4.34,1.82,1.83,1.8,0.56,1.22,1.8,66.65,0.61,17.52,5.66,32.19,6.16,8.08,3.12,1.24,0.58,0.07,0.72,1.96,6.2,3.05,0.09,Tournament,2021
25,I. Gumede,Byasier Pujan,DF,28,1992,3.55,2.62,2.06,0.9,1.69,0.1,0.63,0.82,66.74,0.31,15.77,5.97,38.16,7.42,7.4,0.81,1.47,0.9,-0.02,0.49,2.22,4.84,6.32,-0.01,Tournament,2021
26,O. Oh,Byasier Pujan,DF,30,1990,3.32,2.73,1.49,1.78,0.81,0.07,1.29,1.51,80.06,0.37,12.09,4.54,37.44,6.02,5.51,0.61,1.92,0.9,0.02,0.84,2.2,4.79,0.59,0.01,Tournament,2021
27,Q. Hor,Byasier Pujan,DF,29,1992,-0.05,0.0,0.0,-0.03,0.01,0.05,-0.04,0.06,,-0.06,0.99,0.95,99.97,1.05,0.0,-0.03,0.02,-0.04,-0.03,-0.08,-0.08,-0.09,0.0,-0.05,Tournament,2021
28,V. Bila,Byasier Pujan,DF,24,1996,3.43,1.77,0.93,0.55,0.49,0.48,1.11,2.01,57.18,0.94,18.37,7.06,39.1,5.38,6.82,6.05,1.11,0.32,0.06,0.91,0.61,2.38,-0.07,-0.06,Tournament,2021
29,Z. Nalunga,Byasier Pujan,DF,21,1999,0.58,0.02,0.1,0.02,0.09,0.01,-0.01,1.75,0.05,1.66,21.65,1.74,7.7,11.61,5.08,4.93,4.96,1.58,-0.02,3.25,1.57,1.67,-0.08,0.08,Tournament,2021
30,L. Mhango,Byasier Pujan,DFFW,29,1991,0.57,3.24,1.58,1.63,1.57,0.05,1.67,1.71,100.02,0.03,29.91,11.73,38.81,3.38,13.23,13.28,1.72,-0.04,-0.05,1.62,-0.01,3.36,1.74,0.07,Tournament,2021
31,W. Joao,Byasier Pujan,DFMF,21,1999,2.63,3.08,1.19,1.54,1.62,0.06,1.15,1.12,99.96,0.04,15.84,4.64,29.21,6.61,8.37,0.78,1.52,0.81,0.0,0.68,0.81,3.93,5.36,0.04,Tournament,2021
32,E. Lam,Byasier Pujan,FW,28,1992,2.17,1.42,0.87,0.41,0.57,0.52,-0.01,0.55,0.04,0.42,27.54,7.17,25.82,2.82,13.33,11.49,0.55,-0.01,0.09,0.51,0.03,1.5,-0.04,0.0,Tournament,2021
33,S. Amulen,Byasier Pujan,FW,22,1999,1.67,-0.09,0.0,0.08,-0.01,-0.08,-0.08,0.62,-0.07,0.52,11.21,2.4,21.1,1.73,2.98,6.47,0.63,0.02,0.06,0.63,0.07,-0.02,-0.01,-0.04,Tournament,2021
34,U. Yong,Byasier Pujan,FW,30,1990,0.06,-0.05,0.04,0.1,-0.09,0.08,-0.08,9.96,0.03,10.02,90.09,39.97,44.32,20.01,39.98,30.09,-0.08,0.02,0.05,0.03,0.02,0.01,0.06,-0.01,Tournament,2021
35,Y. Manjate,Byasier Pujan,FW,26,1994,3.5,0.02,0.02,-0.09,0.1,-0.02,-0.08,0.78,-0.01,0.79,13.38,5.28,39.56,0.77,4.51,8.05,0.33,0.08,-0.02,0.29,0.58,0.49,0.08,0.0,Tournament,2021
36,Z. Namiiro,Byasier Pujan,FWDF,29,1992,0.8,0.02,-0.08,0.09,-0.01,0.05,-0.1,1.35,0.08,1.51,18.52,2.9,15.47,5.64,8.55,4.21,0.1,-0.09,-0.1,-0.1,0.05,0.08,0.01,-0.02,Tournament,2021
37,A. Nsereko,Byasier Pujan,MF,21,1999,0.06,-0.01,0.02,-0.08,-0.02,-0.08,0.08,-0.03,,0.07,0.04,-0.09,,-0.03,0.01,0.08,0.08,-0.03,-0.04,-0.01,0.06,-0.03,0.0,-0.01,Tournament,2021
38,H. Gaillard,Byasier Pujan,MF,23,1997,3.93,1.74,1.33,0.8,0.82,0.32,0.19,0.57,49.91,0.33,17.41,7.42,42.67,4.12,8.16,5.21,1.25,-0.02,-0.01,1.28,1.99,3.83,1.33,-0.06,Tournament,2021
39,V. Waswa,Byasier Pujan,MF,30,1990,3.96,1.74,0.68,0.57,0.8,0.45,0.0,0.6,-0.08,0.55,17.33,5.1,29.04,5.23,8.03,3.94,1.0,0.26,0.05,0.69,1.23,2.92,0.22,-0.05,Tournament,2021
40,W. Nabuuma,Byasier Pujan,MF,29,1991,2.57,1.55,1.07,0.02,1.49,0.01,0.48,2.0,20.07,1.55,20.02,6.17,30.82,4.69,12.72,2.63,1.55,0.45,-0.05,1.21,0.85,2.22,2.78,-0.04,Tournament,2021
41,X. Abramov,Byasier Pujan,MF,18,2002,1.15,3.28,0.77,1.76,1.77,0.07,0.81,3.27,24.97,2.52,26.71,4.99,18.84,11.79,10.06,5.07,2.4,0.8,-0.01,1.61,1.73,5.09,0.74,0.02,Tournament,2021
42,C. Magombo,Djipines,DF,23,1997,3.98,0.48,0.57,0.31,0.17,0.06,0.32,0.83,33.33,0.53,10.59,2.91,28.56,7.76,2.73,0.04,1.77,1.25,-0.05,0.5,2.35,2.82,6.45,-0.01,Tournament,2021
43,F. Nassolo,Djipines,DF,19,2001,1.58,0.03,-0.03,0.03,-0.03,0.03,-0.03,2.05,0.04,2.0,13.94,2.03,14.29,8.74,4.62,0.64,1.98,-0.02,-0.08,1.97,1.35,1.35,3.28,0.59,Tournament,2021
44,H. Namara,Djipines,DF,25,1995,3.48,0.5,0.24,0.23,0.03,0.29,0.27,0.53,50.01,0.25,6.78,1.73,26.13,4.03,1.81,0.85,2.72,0.9,-0.04,1.81,0.39,0.79,1.56,0.04,Tournament,2021
45,M. Tang,Djipines,DF,27,1993,3.16,1.98,0.62,1.67,0.04,0.32,1.2,1.62,79.97,0.33,14.73,2.51,17.46,6.74,5.41,2.62,2.24,1.34,0.07,0.98,0.73,2.59,4.85,0.09,Tournament,2021
46,N. Dekker,Djipines,DF,23,1997,2.92,2.41,1.31,2.07,0.34,0.09,1.28,1.34,99.91,-0.03,11.08,3.62,33.26,7.42,3.63,0.06,3.04,2.07,0.04,1.07,1.38,3.69,6.69,0.04,Tournament,2021
47,T. Alowo,Djipines,DF,31,1989,0.98,0.91,0.04,1.0,0.05,-0.09,0.99,2.06,50.01,1.04,9.02,3.06,33.27,4.91,3.93,-0.03,-0.06,-0.04,-0.05,0.0,0.02,1.02,4.02,-0.03,Tournament,2021
48,I. binti Omar,Djipines,DFMF,20,2000,0.76,5.02,3.85,1.26,1.31,2.41,2.41,2.52,100.07,-0.09,13.8,5.1,36.33,6.23,7.6,0.02,2.58,1.34,-0.05,1.2,1.17,6.15,5.03,-0.08,Tournament,2021
49,L. Ningsih,Djipines,FW,22,1999,0.01,0.04,0.09,-0.03,0.05,-0.02,0.05,-0.02,,0.05,30.08,-0.01,0.1,-0.09,9.92,20.04,-0.04,-0.09,0.01,-0.09,0.04,-0.09,-0.04,0.03,Tournament,2021
50,C. Mawejje,Djipines,FWMF,23,1997,0.33,-0.01,-0.09,0.01,-0.02,0.09,-0.05,-0.04,,-0.06,15.08,2.53,16.75,2.57,-0.01,12.51,7.51,2.43,0.07,5.1,-0.06,0.01,2.49,-0.06,Tournament,2021
51,F. Alupo,Djipines,FWMF,28,1992,3.13,0.05,0.05,-0.02,0.01,-0.03,-0.06,1.0,0.1,0.9,15.54,3.78,23.95,0.94,10.03,4.69,0.27,-0.05,0.09,0.36,0.23,0.28,2.09,0.04,Tournament,2021
52,H. Brun,Djipines,GK,27,1993,3.97,0.09,-0.06,-0.04,0.08,0.03,0.0,0.05,,-0.09,0.07,0.02,,-0.06,0.09,0.03,0.0,-0.01,-0.05,0.08,0.01,0.08,-0.06,0.01,Tournament,2021
53,K. Moretti,Djipines,MF,30,1990,3.7,1.57,1.27,0.36,1.11,0.26,0.0,2.39,0.03,2.49,18.36,4.11,22.08,7.29,8.05,2.88,0.57,0.26,-0.03,0.33,1.85,3.54,1.58,-0.07,Tournament,2021
54,W. Hon,Djipines,MF,24,1997,3.36,1.76,1.5,1.45,0.23,-0.07,1.29,3.37,36.31,2.06,27.31,6.09,22.28,12.69,11.13,3.37,1.53,0.69,0.68,0.86,2.08,3.94,2.38,-0.08,Tournament,2021
55,Y. Akampurira,Djipines,MF,20,2000,0.08,0.0,0.08,0.09,0.0,-0.09,-0.03,-0.08,,0.01,30.0,9.9,33.24,29.93,-0.01,0.09,19.94,9.94,0.07,9.95,-0.08,-0.09,0.02,-0.02,Tournament,2021
56,I. Koomson,Djipines,MFFW,23,1997,3.41,1.14,0.33,0.09,0.83,0.35,0.05,-0.06,,0.1,15.39,2.87,18.45,1.63,9.38,4.31,1.24,-0.01,-0.03,1.21,0.33,1.36,0.33,-0.04,Tournament,2021
57,K. Mohammadzadeh,Djipines,MFFW,30,1990,3.91,1.81,1.36,1.02,0.35,0.61,-0.09,0.19,-0.09,0.32,19.8,3.76,19.5,4.59,10.03,5.11,1.11,0.18,0.07,0.81,1.63,3.25,0.54,0.09,Tournament,2021
58,Q. Ariko,Djipines,MFFW,31,1989,3.97,0.25,0.23,0.23,0.03,0.01,-0.06,0.45,0.08,0.47,8.3,1.03,12.41,1.51,3.27,3.27,0.94,0.05,-0.07,1.03,1.02,1.19,1.26,-0.03,Tournament,2021
59,T. Cheung,Djipines,MFFW,23,1997,0.66,5.07,3.4,5.01,-0.03,0.05,1.67,3.4,50.08,1.7,16.79,3.41,20.0,6.68,6.67,3.42,1.62,1.64,0.02,-0.07,-0.03,5.04,1.71,0.0,Tournament,2021
60,B. Klemen?i?,Dosqaly,DF,24,1996,3.33,4.18,0.9,2.12,1.61,0.51,2.43,2.71,88.88,0.32,17.37,5.52,31.54,7.31,6.41,3.73,1.14,0.03,-0.04,1.19,1.92,5.97,1.0,0.09,Tournament,2021
61,B. Luki?,Dosqaly,DF,22,1998,1.09,0.1,-0.01,0.0,-0.02,0.06,0.0,0.96,0.07,1.05,8.07,0.03,-0.1,2.94,5.06,0.01,2.0,0.0,-0.09,2.08,3.1,3.09,0.97,0.04,Tournament,2021
62,B. Mangwiro,Dosqaly,DF,24,1996,1.6,0.63,0.61,0.75,-0.06,0.0,0.05,0.76,-0.07,0.74,21.99,4.0,18.13,14.66,4.07,3.42,1.24,0.08,-0.06,1.31,1.32,1.99,4.64,-0.02,Tournament,2021
63,L. Wilson,Dosqaly,DF,25,1995,0.42,2.03,1.93,2.03,0.02,-0.02,0.1,0.09,,0.06,15.92,6.08,37.55,14.07,1.92,-0.02,1.94,2.04,-0.02,-0.06,1.94,3.93,10.02,-0.09,Tournament,2021
64,N. Kamusiime,Dosqaly,DF,27,1993,1.1,0.93,0.94,-0.07,0.85,-0.05,-0.01,0.91,-0.02,0.99,5.53,3.67,66.7,0.99,2.67,1.83,0.07,-0.03,-0.01,0.03,0.96,1.9,-0.07,0.04,Tournament,2021
65,Q. Coppola,Dosqaly,DF,25,1995,4.23,1.42,0.73,1.25,-0.04,0.33,0.89,1.61,57.18,0.64,8.42,3.03,36.01,5.17,3.04,0.21,0.85,0.03,-0.04,0.98,0.86,2.26,3.25,0.03,Tournament,2021
66,V. Andersson,Dosqaly,DF,27,1993,4.29,1.09,0.43,1.08,-0.05,0.01,0.77,0.79,99.91,0.01,7.5,2.56,34.39,4.67,2.72,-0.01,1.56,0.68,0.06,0.84,1.33,2.65,4.51,-0.04,Tournament,2021
67,O. Maulana,Dosqaly,DFMF,25,1995,3.5,2.39,0.96,0.86,0.86,0.68,1.47,2.32,62.5,0.93,13.6,3.85,28.22,4.93,6.18,2.34,1.81,0.04,0.03,1.7,2.38,4.8,0.79,0.03,Tournament,2021
68,H. Robert,Dosqaly,FW,22,1998,4.23,0.48,0.26,-0.01,0.3,0.21,-0.08,0.43,-0.05,0.44,7.48,1.33,18.83,1.39,3.3,2.7,0.64,0.23,-0.03,0.54,0.23,0.62,-0.09,0.04,Tournament,2021
69,K. Nambozo,Dosqaly,FW,25,1995,0.1,-0.08,-0.04,-0.02,-0.05,-0.06,-0.06,0.01,,0.0,0.08,0.03,,-0.03,0.03,0.04,0.08,-0.05,0.02,0.04,-0.07,-0.03,-0.03,-0.05,Tournament,2021
70,S. Mlakar,Dosqaly,FW,34,1986,0.58,-0.06,-0.07,0.1,0.09,-0.04,-0.05,-0.03,,0.03,25.98,8.01,30.87,4.1,6.03,15.98,3.99,-0.02,0.03,3.94,0.09,0.06,-0.08,0.08,Tournament,2021
71,Y. Sen,Dosqaly,FW,33,1987,3.71,0.25,0.17,0.19,0.07,-0.02,0.06,0.04,,0.07,8.69,2.95,33.33,0.96,4.8,2.91,0.24,0.1,-0.06,0.19,0.53,0.78,0.27,-0.02,Tournament,2021
72,P. Peh,Dosqaly,FWMF,23,1997,0.39,-0.09,0.09,0.04,-0.06,0.04,-0.08,3.37,0.0,3.41,13.3,3.34,25.04,3.39,3.38,6.68,0.02,-0.04,0.05,-0.07,0.03,-0.01,-0.09,-0.06,Tournament,2021
73,U. Oola,Dosqaly,FWMF,26,1994,0.87,1.1,1.1,-0.03,1.15,-0.1,-0.05,1.02,-0.01,1.2,17.83,4.42,25.1,5.55,8.95,3.3,-0.05,-0.08,0.03,0.02,1.21,2.14,2.23,0.08,Tournament,2021
74,H. Cardoso,Dosqaly,MF,31,1989,0.42,-0.09,-0.06,-0.08,0.01,0.0,0.04,-0.05,,0.02,9.99,2.54,24.93,0.06,4.93,4.91,0.0,-0.06,0.02,-0.08,-0.07,0.01,0.0,0.08,Tournament,2021
75,J. Rukundo,Dosqaly,MF,27,1993,4.17,1.97,1.15,0.69,1.23,0.02,0.28,1.03,25.03,0.75,17.53,5.28,29.7,4.93,10.29,2.38,0.73,0.18,0.06,0.41,1.67,3.51,0.75,-0.1,Tournament,2021
76,K. Eyotaru,Dosqaly,MF,23,1997,0.13,-0.08,-0.06,0.09,-0.09,-0.02,-0.02,0.03,,-0.02,10.03,-0.04,0.01,0.01,-0.04,10.0,9.93,9.9,0.09,0.02,-0.01,0.09,-0.03,0.02,Tournament,2021
77,M. Matsumoto,Dosqaly,MF,29,1991,4.26,3.0,1.92,1.56,1.24,0.29,0.52,1.0,50.06,0.55,21.65,4.48,20.46,7.11,11.46,3.08,1.64,-0.01,0.04,1.68,2.6,5.49,0.29,0.03,Tournament,2021
78,M. Sakai,Dosqaly,MFFW,24,1996,1.03,1.94,1.98,1.06,0.93,0.03,-0.04,-0.09,,-0.09,16.94,6.97,41.12,4.95,11.09,0.93,0.07,0.05,-0.03,0.09,0.06,2.09,-0.06,0.09,Tournament,2021
79,O. Aboagye,Dosqaly,MFFW,29,1991,4.0,2.83,2.5,1.05,0.99,0.85,0.75,0.94,75.06,0.33,20.83,6.34,30.91,3.6,11.54,5.68,1.54,0.0,-0.08,1.52,0.28,3.18,0.86,-0.04,Tournament,2021
80,C. Salihu,Eastern Niasland,DF,25,1995,2.88,4.09,2.01,2.47,1.8,0.06,1.46,3.03,44.42,1.64,16.91,5.53,32.76,11.73,5.09,0.07,2.16,1.74,0.05,0.42,1.05,5.17,3.72,-0.05,Tournament,2021
81,K. Pawar,Eastern Niasland,DF,28,1992,2.97,3.68,1.74,1.29,1.03,1.27,1.09,1.99,50.0,1.0,14.27,4.39,30.28,4.26,4.64,5.28,0.6,-0.01,-0.03,0.63,0.64,4.23,1.96,-0.03,Tournament,2021
82,S. Doherty,Eastern Niasland,DF,26,1994,2.81,1.3,0.75,1.12,0.26,0.04,0.79,1.69,40.02,0.97,13.17,4.44,34.13,8.96,3.53,0.64,2.78,0.39,-0.04,2.41,2.36,3.8,4.14,0.05,Tournament,2021
83,X. Foo,Eastern Niasland,DF,28,1992,2.98,2.69,1.34,2.02,0.71,0.02,1.38,2.66,49.95,1.28,9.98,2.66,26.65,5.01,3.94,1.09,2.29,0.08,0.05,2.26,3.6,6.41,4.0,0.05,Tournament,2021
84,C. Seidu,Eastern Niasland,DFMF,27,1994,0.25,0.01,-0.06,-0.01,0.1,0.06,0.0,0.01,,0.0,16.67,3.43,20.05,6.6,6.75,3.27,-0.06,-0.09,-0.04,-0.08,3.38,3.27,6.65,0.08,Tournament,2021
85,Q. Zee,Eastern Niasland,DFMF,26,1994,1.36,3.16,2.4,1.59,1.45,-0.04,1.61,2.34,66.69,0.82,19.14,5.41,28.05,9.16,6.94,3.18,1.64,0.09,0.05,1.58,0.78,3.8,0.09,0.03,Tournament,2021
86,H. Jaber,Eastern Niasland,FW,20,2000,0.83,2.31,1.17,1.15,1.15,-0.09,2.29,3.36,66.77,1.15,10.1,1.17,11.09,1.1,6.69,2.25,1.17,0.05,0.03,1.13,1.07,3.43,-0.06,-0.02,Tournament,2021
87,J. Purba,Eastern Niasland,FW,28,1992,1.96,0.47,0.43,0.48,-0.09,-0.03,0.06,0.96,-0.06,1.06,15.22,4.68,31.07,3.25,7.47,4.72,0.07,-0.01,-0.08,-0.03,1.62,2.16,-0.08,-0.02,Tournament,2021
88,J. Soares,Eastern Niasland,FW,37,1983,2.73,0.72,0.03,0.27,0.32,0.08,-0.02,-0.09,,0.02,9.6,2.6,25.87,1.09,4.33,4.2,0.79,-0.1,0.08,0.69,0.39,1.02,0.06,-0.09,Tournament,2021
89,U. Manhique,Eastern Niasland,FW,22,1998,0.06,0.1,-0.07,-0.02,0.0,0.07,0.05,0.05,,-0.03,20.0,10.02,49.93,-0.04,-0.07,19.94,0.0,-0.05,0.07,0.04,-0.09,-0.01,-0.02,0.01,Tournament,2021
90,V. Nkala,Eastern Niasland,FW,30,1990,0.22,3.42,3.35,0.04,3.29,0.1,0.04,3.24,0.06,3.24,10.02,6.73,66.62,-0.03,6.64,3.37,0.0,-0.03,0.05,-0.09,-0.03,3.37,0.06,-0.06,Tournament,2021
91,L. Lau,Eastern Niasland,FWDF,33,1987,0.83,0.03,0.03,0.06,-0.08,-0.04,-0.07,1.29,0.08,1.25,9.94,4.95,49.94,2.47,4.94,2.52,2.54,1.26,1.16,1.32,0.05,0.08,0.02,0.0,Tournament,2021
92,Y. Nabuduwa,Eastern Niasland,GK,27,1993,2.91,0.04,-0.01,-0.04,0.0,0.04,-0.02,0.01,,-0.1,0.93,0.25,33.3,1.06,-0.04,-0.01,0.28,-0.01,-0.08,0.28,0.07,0.06,0.24,-0.02,Tournament,2021
93,K. Abu,Eastern Niasland,MF,30,1990,0.04,20.08,10.06,10.05,10.09,-0.02,10.06,10.01,100.07,0.06,19.95,9.94,50.01,10.07,10.02,0.09,0.01,-0.03,0.05,-0.08,-0.03,19.97,0.05,0.07,Tournament,2021
94,L. Nangiro,Eastern Niasland,MF,25,1995,2.53,1.98,1.1,1.06,0.37,0.37,0.41,0.72,49.94,0.31,11.13,4.27,37.91,5.84,4.29,1.11,0.34,-0.04,0.04,0.3,1.95,3.82,0.01,0.07,Tournament,2021
95,O. Lamunu,Eastern Niasland,MF,30,1990,0.57,4.06,-0.01,2.05,0.0,2.05,-0.04,0.0,,-0.01,13.91,2.03,14.35,4.03,6.08,4.08,1.92,-0.1,0.0,2.0,4.06,8.03,-0.09,-0.07,Tournament,2021
96,O. Sepp,Eastern Niasland,MF,29,1991,2.9,1.48,1.05,0.3,1.06,-0.1,1.15,2.9,37.43,1.73,14.3,6.06,42.41,5.72,7.4,1.14,1.76,0.45,-0.07,1.47,3.55,5.07,0.36,0.01,Tournament,2021
97,Q. Isabirye,Eastern Niasland,MF,25,1995,0.14,0.07,0.01,0.05,0.08,-0.06,-0.01,0.04,,0.06,10.05,-0.09,0.02,5.09,5.04,0.09,10.09,4.96,0.0,4.9,-0.01,0.04,-0.02,-0.04,Tournament,2021
98,A. Mwesige,Eastern Niasland,MFFW,23,1997,0.07,0.07,-0.1,0.08,-0.08,0.04,-0.02,0.01,,-0.1,29.96,0.08,0.04,10.08,9.93,9.92,10.03,0.02,-0.08,10.05,0.03,0.05,0.02,0.09,Tournament,2021
99,I. bin Hassan,Eastern Niasland,MFFW,24,1996,0.5,1.7,-0.03,1.71,0.08,-0.06,1.69,6.59,24.98,5.06,26.73,5.01,18.79,5.06,16.69,4.9,1.67,0.06,-0.08,1.65,1.77,3.26,4.94,0.04,Tournament,2021
100,Z. Banda,Eastern Niasland,MFFW,21,1999,3.01,1.35,0.69,1.09,0.32,-0.05,0.38,0.92,33.29,0.65,13.98,4.75,33.32,2.38,7.94,3.59,0.57,0.09,-0.09,0.74,0.67,2.06,0.74,0.33,Tournament,2021
101,C. Begum,Eastern Sleboube,DF,31,1989,1.05,0.1,-0.07,0.09,0.02,-0.02,-0.01,0.09,,-0.02,4.07,1.94,50.0,2.0,2.03,-0.08,1.1,0.93,-0.04,-0.06,2.03,1.99,3.03,0.95,Tournament,2021
102,J. Alamri,Eastern Sleboube,DF,27,1993,2.93,1.77,1.04,0.91,0.7,0.08,1.0,1.25,75.03,0.29,7.97,2.66,33.35,4.41,3.63,0.0,0.97,1.01,0.1,0.09,0.35,2.02,5.02,-0.03,Tournament,2021
103,N. Schumacher,Eastern Sleboube,DF,30,1990,2.32,1.29,0.05,1.39,-0.01,0.07,1.36,3.38,37.51,2.21,13.56,2.6,19.32,6.05,6.06,1.34,2.66,0.03,0.01,2.54,0.94,2.22,2.18,-0.09,Tournament,2021
104,P. Sullivan,Eastern Sleboube,DF,33,1987,0.66,5.63,2.9,1.37,4.31,0.03,2.95,4.24,66.63,1.51,8.47,1.36,16.7,1.35,7.07,0.0,0.0,-0.06,0.01,-0.04,4.37,10.03,7.11,-0.06,Tournament,2021
105,V. Purwanto,Eastern Sleboube,DF,37,1983,0.41,0.07,0.1,-0.05,0.03,-0.03,-0.02,0.07,,-0.02,5.92,2.07,33.33,2.08,3.93,0.05,0.06,0.07,0.09,-0.02,-0.05,-0.07,2.02,-0.05,Tournament,2021
106,W. Nakyejwe,Eastern Sleboube,DF,25,1995,1.43,2.66,2.72,2.58,0.08,-0.06,1.32,2.72,49.94,1.26,16.69,6.06,36.06,8.73,4.77,3.41,2.02,0.08,0.1,1.97,0.64,3.32,2.05,0.03,Tournament,2021
107,W. Tumwesige,Eastern Sleboube,DF,21,1999,2.44,2.41,1.56,1.59,0.88,-0.02,1.19,2.47,49.9,1.11,12.35,5.13,41.9,7.2,5.17,-0.03,2.42,1.92,0.34,0.31,2.36,4.81,8.41,0.0,Tournament,2021
108,U. Namugerwa,Eastern Sleboube,DFFW,28,1993,2.05,2.31,1.37,2.33,0.08,0.03,0.89,1.88,50.04,0.99,11.0,3.72,34.76,7.55,2.36,1.0,0.02,-0.06,-0.07,-0.01,0.45,2.78,2.29,-0.08,Tournament,2021
109,R. Nyapendi,Eastern Sleboube,DFMF,24,1996,1.49,1.28,0.65,1.31,-0.04,-0.08,0.02,4.0,-0.03,3.91,19.3,5.32,27.59,13.23,4.08,1.98,2.05,0.04,0.09,1.99,-0.05,1.34,2.67,-0.06,Tournament,2021
110,Q. Kemigisa,Eastern Sleboube,FW,23,1997,0.5,-0.01,0.07,-0.04,0.06,-0.08,0.08,-0.08,,-0.04,15.04,4.9,33.33,0.02,2.42,12.46,2.59,-0.06,0.0,2.54,0.03,0.09,2.5,0.0,Tournament,2021
111,V. Kyomuhangi,Eastern Sleboube,FW,32,1988,2.96,-0.01,0.03,0.04,-0.09,0.01,0.04,-0.01,,0.01,10.06,3.75,37.97,2.03,4.58,3.48,1.31,0.41,0.03,0.96,-0.05,-0.01,0.71,0.09,Tournament,2021
112,W. Ghosh,Eastern Sleboube,FWMF,30,1990,0.36,2.49,2.56,2.48,-0.06,0.03,0.04,0.06,,-0.04,17.43,5.01,28.67,2.5,7.48,7.58,2.48,-0.08,0.09,2.51,-0.07,2.59,0.0,0.08,Tournament,2021
113,K. Nakibuule,Eastern Sleboube,GK,34,1987,1.0,-0.03,-0.05,0.1,-0.04,0.04,-0.02,-0.08,,-0.01,0.07,-0.04,,-0.08,0.09,0.05,0.04,-0.02,-0.06,0.06,-0.1,0.06,0.0,1.08,Tournament,2021
114,W. Radu,Eastern Sleboube,GK,21,1999,2.02,-0.04,-0.06,-0.09,0.03,0.07,0.01,-0.05,,0.09,-0.07,-0.07,,0.03,0.0,0.09,0.06,-0.01,-0.01,-0.04,0.0,-0.05,-0.09,0.05,Tournament,2021
115,F. Kou,Eastern Sleboube,MF,19,2001,0.63,11.75,4.96,5.09,6.75,0.05,5.08,6.68,75.03,1.7,35.09,11.76,33.38,14.96,16.68,3.42,1.64,0.07,-0.07,1.6,4.9,16.63,-0.01,0.02,Tournament,2021
116,P. Isa,Eastern Sleboube,MF,24,1996,0.73,1.34,1.41,0.06,1.41,0.03,0.09,-0.05,,-0.03,9.95,4.26,42.98,1.44,7.1,1.44,0.01,-0.02,0.05,0.07,-0.09,1.39,-0.03,0.03,Tournament,2021
117,T. Jakobsson,Eastern Sleboube,MF,28,1992,2.28,3.44,1.79,0.94,2.2,0.48,0.91,2.54,33.26,1.68,23.57,9.93,42.58,6.1,11.38,6.01,1.74,0.48,0.07,1.28,3.11,6.48,1.77,0.06,Tournament,2021
118,D. Rahmawati,Eastern Sleboube,MFFW,25,1995,1.81,0.98,0.48,-0.06,0.57,0.5,0.57,1.09,50.06,0.52,16.26,6.4,38.74,1.01,8.44,6.92,1.02,0.09,0.0,0.97,0.02,1.08,0.01,0.07,Tournament,2021
119,L. Prasad,Eastern Sleboube,MFFW,24,1996,3.09,1.65,1.6,0.24,0.66,0.75,1.1,1.31,75.04,0.26,20.77,5.65,27.44,2.95,10.34,7.41,2.08,0.05,-0.1,1.91,1.02,2.64,0.06,-0.06,Tournament,2021
120,W. Bwanali,Eastern Sleboube,MFFW,26,1994,2.67,2.9,1.44,1.02,1.82,0.03,0.82,3.4,22.14,2.52,22.7,4.75,21.21,7.33,11.41,3.69,1.92,0.41,-0.06,1.39,2.3,5.24,0.82,0.29,Tournament,2021
121,A. Dickson,Esia,DF,27,1994,3.9,2.28,1.53,0.63,1.51,0.29,1.04,1.22,80.08,0.35,7.31,3.67,50.02,2.31,4.72,0.33,0.5,0.34,-0.05,0.34,0.25,2.71,3.38,-0.09,Tournament,2021
122,D. Adu,Esia,DF,26,1994,3.56,0.87,0.53,0.58,-0.06,0.26,-0.02,0.87,0.08,0.91,12.25,2.92,23.26,2.63,6.28,3.36,1.41,-0.09,0.05,1.38,2.91,3.61,1.18,-0.09,Tournament,2021
123,D. Svensson,Esia,DF,27,1993,3.98,0.8,0.34,0.08,0.83,-0.06,-0.03,0.19,-0.07,0.26,9.49,0.94,10.46,3.78,4.96,0.81,1.56,-0.07,0.04,1.49,0.97,1.8,2.23,0.0,Tournament,2021
124,G. Nisha,Esia,DF,25,1995,4.01,1.56,0.99,1.28,0.28,0.07,0.82,1.1,75.09,0.24,7.41,2.27,29.92,2.16,2.9,2.24,0.46,0.31,-0.07,0.34,1.04,2.44,1.32,-0.01,Tournament,2021
125,K. Shumba,Esia,DF,32,1988,3.75,2.25,1.03,1.35,0.54,0.24,0.85,2.19,37.44,1.28,8.88,3.24,36.48,5.37,3.01,0.52,0.87,0.6,0.04,0.24,1.43,3.5,5.07,0.01,Tournament,2021
126,U. Adjei,Esia,DF,29,1991,0.3,0.02,0.09,0.0,0.05,0.03,-0.07,6.74,-0.09,6.62,23.28,6.63,28.53,13.32,9.96,0.03,3.33,-0.06,0.02,3.31,-0.05,0.04,3.3,0.04,Tournament,2021
127,L. Mitchell,Esia,DFMF,25,1995,0.21,0.02,0.08,-0.01,0.02,0.01,0.06,-0.03,,-0.05,10.04,0.04,0.08,5.1,4.97,-0.09,4.93,-0.05,-0.09,4.91,-0.04,-0.01,5.05,-0.04,Tournament,2021
128,Z. Braun,Esia,DFMF,27,1994,0.5,2.6,2.53,2.46,0.09,0.03,2.59,5.03,49.91,2.53,12.45,4.99,40.06,4.93,5.07,2.55,2.42,-0.05,0.03,2.59,-0.06,2.46,2.44,0.1,Tournament,2021
129,Q. Günther,Esia,FW,24,1996,1.11,-0.08,0.05,0.08,0.01,-0.07,0.07,0.0,,0.04,9.95,4.21,41.76,0.81,3.3,5.75,-0.04,0.09,-0.03,-0.09,-0.01,-0.03,-0.08,-0.09,Tournament,2021
130,Y. Nartey,Esia,FW,25,1995,2.74,1.76,1.38,-0.02,1.08,0.71,0.09,0.27,0.08,0.34,15.32,5.29,34.9,0.65,7.18,7.43,0.27,-0.05,0.09,0.44,1.14,2.87,0.42,-0.03,Tournament,2021
131,L. Tu,Esia,FWDF,25,1996,1.38,1.57,1.59,0.03,0.08,1.44,0.83,0.77,100.0,0.08,8.44,3.16,36.34,3.16,-0.01,5.36,0.77,-0.05,-0.08,0.83,1.49,3.14,-0.06,-0.09,Tournament,2021
132,U. Musa,Esia,FWDF,28,1992,0.2,0.01,0.07,-0.07,-0.07,-0.01,-0.09,-0.04,,-0.02,19.92,9.98,50.01,0.05,10.05,10.04,-0.02,0.05,-0.09,0.04,10.06,10.04,-0.08,-0.09,Tournament,2021
133,H. Alobo,Esia,FWMF,21,1999,3.3,0.32,0.35,-0.02,0.06,0.36,0.01,0.36,0.08,0.34,15.88,4.87,30.71,2.64,5.5,7.58,1.73,0.52,0.09,1.26,0.1,0.38,0.37,-0.02,Tournament,2021
134,B. Harahap,Esia,GK,34,1986,4.08,-0.01,0.06,0.01,0.03,-0.08,0.08,-0.02,,-0.06,0.02,-0.06,,-0.03,0.02,0.02,-0.03,-0.03,0.1,0.09,0.03,0.0,0.06,-0.09,Tournament,2021
135,A. Kuhn,Esia,MF,30,1990,2.46,1.69,1.15,0.34,1.27,0.09,0.44,1.72,24.97,1.31,14.94,3.35,22.29,2.5,6.62,5.93,0.76,-0.06,0.04,0.85,0.83,2.42,-0.09,-0.1,Tournament,2021
136,Y. Nagudi,Esia,MF,31,1990,4.0,3.83,2.72,1.96,1.22,0.48,1.25,3.47,35.61,2.22,19.41,5.95,30.9,5.74,11.1,2.69,1.44,-0.09,0.08,1.44,3.17,7.03,0.83,0.09,Tournament,2021
137,J. Halvorsen,Esia,MFFW,17,2003,0.13,-0.07,0.0,0.01,0.02,-0.08,-0.06,10.06,0.08,10.1,19.93,20.0,99.94,0.04,20.08,0.1,-0.01,-0.02,0.06,-0.05,-0.08,0.03,0.08,-0.05,Tournament,2021
138,O. Nairuba,Esia,MFFW,31,1989,3.22,0.92,0.56,-0.05,0.58,0.27,0.4,1.25,25.09,1.01,17.76,4.71,26.25,2.49,9.34,5.89,0.9,0.0,0.1,0.98,0.58,1.57,0.72,0.01,Tournament,2021
139,T. Astuti,Esia,MFFW,25,1995,1.51,0.59,0.68,0.55,0.03,0.09,-0.08,3.81,-0.08,3.69,13.7,3.07,22.6,4.42,8.77,0.67,1.16,0.08,0.06,1.33,0.63,1.2,0.6,0.1,Tournament,2021
140,E. Peng,Galamily,DF,27,1993,4.93,0.56,0.61,0.4,0.15,0.08,0.24,0.63,33.38,0.49,7.01,2.44,34.35,4.41,2.38,0.26,2.77,1.63,-0.01,1.23,1.68,2.13,8.65,0.03,Tournament,2021
141,F. Saidi,Galamily,DF,30,1991,4.05,2.31,1.42,1.57,0.5,0.29,0.82,2.0,37.46,1.23,12.85,4.72,37.31,6.85,5.23,0.84,1.25,0.52,-0.09,0.67,3.22,5.46,3.33,0.23,Tournament,2021
142,P. Kud?,Galamily,DF,31,1989,4.8,0.97,0.8,0.39,0.69,-0.05,0.53,2.12,19.99,1.72,11.44,4.46,39.0,6.52,4.48,0.48,0.94,0.66,0.05,0.21,1.33,2.39,7.62,0.08,Tournament,2021
143,W. Khoury,Galamily,DF,28,1992,0.3,-0.03,-0.09,-0.06,-0.03,0.08,-0.01,-0.06,,0.05,20.03,13.38,66.67,13.32,6.67,-0.1,-0.05,-0.08,-0.04,-0.06,-0.02,0.09,3.34,-0.07,Tournament,2021
144,Z. Iqbal,Galamily,DF,28,1992,4.99,2.24,1.2,1.12,0.73,0.21,0.89,1.49,57.12,0.68,14.67,3.67,24.62,6.44,6.24,2.02,2.09,0.34,-0.03,1.62,3.89,6.0,2.99,0.07,Tournament,2021
145,Z. Mugeni,Galamily,DF,28,1992,0.95,1.0,0.0,1.02,-0.03,-0.01,-0.01,0.94,0.04,1.08,4.02,1.0,24.94,2.98,0.91,-0.07,0.01,-0.07,-0.03,0.05,1.01,1.94,6.93,0.01,Tournament,2021
146,E. Morelli,Galamily,FW,27,1993,3.49,1.62,1.15,0.24,0.59,0.82,0.49,1.46,39.92,0.77,22.52,5.14,22.73,5.07,8.77,8.52,2.06,0.56,0.07,1.41,1.46,3.05,0.82,-0.02,Tournament,2021
147,I. Y?ld?r?m,Galamily,FW,28,1992,0.46,-0.09,-0.03,0.04,-0.01,0.05,0.09,0.0,,0.05,20.01,2.5,12.56,2.51,9.99,7.57,0.1,0.1,-0.08,-0.06,2.52,2.43,0.01,-0.01,Tournament,2021
148,I. Zyu,Galamily,FW,27,1993,0.69,-0.02,-0.09,-0.01,0.05,-0.1,-0.02,0.01,,-0.07,8.58,2.88,33.31,1.36,1.45,5.65,0.03,-0.07,0.07,-0.07,0.05,-0.08,-0.03,-0.03,Tournament,2021
149,J. binti Ibrahim,Galamily,FW,31,1989,0.2,0.1,0.02,0.01,0.07,0.0,0.01,5.04,-0.09,5.08,74.94,25.04,33.38,4.99,20.08,49.93,5.02,-0.1,-0.06,4.92,0.0,-0.06,0.1,-0.04,Tournament,2021
150,K. Jakobsson,Galamily,FW,25,1996,4.37,1.27,0.72,-0.01,0.6,0.62,0.33,1.1,19.9,0.83,11.05,2.48,22.37,0.96,5.51,4.86,0.01,0.08,-0.1,-0.09,0.0,1.34,1.16,0.06,Tournament,2021
151,O. Acheng,Galamily,FW,18,2002,0.81,-0.05,-0.07,0.07,0.08,0.07,-0.07,1.06,0.05,1.2,16.69,4.4,26.73,2.14,8.89,5.55,-0.09,-0.03,-0.01,-0.03,0.05,-0.06,1.19,-0.09,Tournament,2021
152,P. Purnomo,Galamily,FWMF,26,1994,2.46,1.18,0.76,0.03,0.76,0.37,0.87,2.03,40.02,1.13,16.32,5.69,34.15,2.76,7.13,6.46,1.64,0.04,0.07,1.65,0.33,1.56,0.86,0.01,Tournament,2021
153,Y. Atoo,Galamily,FWMF,25,1996,2.67,0.32,0.03,0.27,-0.01,0.09,-0.02,1.43,-0.07,1.44,14.86,2.98,20.07,4.03,4.48,6.37,1.9,0.06,0.08,1.84,0.65,1.18,0.81,0.03,Tournament,2021
154,U. Nishimura,Galamily,GK,31,1989,5.0,-0.02,-0.06,0.08,-0.01,-0.07,0.0,0.09,,0.05,0.29,0.01,-0.07,0.22,-0.03,-0.01,0.0,0.07,-0.06,0.03,0.03,-0.04,-0.04,-0.05,Tournament,2021
155,F. Pop,Galamily,MF,25,1995,4.97,1.48,0.99,0.14,0.76,0.4,1.15,2.83,42.82,1.55,17.08,3.92,23.46,4.85,9.97,2.3,1.69,0.39,-0.01,1.16,1.11,2.55,3.81,0.08,Tournament,2021
156,I. Kayange,Galamily,MF,22,1998,1.46,3.58,0.73,-0.02,2.86,0.78,0.68,4.35,16.7,3.65,39.23,9.94,25.44,10.72,22.1,6.44,1.41,-0.07,-0.09,1.46,1.51,5.04,1.46,-0.01,Tournament,2021
157,L. Rahimi,Galamily,MF,30,1990,2.61,0.79,-0.02,0.29,0.03,0.34,0.37,1.12,33.29,0.72,18.6,4.81,25.94,4.04,10.45,4.15,1.43,0.83,0.06,0.7,0.27,1.21,0.0,0.02,Tournament,2021
158,L. Uchida,Galamily,MF,21,1999,0.08,-0.02,0.09,-0.02,-0.02,0.02,0.07,-0.04,,0.09,1.04,-0.08,-0.05,0.02,0.92,0.04,-0.03,-0.07,0.06,-0.02,0.09,0.06,-0.05,-0.09,Tournament,2021
159,U. Ajiambo,Galamily,MF,27,1993,3.27,3.27,1.86,2.06,1.28,0.03,0.36,1.15,25.08,0.97,14.56,2.7,18.8,4.52,9.76,0.24,0.66,-0.06,-0.07,0.62,2.64,6.02,3.95,-0.09,Tournament,2021
160,U. Nambuya,Galamily,MF,26,1994,2.04,0.48,0.52,-0.09,0.43,-0.06,-0.04,0.96,-0.06,1.03,11.01,4.04,36.42,0.4,6.58,4.06,0.5,0.09,-0.06,0.55,2.08,2.43,-0.07,0.0,Tournament,2021
161,E. Nabaasa,Giumle Lizeibon,DF,28,1992,4.3,2.51,1.45,1.72,0.86,0.05,1.8,2.33,79.92,0.41,18.6,8.07,43.72,7.76,6.75,4.21,4.11,0.52,0.09,3.79,2.78,5.3,4.35,0.29,Tournament,2021
162,N. Barukh,Giumle Lizeibon,DF,24,1996,0.53,1.74,1.71,1.68,-0.08,0.09,0.09,0.08,,0.01,3.26,1.62,49.91,1.61,1.66,0.07,-0.09,-0.05,0.06,-0.01,0.03,1.62,1.72,0.04,Tournament,2021
163,U. Ionescu,Giumle Lizeibon,DF,35,1985,1.93,1.44,1.59,1.02,0.5,-0.04,1.0,2.98,33.22,2.06,11.06,4.94,45.54,1.46,4.06,5.55,1.45,0.93,0.08,0.49,0.07,1.57,1.41,-0.04,Tournament,2021
164,V. Inoue,Giumle Lizeibon,DF,28,1992,4.29,0.97,0.47,1.01,0.08,0.1,-0.08,0.17,0.04,0.13,12.69,5.75,46.34,6.5,4.16,1.92,0.91,0.03,-0.01,0.96,2.02,2.97,2.75,0.09,Tournament,2021
165,W. Longwe,Giumle Lizeibon,DF,28,1992,4.34,2.99,2.06,1.88,1.26,0.07,0.94,1.41,66.73,0.4,9.84,3.57,35.76,5.21,4.33,0.15,1.66,0.65,-0.07,1.03,2.04,5.2,3.02,-0.04,Tournament,2021
166,X. Kawooya,Giumle Lizeibon,DF,33,1987,0.06,0.04,-0.08,-0.05,-0.06,-0.02,-0.05,0.05,,-0.09,10.03,10.02,100.07,9.98,0.05,0.07,10.08,0.0,0.04,10.0,-0.04,-0.08,20.02,-0.1,Tournament,2021
167,Y. Takeuchi,Giumle Lizeibon,DF,29,1991,3.72,1.09,0.76,0.7,0.26,0.07,0.58,1.33,40.05,0.82,7.6,3.18,41.38,3.62,3.58,0.35,2.07,1.36,0.06,0.73,2.13,3.25,4.26,-0.05,Tournament,2021
168,A. Azmi,Giumle Lizeibon,FW,23,1997,1.25,2.5,1.76,-0.09,2.53,0.0,1.77,1.68,100.04,0.05,11.73,3.28,28.7,0.91,8.26,2.55,0.77,0.82,-0.08,0.02,0.03,2.48,0.92,0.04,Tournament,2021
169,I. Peeters,Giumle Lizeibon,FW,28,1992,0.03,10.07,9.92,0.05,10.01,-0.02,0.04,-0.06,,0.04,10.01,10.01,99.99,0.07,9.95,-0.02,-0.1,0.04,0.03,-0.06,-0.05,9.96,0.05,0.04,Tournament,2021
170,M. Omony,Giumle Lizeibon,FW,21,1999,2.72,2.99,2.3,1.42,0.77,0.72,1.02,1.85,59.92,0.66,21.42,7.48,34.56,5.51,8.07,7.72,0.72,0.1,0.04,0.77,0.42,3.43,0.7,0.01,Tournament,2021
171,V. Jankowski,Giumle Lizeibon,FW,31,1989,2.45,0.47,0.35,0.03,0.52,-0.08,-0.08,0.01,,0.06,13.35,2.54,18.72,0.8,5.41,7.01,0.38,-0.06,-0.02,0.48,0.48,0.91,0.45,-0.05,Tournament,2021
172,X. Seidu,Giumle Lizeibon,FW,26,1994,0.97,0.97,0.94,0.02,0.97,-0.06,0.06,0.95,-0.09,0.98,16.95,3.08,17.51,6.01,6.96,4.07,0.02,-0.07,0.08,0.06,1.04,1.98,1.0,0.06,Tournament,2021
173,R. Zamani,Giumle Lizeibon,FWMF,23,1997,3.75,3.04,1.65,1.89,1.07,-0.01,0.18,3.85,7.18,3.47,40.83,12.95,31.71,12.48,19.21,9.24,1.28,0.07,0.09,1.45,0.44,3.55,0.55,-0.03,Tournament,2021
174,Z. Matsui,Giumle Lizeibon,FWMF,26,1994,1.12,1.75,1.73,1.64,-0.05,0.06,0.88,0.9,100.0,-0.02,19.24,4.25,21.69,1.7,8.34,9.23,2.56,1.63,-0.07,0.75,0.07,1.7,0.0,0.06,Tournament,2021
175,Z. Testa,Giumle Lizeibon,FWMF,24,1996,0.25,0.05,0.05,0.09,-0.05,-0.04,-0.09,-0.02,,-0.01,15.06,14.96,99.96,5.02,4.93,5.05,5.09,0.0,-0.08,5.08,0.01,0.02,-0.06,0.02,Tournament,2021
176,X. Clement,Giumle Lizeibon,GK,26,1994,4.29,-0.02,0.07,-0.05,0.07,-0.08,0.01,0.28,0.02,0.19,0.31,0.32,100.04,0.23,0.04,0.01,-0.04,0.02,0.08,-0.08,0.03,0.05,0.31,0.18,Tournament,2021
177,K. Lawino,Giumle Lizeibon,MF,23,1997,4.08,2.87,2.26,1.05,1.41,0.46,0.59,0.96,50.08,0.54,24.03,8.83,36.48,7.02,12.06,5.16,1.01,0.27,0.1,0.71,1.28,4.19,0.43,0.07,Tournament,2021
178,L. Abbasi,Giumle Lizeibon,MF,33,1988,-0.08,0.0,-0.08,-0.1,-0.04,0.07,-0.07,0.1,,0.07,-0.09,0.05,,0.07,-0.02,-0.02,-0.09,0.0,-0.01,-0.04,-0.08,0.0,-0.04,-0.07,Tournament,2021
179,Q. Roche,Giumle Lizeibon,MF,25,1995,2.58,1.11,0.39,0.89,0.47,0.06,-0.06,2.02,0.06,2.09,21.3,6.06,28.24,8.1,11.21,2.03,2.46,1.29,0.01,1.26,2.02,3.23,1.58,-0.05,Tournament,2021
180,R. Kirya,Giumle Lizeibon,MF,26,1994,0.24,5.0,5.0,4.9,-0.04,0.04,4.96,14.96,33.39,10.06,20.06,9.98,49.97,5.1,9.99,4.94,-0.05,-0.05,0.07,0.05,-0.05,5.04,0.05,-0.04,Tournament,2021
181,W. Isah,Giumle Lizeibon,MF,26,1994,4.29,1.16,1.0,0.46,0.42,0.16,0.51,0.7,66.68,0.18,13.71,4.69,33.97,0.88,7.49,5.38,0.6,0.24,-0.03,0.54,1.09,2.24,0.17,-0.05,Tournament,2021
182,H. Marroquín,Giumle Lizeibon,MFFW,31,1989,0.21,3.35,3.39,-0.09,3.3,0.08,0.09,0.05,,0.04,20.09,16.65,83.29,13.36,6.64,-0.08,6.62,-0.1,-0.06,6.6,-0.08,3.37,0.06,-0.08,Tournament,2021
183,A. Gautier,Greri Landmoslands,DF,23,1997,4.02,1.1,0.72,0.47,0.54,0.07,0.2,1.04,25.06,0.67,6.35,2.44,39.95,2.98,2.68,0.58,0.76,0.58,0.01,0.18,1.72,2.67,5.78,0.07,Tournament,2021
184,C. Busingye,Greri Landmoslands,DF,27,1993,2.91,4.08,2.33,0.71,2.41,1.04,1.99,3.42,60.07,1.46,14.86,5.1,34.94,4.84,6.96,3.15,1.36,0.32,-0.07,1.1,0.07,4.23,0.59,0.02,Tournament,2021
185,D. Magoba,Greri Landmoslands,DF,37,1983,3.93,1.56,0.94,1.35,0.31,0.1,0.43,1.26,40.05,0.75,6.44,2.01,30.78,3.57,2.83,0.29,1.18,-0.1,0.03,1.21,2.22,3.7,2.74,0.04,Tournament,2021
186,R. Sanz,Greri Landmoslands,DF,27,1993,3.97,1.44,1.33,0.79,0.57,0.19,0.15,0.98,24.94,0.82,10.51,5.16,50.09,3.93,5.05,1.43,1.73,-0.08,-0.05,1.68,0.47,2.02,0.71,-0.08,Tournament,2021
187,D. Groß,Greri Landmoslands,FW,21,1999,0.45,2.47,2.56,-0.04,2.46,-0.07,2.52,2.53,99.95,0.04,14.92,9.94,66.6,4.98,9.96,0.09,0.08,-0.05,0.0,-0.06,-0.03,2.51,0.1,-0.06,Tournament,2021
188,K. Nasution,Greri Landmoslands,FW,25,1995,0.45,-0.08,0.09,-0.07,0.01,0.06,0.0,-0.08,,0.07,12.52,4.96,40.06,0.05,5.02,7.41,2.48,-0.06,-0.09,2.53,-0.04,-0.1,-0.03,-0.06,Tournament,2021
189,L. De Wit,Greri Landmoslands,FW,35,1985,4.05,0.57,0.21,-0.07,0.32,0.34,-0.01,0.35,-0.03,0.21,9.41,3.55,36.75,-0.04,3.98,5.49,0.19,0.07,-0.03,0.22,0.15,0.83,0.59,-0.08,Tournament,2021
190,B. Sugawara,Greri Landmoslands,FWMF,26,1994,2.67,2.21,1.52,0.44,1.4,0.31,0.41,1.41,24.93,1.15,17.81,4.49,24.93,4.78,7.05,5.93,0.74,-0.01,0.02,0.65,2.69,4.77,0.75,0.01,Tournament,2021
191,E. Alowo,Greri Landmoslands,FWMF,24,1996,3.54,1.04,0.48,0.06,0.86,0.29,-0.04,1.33,-0.02,1.34,16.19,3.06,18.95,3.92,8.52,3.69,0.64,0.08,-0.08,0.49,0.83,2.02,0.37,0.06,Tournament,2021
192,I. Asante,Greri Landmoslands,FWMF,27,1993,0.59,3.26,3.31,-0.08,1.7,1.61,0.06,-0.07,,-0.05,18.28,10.07,54.52,0.08,8.24,10.01,3.33,-0.03,0.0,3.24,0.04,3.36,-0.03,-0.07,Tournament,2021
193,E. Miyazaki,Greri Landmoslands,GK,32,1988,3.98,0.01,0.09,-0.02,-0.06,0.01,-0.02,-0.07,,0.01,0.23,0.27,99.93,0.24,0.02,-0.05,0.09,0.06,-0.05,0.1,0.0,0.09,-0.02,0.05,Tournament,2021
194,C. Ji,Greri Landmoslands,MF,26,1994,2.39,1.81,1.3,0.48,0.81,0.53,1.24,3.13,42.88,1.77,18.29,6.11,33.39,6.6,4.45,7.31,1.75,-0.03,-0.01,1.83,0.52,2.27,0.42,-0.01,Tournament,2021
195,I. Adoch,Greri Landmoslands,MF,25,1995,1.37,6.5,4.26,1.47,4.91,-0.1,1.35,2.91,50.06,1.41,20.02,4.2,21.41,7.76,10.73,1.44,0.62,0.1,-0.09,0.77,0.72,7.2,0.78,0.04,Tournament,2021
196,I. Mwale,Greri Landmoslands,MF,28,1992,1.59,2.04,1.37,0.59,0.67,0.65,0.76,1.91,33.33,1.31,18.63,5.39,28.55,7.39,7.25,3.95,0.59,0.02,-0.06,0.71,-0.04,2.01,2.74,-0.02,Tournament,2021
197,O. Contreras,Greri Landmoslands,MF,34,1986,1.8,1.7,1.1,0.05,1.14,0.66,-0.04,0.54,0.02,0.52,16.59,2.84,17.84,0.66,12.41,3.54,0.49,0.02,0.05,0.6,0.5,2.29,0.01,0.05,Tournament,2021
198,Q. Kaddu,Greri Landmoslands,MF,28,1992,0.28,-0.06,-0.06,0.01,-0.05,-0.09,0.0,-0.07,,-0.04,5.08,0.07,0.08,4.91,-0.05,0.1,0.1,0.08,0.08,0.05,0.01,0.08,0.04,-0.05,Tournament,2021
199,S. Nyarko,Greri Landmoslands,MF,23,1997,0.29,0.0,0.09,0.04,-0.02,0.04,-0.07,0.04,,0.03,9.9,0.05,-0.02,-0.02,10.01,0.07,-0.05,-0.08,0.08,-0.02,-0.02,-0.01,5.0,0.01,Tournament,2021
200,X. Durand,Greri Landmoslands,MF,23,1997,2.45,2.43,2.58,0.06,2.54,0.03,1.61,2.17,79.96,0.48,10.36,4.91,47.95,0.74,7.43,2.08,0.89,0.01,0.04,0.82,1.76,4.14,0.46,-0.1,Tournament,2021
201,Z. Musenero,Greri Landmoslands,MF,29,1991,2.57,2.66,1.18,1.12,1.18,0.29,0.48,0.77,49.95,0.46,11.26,2.6,24.15,3.83,6.57,0.8,0.29,0.05,0.05,0.48,2.41,5.02,1.96,-0.1,Tournament,2021
202,A. Al-Ghamdi,Ledian,DF,34,1986,2.57,1.49,0.38,1.18,0.39,-0.07,1.14,1.47,74.93,0.41,15.83,3.14,19.46,10.01,5.69,0.06,0.78,-0.04,-0.01,0.69,1.5,3.1,1.85,0.05,Tournament,2021
203,H. Mvula,Ledian,DF,35,1985,2.86,2.38,1.08,1.77,0.75,0.06,1.42,1.62,79.98,0.38,19.34,4.92,24.92,14.17,4.45,0.75,3.53,0.38,0.07,3.17,1.3,3.76,4.19,-0.02,Tournament,2021
204,O. Patra,Ledian,DF,23,1997,0.07,-0.08,0.05,-0.04,-0.05,-0.02,0.04,9.92,0.09,9.96,20.04,10.03,49.98,10.08,-0.03,9.95,-0.01,0.03,0.07,0.03,-0.06,-0.08,0.03,-0.07,Tournament,2021
205,W. Hagen,Ledian,DF,25,1995,2.92,1.02,0.59,0.62,0.41,0.1,0.23,0.64,49.99,0.31,7.72,2.98,39.17,6.59,1.07,0.09,1.4,0.36,-0.06,0.93,1.93,3.06,6.65,0.43,Tournament,2021
206,Z. Wu,Ledian,DF,25,1995,3.0,1.4,0.6,1.01,0.38,0.01,0.42,0.75,49.99,0.33,8.62,2.66,30.87,7.35,1.25,0.01,2.66,1.97,-0.1,0.77,1.33,2.66,8.9,0.09,Tournament,2021
207,D. Mumbere,Ledian,FW,29,1991,2.58,0.42,-0.03,-0.02,0.34,-0.03,0.06,0.72,-0.06,0.81,21.41,3.13,14.31,7.25,7.24,6.94,1.11,0.02,-0.05,1.06,0.42,0.78,0.7,0.07,Tournament,2021
208,F. Tayebwa,Ledian,FW,31,1989,0.46,2.58,2.54,2.42,-0.04,-0.08,2.5,5.03,50.0,2.41,22.49,2.44,11.0,12.56,4.91,4.94,-0.09,0.02,-0.04,0.08,-0.02,2.44,0.02,-0.04,Tournament,2021
209,M. Filipovi?,Ledian,FW,18,2002,0.26,-0.04,0.06,0.08,-0.02,0.0,0.07,3.3,-0.09,3.23,43.33,-0.1,0.03,3.29,23.4,16.6,0.03,0.08,0.06,-0.04,0.0,0.01,-0.01,0.04,Tournament,2021
210,P. Khosravi,Ledian,FW,30,1991,0.01,0.09,-0.01,0.06,0.1,0.08,-0.07,0.06,,0.01,2.01,0.97,50.04,1.06,0.93,-0.04,0.04,0.04,-0.04,0.09,0.05,0.09,0.02,-0.03,Tournament,2021
211,P. Mukalazi,Ledian,FW,24,1996,1.95,2.59,1.56,2.05,0.56,0.06,0.94,0.98,100.04,0.06,15.6,4.99,32.37,9.0,2.93,3.59,1.54,-0.09,-0.09,1.48,0.48,2.98,1.44,0.0,Tournament,2021
212,V. Namayanja,Ledian,FW,26,1994,2.57,1.55,1.13,0.71,0.71,-0.02,0.81,2.42,33.32,1.52,31.22,5.2,16.72,6.79,20.78,3.62,1.6,0.06,-0.09,1.67,0.02,1.5,2.01,-0.09,Tournament,2021
213,B. Taremwa,Ledian,FWDF,25,1995,1.12,1.74,1.77,0.84,0.84,0.05,0.85,3.7,25.03,2.68,26.46,6.28,24.05,12.74,8.99,4.55,1.75,-0.05,0.04,1.84,0.07,1.73,3.71,0.01,Tournament,2021
214,Z. Apili,Ledian,FWMF,32,1988,0.5,0.09,-0.07,0.1,0.1,0.02,-0.04,1.64,-0.08,1.6,28.4,1.71,5.96,4.99,11.79,11.67,-0.04,-0.04,0.03,0.05,0.09,-0.04,3.41,-0.02,Tournament,2021
215,M. Janssens,Ledian,GK,32,1989,3.04,-0.09,-0.02,0.08,-0.05,-0.02,0.06,-0.04,,-0.02,0.67,0.02,0.02,0.64,0.01,0.06,-0.04,-0.03,0.01,0.02,0.05,0.04,0.08,-0.05,Tournament,2021
216,B. Namazzi,Ledian,MF,33,1987,2.93,2.29,1.66,1.6,0.62,0.1,0.72,3.99,16.67,3.43,29.62,8.6,29.17,15.72,12.03,2.03,1.95,0.7,0.07,1.35,2.38,4.68,3.31,0.08,Tournament,2021
217,C. Lawal,Ledian,MF,28,1992,1.08,0.84,0.95,-0.05,0.97,0.03,0.09,0.88,0.05,0.82,33.61,7.35,21.69,19.18,12.76,1.87,1.84,-0.01,-0.05,1.85,0.86,1.87,0.88,0.03,Tournament,2021
218,E. Mohammad,Ledian,MF,24,1996,1.43,0.67,0.69,0.02,0.78,-0.02,-0.06,0.07,,0.08,27.8,7.16,25.57,12.14,14.29,1.4,3.5,0.8,-0.05,2.84,7.21,7.88,2.83,-0.04,Tournament,2021
219,M. Delgado,Ledian,MF,26,1994,0.44,0.01,0.02,-0.08,0.03,-0.01,-0.01,-0.06,,-0.06,21.97,6.04,27.22,17.95,3.91,0.0,2.04,0.07,-0.03,1.98,2.02,1.93,0.0,0.05,Tournament,2021
220,M. Yanti,Ledian,MF,23,1997,0.14,0.03,0.01,-0.01,-0.03,0.04,0.08,-0.09,,-0.07,44.9,10.02,22.23,4.94,14.94,24.95,0.1,-0.01,0.0,0.05,0.0,-0.04,-0.03,-0.02,Tournament,2021
221,X. Akao,Ledian,MF,33,1987,2.71,1.01,1.09,0.77,0.41,0.1,0.31,1.05,33.2,0.65,13.9,3.93,28.12,3.25,7.88,2.86,0.8,0.07,-0.1,0.62,0.01,1.13,-0.02,0.07,Tournament,2021
222,A. Pinto,Leoneku Guidisia,DF,27,1993,0.29,0.05,0.0,0.0,-0.07,0.07,-0.01,-0.07,,0.0,9.95,5.05,50.02,5.06,5.03,0.09,4.9,-0.05,-0.09,5.0,4.97,5.03,0.02,0.07,Tournament,2021
223,D. Young,Leoneku Guidisia,DF,23,1997,0.09,0.05,-0.07,0.04,-0.03,0.06,-0.03,0.01,,-0.05,-0.07,-0.06,,0.06,0.0,0.01,-0.06,0.09,0.06,-0.03,0.08,0.02,-0.02,-0.09,Tournament,2021
224,K. Appiah,Leoneku Guidisia,DF,32,1988,2.9,1.3,0.41,0.77,0.66,0.09,0.76,1.27,49.99,0.74,8.66,3.09,34.68,7.09,1.71,0.07,1.98,1.72,0.06,0.31,0.65,1.99,9.04,-0.03,Tournament,2021
225,K. Mashiri,Leoneku Guidisia,DF,26,1994,2.79,1.73,1.11,1.05,0.03,0.68,1.11,1.86,59.98,0.8,20.72,5.76,27.5,11.47,5.78,3.63,2.21,-0.03,-0.02,2.17,1.8,3.57,4.96,0.07,Tournament,2021
226,K. Vitali,Leoneku Guidisia,DF,32,1988,2.87,1.83,1.08,1.88,0.01,0.02,1.12,1.34,74.94,0.28,21.85,4.93,22.94,16.82,3.88,0.98,1.71,0.45,-0.02,1.47,1.11,2.81,2.86,0.0,Tournament,2021
227,L. Auma,Leoneku Guidisia,DF,26,1994,2.94,1.93,0.69,1.07,1.01,0.04,0.67,1.99,33.25,1.29,11.2,2.69,23.53,7.43,4.01,0.1,2.41,1.03,-0.03,1.26,2.31,4.29,8.7,-0.1,Tournament,2021
228,M. Olofsson,Leoneku Guidisia,DF,26,1994,0.13,15.02,9.92,9.96,5.04,0.02,4.98,5.08,100.03,0.0,35.09,14.93,42.95,24.97,9.98,-0.07,0.02,-0.04,0.08,-0.03,5.07,20.04,-0.07,0.08,Tournament,2021
229,Z. Colombo,Leoneku Guidisia,DF,32,1988,2.87,1.71,0.64,0.68,1.11,-0.08,0.33,1.05,33.38,0.72,10.63,4.08,38.76,7.91,2.43,0.42,2.04,0.77,0.07,1.38,1.33,3.09,7.24,-0.07,Tournament,2021
230,A. Lekuru,Leoneku Guidisia,DFFW,23,1997,0.0,0.06,0.05,0.08,-0.03,-0.01,0.0,-0.03,,0.08,39.99,-0.01,0.0,9.99,30.07,0.06,0.05,0.05,0.06,-0.08,-0.1,-0.04,0.0,0.05,Tournament,2021
231,E. Mtetwa,Leoneku Guidisia,FW,26,1994,2.77,0.4,0.07,-0.1,-0.04,0.34,0.05,-0.02,,0.0,13.64,2.23,16.19,2.97,7.36,3.32,-0.01,-0.07,0.08,-0.08,0.28,0.68,1.14,-0.1,Tournament,2021
232,J. Amsalem,Leoneku Guidisia,FW,30,1990,2.62,0.48,0.1,0.07,0.09,0.48,0.1,-0.01,,0.04,29.19,4.68,15.85,2.24,16.46,10.34,0.81,0.0,0.07,0.75,0.06,0.28,0.33,-0.05,Tournament,2021
233,N. Nabulime,Leoneku Guidisia,FW,22,1998,0.14,-0.01,-0.04,0.01,-0.03,0.08,0.04,5.04,-0.04,4.99,24.93,-0.02,0.09,0.09,14.95,9.91,4.92,0.07,-0.02,5.05,0.03,-0.03,0.08,0.05,Tournament,2021
234,Y. Bauer,Leoneku Guidisia,FW,21,1999,0.13,-0.02,-0.08,-0.04,0.07,0.01,-0.06,0.0,,-0.04,60.04,10.03,16.66,-0.04,40.07,20.02,-0.1,-0.04,-0.07,-0.06,0.08,-0.09,0.07,0.03,Tournament,2021
235,M. Krli?evi?,Leoneku Guidisia,GK,31,1989,2.98,0.04,0.03,-0.06,0.0,-0.03,-0.02,-0.07,,-0.03,0.06,-0.05,,0.08,-0.07,0.05,-0.07,0.02,-0.08,-0.04,0.04,-0.09,-0.08,-0.04,Tournament,2021
236,D. Okidi,Leoneku Guidisia,MF,33,1987,1.58,1.4,1.35,0.61,0.66,-0.08,0.64,0.74,99.98,0.02,16.06,5.95,37.48,12.71,2.59,0.66,2.6,0.68,0.0,1.92,2.01,3.37,1.96,0.0,Tournament,2021
237,H. Tan,Leoneku Guidisia,MF,25,1995,2.96,1.63,0.37,0.6,0.03,0.98,0.92,1.32,75.01,0.4,15.25,2.64,17.41,6.27,7.36,1.59,1.0,-0.08,-0.05,1.01,3.33,5.01,0.26,-0.06,Tournament,2021
238,T. Takada,Leoneku Guidisia,MF,27,1993,3.06,3.3,2.37,2.6,0.73,-0.04,1.38,4.39,30.81,3.1,31.75,6.03,18.84,15.33,14.36,2.02,1.25,-0.01,-0.07,1.28,0.39,3.63,2.04,0.09,Tournament,2021
239,U. Jonsson,Leoneku Guidisia,MF,29,1991,1.36,6.2,4.66,5.28,0.86,-0.03,1.49,2.34,66.79,0.7,35.33,7.67,21.65,22.29,12.26,0.74,1.44,-0.06,-0.06,1.62,4.64,10.72,1.48,-0.01,Tournament,2021
240,F. ?ahin,Leoneku Guidisia,MFFW,30,1990,0.62,1.48,1.43,1.52,-0.08,0.08,-0.05,1.46,-0.09,1.38,29.92,8.53,28.53,7.11,18.68,4.2,0.0,0.0,-0.06,0.06,0.07,1.48,1.5,-0.09,Tournament,2021
241,D. Chiwara,Manlisgamncent,DF,25,1995,1.84,0.01,-0.08,-0.09,-0.02,0.01,0.04,0.58,-0.05,0.52,7.25,1.76,23.07,4.49,2.25,0.56,0.49,-0.07,-0.08,0.62,1.14,1.19,0.48,-0.05,Tournament,2021
242,F. Kawala,Manlisgamncent,DF,19,2002,4.04,2.25,1.22,0.93,1.04,0.14,0.55,1.39,33.38,0.92,19.73,6.85,34.55,9.51,8.28,1.87,3.13,0.25,-0.06,3.02,2.38,4.57,2.15,0.01,Tournament,2021
243,G. Kintu,Manlisgamncent,DF,29,1992,1.93,3.0,1.59,1.4,1.45,0.09,0.99,1.08,99.99,-0.05,19.58,6.0,30.72,12.48,4.56,2.54,2.46,0.48,-0.06,2.09,2.05,4.91,4.05,-0.09,Tournament,2021
244,M. Apolot,Manlisgamncent,DF,28,1992,0.13,-0.07,-0.06,-0.07,0.05,-0.08,-0.04,4.91,0.07,5.03,9.92,9.95,100.01,4.95,0.01,4.96,-0.02,-0.02,-0.05,0.09,5.09,4.92,14.96,0.04,Tournament,2021
245,M. Tseu,Manlisgamncent,DF,24,1996,2.22,1.75,0.88,1.27,0.45,0.07,0.86,1.29,66.69,0.36,12.19,3.0,24.93,8.18,3.46,0.47,0.04,0.06,0.06,-0.03,1.66,3.41,4.76,-0.01,Tournament,2021
246,Q. Achom,Manlisgamncent,DF,31,1989,2.1,-0.02,-0.05,0.0,-0.05,0.1,0.1,-0.1,,-0.06,3.99,1.91,50.01,2.48,1.49,-0.04,1.99,0.98,0.04,1.07,-0.09,0.0,8.47,-0.04,Tournament,2021
247,Z. Ado,Manlisgamncent,DF,31,1989,4.39,0.28,0.19,0.3,-0.09,-0.02,0.31,0.55,50.01,0.29,6.05,1.59,26.85,3.66,2.38,-0.05,0.94,0.7,0.09,0.17,1.89,2.09,3.69,0.09,Tournament,2021
248,F. Cheah,Manlisgamncent,FW,28,1992,0.61,0.09,-0.01,-0.07,-0.1,-0.02,0.04,0.0,,0.02,19.95,3.26,16.65,1.58,11.66,6.57,3.41,0.08,0.09,3.24,1.71,1.69,-0.08,-0.06,Tournament,2021
249,G. Muleya,Manlisgamncent,FW,27,1993,2.22,1.78,1.33,0.92,0.45,0.49,0.97,0.83,99.92,-0.08,34.59,7.77,22.41,3.59,16.45,14.54,1.32,-0.06,-0.01,1.26,0.35,2.27,1.36,0.04,Tournament,2021
250,I. Šari?,Manlisgamncent,FW,26,1994,1.97,0.43,0.62,0.08,0.03,0.54,-0.03,0.05,,-0.02,15.27,3.6,24.16,1.08,8.44,5.77,0.96,0.6,-0.07,0.61,1.02,1.52,1.55,-0.09,Tournament,2021
251,R. Kato,Manlisgamncent,FW,31,1989,2.88,1.31,0.78,0.61,0.43,0.31,0.26,1.77,19.94,1.36,20.28,3.04,15.33,3.46,9.02,7.83,1.06,0.31,-0.01,0.61,1.36,2.73,1.32,0.07,Tournament,2021
252,F. Blanco,Manlisgamncent,FWDF,22,1998,1.28,2.39,0.86,0.74,1.61,-0.06,-0.07,1.48,0.03,1.56,26.26,8.42,32.44,10.78,10.05,5.33,0.86,-0.06,0.02,0.76,1.51,3.92,-0.08,0.05,Tournament,2021
253,C. Soto,Manlisgamncent,FWMF,22,1998,0.62,1.37,-0.03,1.42,0.07,-0.08,-0.04,1.51,-0.07,1.4,28.5,2.93,9.92,11.48,12.82,4.37,1.49,0.06,0.05,1.44,1.47,2.87,0.04,-0.01,Tournament,2021
254,H. Mbabazi,Manlisgamncent,FWMF,23,1997,2.37,1.4,0.42,0.33,0.84,0.09,0.49,0.88,50.02,0.48,23.53,6.45,27.81,3.93,11.28,8.21,0.39,-0.05,0.04,0.37,0.89,2.13,1.23,-0.1,Tournament,2021
255,J. Jørgensen,Manlisgamncent,FWMF,25,1995,0.41,4.02,4.03,0.04,1.96,2.1,-0.04,0.07,,-0.05,17.98,3.92,22.22,-0.09,10.03,7.93,0.1,0.0,0.01,-0.01,4.09,8.0,-0.08,0.07,Tournament,2021
256,Z. Davies,Manlisgamncent,FWMF,29,1991,2.54,0.07,0.02,0.02,0.09,0.05,-0.08,0.83,0.01,0.8,21.27,4.31,20.75,4.07,10.01,7.15,0.79,-0.02,-0.02,0.84,0.05,0.09,1.14,0.04,Tournament,2021
257,E. Jew,Manlisgamncent,GK,26,1995,4.36,-0.01,-0.09,-0.03,-0.06,-0.04,-0.02,-0.02,,-0.07,0.29,-0.06,-0.06,0.31,-0.07,-0.09,-0.09,0.01,0.03,-0.08,0.05,-0.04,0.19,-0.07,Tournament,2021
258,B. Yang,Manlisgamncent,MF,29,1991,0.46,2.05,-0.03,0.03,-0.02,1.98,0.04,0.05,,-0.03,14.0,-0.03,-0.08,2.0,2.01,9.95,0.09,0.08,-0.01,0.05,-0.01,2.02,1.91,0.02,Tournament,2021
259,C. Nangobi,Manlisgamncent,MF,35,1985,4.25,0.83,0.47,0.69,0.29,0.0,-0.09,-0.01,,0.06,17.75,5.44,30.36,5.57,9.92,2.12,0.75,0.3,-0.03,0.55,1.78,2.86,0.32,0.01,Tournament,2021
260,C. Nyesiga,Manlisgamncent,MF,26,1994,3.74,1.33,1.24,1.14,0.32,0.06,0.49,0.79,66.61,0.19,21.33,4.91,23.52,6.78,12.96,1.61,0.36,0.05,0.01,0.33,1.52,2.96,1.0,-0.05,Tournament,2021
261,Z. Griffiths,Manlisgamncent,MF,28,1992,3.09,1.02,-0.07,0.24,0.68,0.01,0.35,2.18,14.28,1.93,25.25,4.6,17.98,11.21,11.4,2.49,0.29,0.04,-0.01,0.29,1.69,2.59,1.2,0.03,Tournament,2021
262,C. Popescu,Mico,DF,31,1989,2.99,3.07,0.74,1.98,0.69,0.34,1.73,2.6,62.53,0.93,9.62,1.23,13.76,3.0,4.29,2.36,1.02,0.08,-0.01,1.03,1.27,4.33,2.6,0.07,Tournament,2021
263,E. Nakayiza,Mico,DF,24,1996,0.67,-0.05,-0.02,-0.06,-0.01,0.0,-0.1,4.31,0.01,4.26,27.11,4.3,15.84,20.1,4.31,2.9,4.24,0.07,-0.05,4.37,-0.06,0.04,8.57,0.06,Tournament,2021
264,V. It?,Mico,DF,31,1989,5.96,2.24,0.83,1.27,1.06,-0.01,0.43,0.42,100.06,0.06,9.2,3.85,42.65,5.16,3.89,0.11,0.93,0.59,0.08,0.42,1.11,3.36,6.21,-0.07,Tournament,2021
265,W. Twinamatsiko,Mico,DF,28,1992,5.36,1.63,1.34,0.95,0.58,0.11,0.91,2.06,45.54,1.07,6.7,2.71,41.61,3.39,3.23,0.16,1.92,0.67,-0.02,1.09,1.92,3.58,5.68,-0.02,Tournament,2021
266,X. Kho,Mico,DF,23,1997,6.24,1.98,1.35,1.67,0.31,0.08,0.82,1.83,45.52,0.92,10.14,3.59,34.34,4.23,3.34,2.65,1.51,-0.07,0.03,1.38,1.48,3.59,1.81,0.09,Tournament,2021
267,X. Munkuli,Mico,DF,28,1992,0.29,0.03,0.09,-0.06,-0.09,0.05,0.05,0.01,,-0.08,-0.02,-0.09,,0.02,0.03,0.04,0.05,0.02,-0.09,0.01,0.01,-0.09,-0.01,0.09,Tournament,2021
268,Y. Eyotaru,Mico,DF,24,1996,5.71,0.63,0.19,0.44,0.4,-0.06,0.28,0.68,50.09,0.34,7.58,1.89,25.07,2.67,4.21,0.66,1.06,0.24,0.03,0.63,1.61,2.32,4.21,-0.03,Tournament,2021
269,Y. Gashi,Mico,DF,29,1991,3.24,0.57,0.67,0.38,0.04,0.24,0.1,-0.09,,-0.01,7.16,2.8,39.11,4.1,2.52,0.59,1.5,0.37,0.05,1.26,1.16,1.94,3.51,-0.08,Tournament,2021
270,L. Tembo,Mico,FW,21,1999,0.9,1.13,0.05,0.02,1.02,-0.03,-0.03,0.09,,-0.01,13.22,8.88,66.74,0.03,3.31,9.93,0.02,-0.03,0.01,0.06,0.0,1.19,1.12,-0.06,Tournament,2021
271,N. Katusabe,Mico,FW,27,1993,0.66,-0.05,0.02,0.09,0.04,0.04,0.0,-0.08,,-0.09,11.34,4.21,37.51,0.0,7.09,4.34,0.08,-0.02,0.08,0.06,0.0,0.03,0.05,-0.09,Tournament,2021
272,P. Khoh,Mico,FW,23,1997,2.55,0.7,0.49,0.06,0.81,0.1,0.09,0.01,,0.07,11.1,2.09,17.87,0.46,6.07,4.9,1.24,0.01,0.0,1.12,-0.02,0.74,0.77,0.02,Tournament,2021
273,X. James,Mico,FW,26,1994,3.34,1.17,0.82,0.9,-0.09,0.38,0.29,2.1,14.25,1.73,20.01,5.43,27.25,3.38,7.35,9.36,0.82,-0.09,-0.07,0.85,0.25,1.52,0.88,-0.08,Tournament,2021
274,M. Ogbonna,Mico,FWMF,21,1999,0.47,2.54,-0.1,2.45,-0.01,0.07,2.49,2.46,99.97,0.06,12.55,2.51,19.96,4.96,5.03,2.58,2.54,2.4,2.49,0.09,-0.03,2.47,-0.02,0.1,Tournament,2021
275,U. Nafula,Mico,FWMF,29,1991,6.23,0.23,0.25,0.15,0.04,-0.05,0.19,0.52,33.28,0.4,9.48,3.39,36.63,1.37,3.4,4.68,0.43,0.07,0.07,0.48,0.45,0.59,0.13,0.02,Tournament,2021
276,S. Zandamela,Mico,GK,34,1986,6.39,-0.07,0.08,0.06,0.01,0.06,0.01,0.02,,0.03,-0.01,0.07,,-0.05,0.07,0.04,-0.02,0.04,-0.07,-0.07,-0.02,-0.07,-0.07,0.01,Tournament,2021
277,A. Kiss,Mico,MF,25,1995,6.22,1.71,0.86,0.71,1.15,-0.08,0.48,1.83,24.94,1.47,16.46,4.03,24.0,5.89,8.85,1.66,1.84,-0.04,-0.05,1.66,2.04,3.82,1.36,0.07,Tournament,2021
278,H. Ferraro,Mico,MF,26,1994,1.85,1.17,1.07,0.47,0.01,0.49,1.14,3.26,33.24,2.22,14.41,2.8,19.18,7.28,4.9,2.17,0.52,-0.02,0.07,0.6,2.3,3.31,3.31,-0.01,Tournament,2021
279,J. Dubois,Mico,MF,28,1992,0.57,0.0,0.06,-0.09,0.09,0.06,0.07,-0.07,,0.02,9.98,6.02,59.94,0.0,6.04,3.93,0.01,0.04,0.02,0.06,2.01,2.02,-0.08,0.04,Tournament,2021
280,O. Lakot,Mico,MF,29,1991,5.12,1.93,1.23,0.72,1.11,-0.03,0.57,1.25,49.9,0.67,13.94,3.82,26.76,4.22,7.41,2.32,1.24,0.87,0.08,0.33,1.35,3.37,2.9,-0.06,Tournament,2021
281,B. Owor,Mico,MFFW,20,2000,3.64,1.66,1.17,0.61,1.13,-0.07,0.02,0.5,0.04,0.5,16.38,4.92,30.41,3.05,9.73,3.65,1.58,0.09,0.0,1.66,2.83,4.42,0.21,-0.07,Tournament,2021
282,Q. Ili?,Mico,MFFW,25,1996,1.58,0.08,0.03,0.02,0.02,0.04,0.08,2.47,-0.03,2.41,29.97,6.19,20.86,13.18,11.81,5.09,0.64,0.07,0.01,0.65,0.73,0.61,0.58,0.07,Tournament,2021
283,C. Imalingat,New Uwi,DF,23,1998,2.93,2.0,1.68,1.91,0.01,0.07,1.74,2.98,55.69,1.26,12.77,3.94,31.7,9.97,1.94,0.72,1.96,0.09,-0.06,1.97,0.76,2.73,4.4,-0.01,Tournament,2021
284,G. Lambert,New Uwi,DF,26,1994,2.95,4.35,2.34,3.9,-0.03,0.38,1.02,2.05,50.04,0.95,12.4,4.28,35.1,10.01,1.62,0.77,0.9,0.25,0.03,0.71,2.41,6.75,3.31,0.04,Tournament,2021
285,H. Yong,New Uwi,DF,28,1992,2.94,1.63,1.0,1.75,0.03,0.09,0.29,0.59,49.91,0.31,8.77,2.61,30.83,6.95,1.59,0.0,1.26,0.99,-0.1,0.31,0.05,1.61,8.7,0.23,Tournament,2021
286,R. Yakubu,New Uwi,DF,30,1990,2.88,3.46,2.46,2.03,1.37,-0.02,0.68,3.47,19.98,2.78,21.65,4.85,22.1,14.51,5.19,2.16,5.44,1.06,-0.02,4.48,0.42,3.86,2.68,-0.09,Tournament,2021
287,O. Kobugabe,New Uwi,DFMF,30,1991,2.26,2.1,0.33,1.75,0.04,0.5,0.4,1.23,33.24,0.83,12.61,2.13,17.1,6.57,3.97,2.08,1.33,-0.06,0.05,1.29,1.39,3.53,0.39,-0.09,Tournament,2021
288,W. Dickson,New Uwi,DFMF,32,1988,1.07,1.76,-0.01,1.76,0.06,0.09,0.03,0.86,-0.04,0.84,18.22,6.39,34.92,11.0,7.34,-0.01,1.73,-0.01,0.05,1.86,3.68,5.43,0.88,0.01,Tournament,2021
289,G. Acheampong,New Uwi,FW,23,1997,2.72,0.33,0.45,-0.09,0.4,0.07,-0.06,0.35,0.09,0.38,12.69,1.42,11.81,2.61,7.06,2.92,0.7,-0.07,-0.03,0.74,0.39,0.81,-0.09,0.06,Tournament,2021
290,P. Mutyaba,New Uwi,FW,33,1987,0.75,2.56,-0.1,1.35,0.06,1.28,0.01,1.17,-0.02,1.28,11.32,1.24,11.16,6.17,3.73,1.32,1.22,1.29,0.08,-0.02,2.45,5.04,0.01,-0.04,Tournament,2021
291,W. Takata,New Uwi,FW,20,2000,0.3,0.01,0.09,-0.04,0.03,-0.02,0.08,6.58,-0.02,6.67,23.35,0.08,0.07,6.73,3.35,13.4,0.01,0.06,0.05,-0.08,-0.06,-0.08,0.07,0.0,Tournament,2021
292,X. Hofer,New Uwi,FW,33,1987,2.16,0.87,0.82,0.45,0.4,0.04,0.45,1.87,24.96,1.37,18.22,4.6,25.0,6.83,7.27,4.11,0.88,-0.06,-0.08,0.87,1.42,2.3,2.29,-0.04,Tournament,2021
293,Z. Tuhirirwe,New Uwi,FWDF,24,1996,0.09,-0.09,0.08,0.05,-0.08,0.1,-0.01,0.08,,-0.01,39.91,9.93,25.0,20.05,10.02,9.98,9.99,0.09,0.08,9.96,9.99,10.05,-0.06,-0.07,Tournament,2021
294,E. Tushemereirwe,New Uwi,GK,30,1990,2.96,0.07,-0.03,0.02,0.06,-0.09,0.04,0.29,-0.09,0.31,0.05,0.07,,-0.04,-0.05,0.01,-0.06,0.05,-0.06,-0.01,0.09,0.09,0.38,0.06,Tournament,2021
295,E. Nakirijja,New Uwi,MF,21,1999,2.49,1.29,0.71,0.47,0.87,0.0,-0.09,2.06,0.05,1.9,19.93,4.41,22.08,10.36,8.07,1.53,2.75,1.18,0.05,1.55,2.04,3.3,0.71,0.45,Tournament,2021
296,H. Caruso,New Uwi,MF,30,1990,0.19,-0.1,0.09,0.08,-0.07,-0.04,0.06,0.07,,-0.07,69.97,19.94,28.67,29.91,39.94,-0.09,0.01,0.0,-0.01,0.05,10.02,10.09,-0.05,-0.07,Tournament,2021
297,L. Berg,New Uwi,MF,25,1995,3.02,2.09,1.66,1.7,0.36,0.03,0.64,1.62,40.07,0.98,11.9,4.39,36.05,6.63,5.05,0.38,2.05,-0.04,0.06,2.05,3.4,5.4,1.31,0.08,Tournament,2021
298,R. Nakiru,New Uwi,MF,31,1990,-0.1,0.09,0.04,0.0,0.09,-0.03,0.06,-0.06,,0.06,1.05,-0.01,0.07,0.08,0.91,-0.07,-0.03,-0.05,0.02,-0.07,-0.03,0.08,0.06,0.0,Tournament,2021
299,U. Lefebvre,New Uwi,MF,26,1994,2.77,2.2,2.21,1.51,0.82,-0.01,0.75,1.4,50.01,0.64,16.27,6.34,38.65,8.89,6.2,1.15,1.52,0.04,-0.1,1.48,2.54,4.88,2.24,0.08,Tournament,2021
300,U. Rahmawati,New Uwi,MF,33,1988,0.21,-0.08,0.06,0.09,-0.06,0.04,0.03,-0.07,,-0.02,14.99,5.0,33.26,10.09,5.06,-0.06,5.08,-0.09,-0.06,4.99,-0.03,-0.03,0.06,0.04,Tournament,2021
301,E. Naik,Nganion,DF,20,2001,2.76,1.11,0.42,0.75,0.36,-0.05,0.64,0.71,99.93,-0.05,9.34,2.9,30.85,4.21,3.86,1.14,0.37,0.0,-0.05,0.43,1.37,2.45,1.44,-0.04,Tournament,2021
302,J. Khoh,Nganion,DF,26,1995,2.68,1.1,0.67,0.29,0.81,-0.02,1.14,1.77,60.02,0.84,10.42,4.8,46.5,3.77,2.53,4.1,1.02,0.4,0.33,0.75,-0.08,1.12,1.11,0.02,Tournament,2021
303,J. Wulandari,Nganion,DF,26,1994,7.07,0.64,0.51,0.35,0.38,-0.08,0.39,0.62,59.97,0.29,5.3,2.21,43.24,1.91,2.79,0.36,0.37,0.28,-0.06,0.05,1.06,1.78,3.6,0.08,Tournament,2021
304,Q. Namazzi,Nganion,DF,25,1995,0.87,1.33,1.25,0.08,1.28,0.1,1.2,1.25,99.96,-0.01,10.01,5.02,50.08,2.43,6.34,1.2,0.08,0.08,-0.08,-0.02,0.04,1.33,1.31,-0.03,Tournament,2021
305,S. Namugere,Nganion,DF,31,1989,4.48,0.92,0.38,0.38,0.37,-0.04,-0.09,1.21,0.05,1.1,9.32,4.25,46.22,2.87,4.97,1.37,2.59,0.33,-0.07,2.28,1.23,2.13,1.54,-0.01,Tournament,2021
306,V. Nazziwa,Nganion,DF,31,1989,6.29,1.96,1.03,0.44,1.42,0.04,0.99,1.23,85.77,0.25,11.39,4.48,39.99,3.69,6.91,0.72,2.2,0.0,-0.09,2.15,1.54,3.44,1.46,0.06,Tournament,2021
307,Z. Hribar,Nganion,DF,24,1997,4.25,1.04,0.39,0.41,0.49,0.09,0.32,0.53,50.0,0.21,5.25,2.71,49.91,2.09,2.93,0.32,0.69,0.42,-0.09,0.2,1.03,1.9,2.63,0.27,Tournament,2021
308,D. Nasser,Nganion,DFFW,25,1996,0.19,0.03,0.09,0.09,-0.03,-0.07,0.06,-0.08,,-0.06,0.09,0.05,,-0.02,0.1,0.08,0.09,0.09,-0.02,0.09,0.07,-0.05,-0.04,0.09,Tournament,2021
309,B. Male,Nganion,FW,23,1997,1.86,0.53,0.1,-0.1,0.07,0.57,0.07,0.62,-0.06,0.59,13.65,3.08,23.07,1.62,5.84,6.42,2.2,0.06,0.08,2.04,-0.06,0.52,-0.06,0.03,Tournament,2021
310,G. Owusu,Nganion,FW,28,1992,4.93,1.92,1.25,0.49,0.45,1.2,0.17,0.41,50.01,0.14,19.71,6.22,31.23,0.83,7.92,10.95,0.83,0.27,-0.07,0.62,0.53,2.65,0.44,0.07,Tournament,2021
311,J. Chou,Nganion,FW,28,1992,3.03,1.31,1.06,0.42,0.32,0.7,0.97,1.6,59.94,0.63,10.4,5.14,49.92,1.92,4.27,4.23,1.61,0.37,-0.09,1.38,1.6,2.95,-0.09,-0.05,Tournament,2021
312,J. Pedro,Nganion,FW,22,1998,4.18,1.35,0.88,0.03,0.72,0.69,0.68,1.27,60.1,0.41,17.98,4.82,26.76,2.05,10.48,5.26,1.84,0.08,-0.06,1.86,0.98,2.39,0.98,0.04,Tournament,2021
313,K. Mukwaya,Nganion,FW,20,2000,4.16,0.65,0.44,0.14,0.15,0.22,0.02,0.56,0.0,0.55,11.51,3.02,25.58,1.51,4.37,5.53,1.67,-0.1,-0.07,1.8,1.07,1.79,-0.08,0.05,Tournament,2021
314,R. Ssembatya,Nganion,FW,28,1992,2.75,0.64,0.29,0.02,0.39,0.41,0.34,0.66,50.09,0.44,10.43,3.93,37.97,0.75,4.94,4.65,0.3,-0.04,0.05,0.44,0.42,0.99,0.36,0.02,Tournament,2021
315,C. Musana,Nganion,GK,23,1997,7.09,-0.07,-0.07,-0.06,-0.03,-0.03,-0.07,0.01,,-0.01,0.0,-0.07,,0.08,0.08,-0.07,-0.04,-0.04,0.06,0.06,-0.06,-0.03,0.18,0.02,Tournament,2021
316,C. Muhammadu,Nganion,MF,24,1996,0.71,1.2,1.32,1.25,0.0,-0.03,-0.08,0.09,,0.08,13.7,1.31,9.1,2.51,8.8,2.41,2.44,-0.07,-0.09,2.44,1.33,2.44,-0.06,-0.05,Tournament,2021
317,I. Aidoo,Nganion,MF,29,1991,0.83,4.96,3.72,2.42,2.5,0.03,2.53,3.67,66.69,1.3,18.74,10.02,53.24,3.73,12.49,2.46,1.2,-0.08,0.09,1.24,1.21,6.18,1.24,0.06,Tournament,2021
318,I. Mponda,Nganion,MF,29,1992,5.22,2.06,1.88,0.67,1.21,0.35,0.91,1.81,50.05,1.03,16.4,6.55,40.27,3.57,7.84,5.05,0.79,-0.08,-0.08,0.84,0.39,2.42,0.53,0.03,Tournament,2021
319,P. Tibesigwa,Nganion,MF,18,2002,7.09,0.97,0.68,0.38,0.42,0.13,0.53,0.98,42.85,0.65,14.94,5.47,36.59,3.04,7.19,4.52,1.05,0.04,0.08,1.08,0.93,1.95,0.2,-0.01,Tournament,2021
320,T. Nakirijja,Nganion,MF,24,1996,2.59,1.66,1.13,0.72,0.86,0.03,0.34,1.14,33.32,0.72,13.1,3.62,27.3,4.78,6.42,2.09,0.5,-0.05,0.09,0.35,0.73,2.5,2.71,-0.01,Tournament,2021
321,Z. Gholami,Nganion,MF,32,1988,4.44,2.58,2.58,1.14,1.18,0.29,0.69,1.33,50.08,0.71,18.95,7.23,38.65,6.35,9.8,2.69,1.18,0.0,0.07,1.23,1.51,4.13,1.34,0.04,Tournament,2021
322,A. Nangobi,Ngoque Blicri,DF,29,1991,2.37,2.59,1.57,2.45,0.0,-0.01,0.45,1.34,33.31,0.88,14.21,5.03,35.24,9.61,3.8,0.82,1.67,0.76,0.08,0.78,3.68,6.31,9.14,0.03,Tournament,2021
323,B. Opoka,Ngoque Blicri,DF,29,1991,1.03,1.94,1.0,1.08,0.98,0.07,0.93,2.05,50.01,0.98,19.1,2.08,10.41,11.09,8.08,-0.09,2.07,0.0,-0.05,2.05,4.97,6.98,8.01,0.03,Tournament,2021
324,K. Ray,Ngoque Blicri,DF,19,2001,0.07,9.92,-0.1,9.96,-0.07,-0.02,9.96,19.91,50.0,9.98,60.03,10.07,16.72,20.0,10.03,29.9,-0.03,0.06,-0.06,-0.02,0.02,10.04,-0.04,-0.07,Tournament,2021
325,M. Tumuramye,Ngoque Blicri,DF,26,1994,3.08,1.42,0.93,0.92,0.38,-0.07,0.43,1.04,33.39,0.58,13.67,3.6,26.82,5.97,3.94,3.69,1.43,-0.02,0.03,1.4,2.08,3.25,2.39,0.07,Tournament,2021
326,M. Vaknin,Ngoque Blicri,DF,28,1992,2.77,1.72,0.45,1.04,0.61,0.07,0.32,0.68,49.91,0.46,16.87,3.91,23.32,6.5,6.43,3.93,1.12,0.08,-0.06,1.0,2.11,3.96,1.72,-0.07,Tournament,2021
327,Q. Aini,Ngoque Blicri,DF,23,1997,1.94,0.45,0.44,-0.08,0.52,0.04,0.03,-0.07,,0.04,10.54,3.59,33.23,6.53,2.94,1.06,1.56,0.45,0.07,1.0,2.06,2.51,3.55,0.05,Tournament,2021
328,T. Sántos,Ngoque Blicri,DF,25,1995,0.72,-0.09,0.01,-0.05,-0.04,-0.06,0.05,-0.08,,-0.05,12.96,4.27,33.22,4.31,7.09,1.47,1.34,0.06,0.0,1.52,0.06,0.06,5.63,-0.06,Tournament,2021
329,Z. Khan,Ngoque Blicri,DF,24,1996,0.67,1.69,-0.07,1.76,-0.01,-0.09,0.0,0.08,,0.07,13.27,3.25,25.09,8.33,4.97,0.09,3.35,0.0,0.04,3.41,1.66,3.37,3.31,-0.05,Tournament,2021
330,Z. Singini,Ngoque Blicri,DF,29,1991,0.13,-0.06,-0.06,0.1,0.06,-0.06,0.02,0.01,,0.03,20.01,0.09,0.05,9.99,9.96,0.08,0.05,-0.06,-0.1,0.04,0.09,0.03,-0.03,-0.02,Tournament,2021
331,P. Bauri,Ngoque Blicri,DFMF,24,1996,3.07,1.94,1.09,1.42,0.67,0.05,1.06,1.01,99.93,0.04,16.22,4.33,26.41,7.59,6.76,2.08,2.33,0.38,0.06,2.09,2.75,4.67,1.96,0.06,Tournament,2021
332,D. Obeng,Ngoque Blicri,FW,24,1996,2.43,0.33,0.43,0.02,0.03,0.49,0.01,0.79,0.0,0.79,15.75,4.21,26.32,2.15,7.44,6.17,0.43,0.45,-0.03,-0.07,1.2,1.62,0.52,0.06,Tournament,2021
333,H. Reiter,Ngoque Blicri,FW,25,1995,0.46,2.03,-0.04,-0.09,0.07,1.96,2.05,1.98,99.93,0.05,26.02,4.02,15.46,4.02,14.01,7.98,-0.07,0.01,-0.09,-0.05,0.06,2.0,0.0,0.0,Tournament,2021
334,R. Akidi,Ngoque Blicri,FW,23,1997,0.29,6.75,3.26,0.02,6.75,-0.04,3.26,3.37,99.99,0.06,26.62,3.35,12.48,3.24,10.01,13.25,0.05,0.03,0.07,0.02,3.36,10.04,-0.06,0.01,Tournament,2021
335,X. Salihu,Ngoque Blicri,FW,25,1995,2.92,-0.05,0.04,-0.05,0.07,0.05,0.0,0.38,-0.09,0.27,18.32,3.49,18.92,1.12,7.97,9.21,0.37,-0.04,0.06,0.3,-0.07,0.0,1.1,-0.07,Tournament,2021
336,Z. Abidin,Ngoque Blicri,GK,35,1985,3.05,0.08,-0.06,0.0,0.0,-0.05,0.08,0.09,,0.03,-0.07,-0.02,,-0.03,-0.06,-0.03,0.01,0.09,-0.1,-0.02,-0.04,-0.09,0.36,0.04,Tournament,2021
337,A. Lombardi,Ngoque Blicri,MF,28,1992,1.78,2.91,1.23,1.79,1.2,-0.03,1.12,4.04,28.66,3.01,31.13,5.88,18.98,11.23,14.11,5.83,1.14,0.05,0.09,1.24,1.23,4.04,1.11,-0.03,Tournament,2021
338,D. Masereka,Ngoque Blicri,MF,26,1994,0.48,0.02,-0.09,0.07,-0.09,0.02,-0.01,0.01,,-0.03,4.07,0.03,0.02,0.08,4.03,0.03,0.08,0.1,0.01,0.01,0.05,0.08,-0.04,-0.05,Tournament,2021
339,J. Brouwer,Ngoque Blicri,MF,27,1993,2.23,0.82,0.4,0.36,0.46,-0.01,0.52,3.05,14.21,2.7,22.65,3.96,17.33,7.39,13.44,1.7,1.32,-0.04,0.05,1.24,2.1,3.09,0.41,0.06,Tournament,2021
340,Y. Diallo,Ngoque Blicri,MF,19,2001,0.73,3.68,1.34,2.48,1.31,0.07,0.09,2.42,-0.1,2.41,25.02,7.6,29.97,9.98,9.93,5.07,1.16,-0.03,0.02,1.16,0.07,3.76,0.09,-0.08,Tournament,2021
341,Z. Cher,Ngoque Blicri,MF,26,1994,2.98,2.33,1.66,1.09,0.66,0.68,1.04,2.34,42.89,1.41,25.68,8.09,31.29,6.36,13.35,5.99,0.36,0.04,0.08,0.27,2.94,5.39,0.93,-0.05,Tournament,2021
342,D. Balázs,Nkasland Cronestan,DF,25,1995,0.02,0.03,0.05,0.05,-0.05,-0.06,-0.03,0.1,,0.04,0.01,-0.02,,0.05,0.06,0.03,0.04,-0.1,-0.09,-0.05,-0.09,-0.04,-0.08,-0.06,Tournament,2021
343,D. Shahar,Nkasland Cronestan,DF,24,1996,2.9,2.84,1.4,1.35,1.31,-0.1,0.69,1.37,49.95,0.71,9.65,3.8,39.29,5.24,4.56,-0.08,1.99,0.7,-0.1,1.31,2.0,4.76,4.11,-0.02,Tournament,2021
344,D. Shuaibu,Nkasland Cronestan,DF,28,1992,3.08,4.94,2.27,3.42,1.05,0.68,2.61,3.33,80.04,0.64,20.04,6.38,31.73,10.97,4.68,4.42,2.27,0.31,0.0,1.93,1.92,6.97,3.67,0.29,Tournament,2021
345,E. Hämäläinen,Nkasland Cronestan,DF,31,1989,0.72,-0.07,0.05,0.1,-0.02,0.0,0.09,1.16,-0.03,1.16,13.77,2.56,18.27,2.53,7.41,3.78,1.3,1.21,-0.07,-0.07,2.59,2.51,1.2,-0.09,Tournament,2021
346,K. Twinomujuni,Nkasland Cronestan,DF,22,1999,1.61,2.95,2.3,0.01,1.21,1.7,0.62,1.22,50.08,0.66,14.67,2.92,20.06,7.16,5.38,2.25,2.9,-0.03,0.07,2.88,1.77,4.73,1.27,-0.04,Tournament,2021
347,S. Ayuba,Nkasland Cronestan,DF,22,1998,2.67,2.61,2.6,0.31,1.21,1.13,0.77,1.85,40.07,1.14,20.44,7.36,36.46,5.26,9.99,5.2,2.31,-0.07,0.01,2.16,1.17,3.66,1.06,0.31,Tournament,2021
348,Y. Meyer,Nkasland Cronestan,DF,32,1988,2.99,1.23,0.6,1.01,0.34,-0.07,0.36,0.75,50.03,0.42,8.0,2.03,24.99,4.41,3.36,0.36,1.43,0.61,-0.05,0.65,1.29,2.73,7.08,-0.04,Tournament,2021
349,L. Friedrich,Nkasland Cronestan,DFFW,25,1995,0.91,2.2,1.07,0.05,1.07,1.16,2.22,2.29,100.01,-0.03,31.1,4.38,14.36,2.13,14.4,14.45,0.05,-0.07,-0.06,-0.06,0.08,2.26,0.08,0.0,Tournament,2021
350,I. Kyohairwe,Nkasland Cronestan,FW,28,1992,0.39,0.08,0.02,-0.04,0.02,-0.01,-0.09,0.06,,-0.02,9.96,3.24,33.25,3.27,-0.08,6.7,-0.03,0.02,0.02,-0.09,0.01,0.09,0.08,-0.04,Tournament,2021
351,S. Y?lmaz,Nkasland Cronestan,FW,32,1988,2.93,0.72,0.32,0.04,0.26,0.36,0.34,0.75,49.99,0.33,13.09,5.24,41.08,0.36,3.64,8.95,0.99,-0.02,-0.05,1.02,0.42,1.06,0.73,-0.03,Tournament,2021
352,V. Yang,Nkasland Cronestan,FWMF,17,2003,0.65,1.59,1.69,1.67,-0.01,0.08,1.59,1.6,100.0,0.08,24.93,6.69,26.67,5.0,15.03,5.1,4.98,-0.04,0.05,5.0,1.7,3.28,-0.06,0.01,Tournament,2021
353,Y. Beh,Nkasland Cronestan,FWMF,24,1997,1.86,1.76,1.74,0.5,-0.07,1.05,0.55,0.65,99.99,0.09,20.61,6.61,32.38,3.37,11.77,5.52,0.58,0.08,0.05,0.54,0.08,1.57,0.61,-0.04,Tournament,2021
354,J. Vásquez,Nkasland Cronestan,GK,30,1990,3.0,-0.06,0.08,-0.07,0.07,0.03,0.1,-0.01,,0.05,0.05,-0.04,,0.01,-0.08,0.07,-0.09,-0.04,0.04,-0.05,-0.08,0.03,-0.06,-0.01,Tournament,2021
355,D. Kikuchi,Nkasland Cronestan,MF,21,1999,0.95,1.91,0.95,0.97,1.1,-0.1,0.96,3.01,33.36,1.97,34.08,5.07,14.79,10.03,19.98,4.08,2.04,0.0,0.02,1.97,0.05,1.9,5.02,-0.04,Tournament,2021
356,O. Kraus,Nkasland Cronestan,MF,30,1990,2.26,1.77,0.97,0.5,0.82,0.44,0.34,2.24,19.97,1.71,32.96,7.48,22.43,8.77,16.05,8.28,0.93,0.87,-0.06,-0.09,0.92,2.69,1.33,0.08,Tournament,2021
357,S. Greco,Nkasland Cronestan,MF,22,1998,0.18,-0.09,-0.01,0.07,0.09,0.08,-0.1,0.07,,-0.1,9.91,0.07,-0.05,9.95,-0.09,-0.02,0.05,0.03,0.04,0.02,0.09,0.09,0.02,0.07,Tournament,2021
358,Y. Almutairi,Nkasland Cronestan,MF,25,1995,0.88,2.26,1.05,2.21,-0.05,-0.05,1.19,2.12,49.99,1.19,23.38,5.51,23.7,10.1,5.62,7.69,0.05,0.02,-0.04,0.08,2.14,4.5,1.1,-0.02,Tournament,2021
359,Q. Liang,Nkasland Cronestan,MFFW,26,1994,2.91,0.97,0.65,0.6,0.29,-0.07,0.01,0.32,0.09,0.34,17.2,6.29,35.99,5.21,5.95,6.26,1.29,0.33,0.01,1.11,1.8,2.67,0.77,0.0,Tournament,2021
360,X. Nyombi,Nkasland Cronestan,MFFW,31,1990,1.56,1.29,-0.02,1.27,-0.05,-0.08,0.01,1.28,0.0,1.3,14.61,4.73,31.83,3.28,4.73,6.62,0.68,0.62,0.1,0.06,2.66,3.99,1.25,-0.02,Tournament,2021
361,A. Kamusiime,People's Land of Maneau,DF,30,1990,3.15,1.17,0.97,-0.05,0.39,1.04,0.99,2.74,33.32,1.94,16.61,3.74,22.54,5.02,8.08,3.53,1.92,0.32,-0.06,1.63,1.81,3.16,1.34,0.03,Tournament,2021
362,C. Muyama,People's Land of Maneau,DF,25,1995,6.42,1.35,0.75,0.32,0.82,0.23,0.85,1.38,55.52,0.69,11.84,2.98,25.08,4.29,5.59,1.79,1.33,0.12,-0.04,1.15,1.49,2.86,1.95,0.0,Tournament,2021
363,K. Mirkovi?,People's Land of Maneau,DF,27,1993,2.01,0.41,-0.08,0.52,-0.07,-0.05,0.55,0.54,100.05,0.05,4.3,2.37,55.66,2.29,1.97,0.02,1.03,0.43,0.03,0.39,3.42,3.86,7.2,0.09,Tournament,2021
364,M. As,People's Land of Maneau,DF,26,1994,7.57,0.54,0.13,0.25,0.19,-0.04,0.15,0.61,20.09,0.52,6.03,2.07,35.54,3.02,2.74,0.24,1.46,1.26,0.07,0.23,1.26,1.75,3.62,0.01,Tournament,2021
365,O. Atim,People's Land of Maneau,DF,30,1990,6.69,0.48,0.54,0.4,-0.04,0.21,0.27,0.69,49.93,0.39,7.81,2.64,32.77,3.51,3.29,0.87,1.28,0.19,0.01,1.03,2.91,3.3,2.14,0.0,Tournament,2021
366,U. Wright,People's Land of Maneau,DF,27,1993,5.75,0.42,0.35,0.36,0.09,-0.08,0.26,0.35,49.91,0.15,4.3,1.59,36.0,2.79,1.33,0.15,1.03,0.36,-0.08,0.6,1.7,2.2,4.65,-0.06,Tournament,2021
367,V. Thompson,People's Land of Maneau,DF,21,1999,1.02,-0.04,-0.08,0.08,-0.09,0.04,0.09,1.07,-0.06,0.99,8.95,3.02,33.23,5.06,4.01,-0.07,0.94,1.05,1.01,0.02,1.03,1.03,0.0,0.05,Tournament,2021
368,G. Dijkstra,People's Land of Maneau,FW,19,2001,2.99,1.26,0.94,0.05,1.0,0.34,-0.07,0.69,0.01,0.58,19.97,4.35,21.77,5.7,8.96,5.34,0.35,0.03,-0.02,0.39,1.4,2.69,0.34,-0.06,Tournament,2021
369,L. Malinga,People's Land of Maneau,FW,20,2000,1.05,0.81,-0.02,0.08,0.83,0.04,0.85,1.9,50.03,0.88,29.0,6.44,21.82,9.0,10.02,10.04,0.96,0.09,0.05,0.91,0.87,1.85,0.03,0.03,Tournament,2021
370,N. Ono,People's Land of Maneau,FW,23,1997,0.19,-0.06,0.0,0.03,-0.03,-0.02,0.02,-0.04,,0.03,70.0,10.0,14.33,10.01,49.95,10.01,4.91,0.0,0.06,5.03,0.06,-0.09,5.02,0.03,Tournament,2021
371,T. Ichikawa,People's Land of Maneau,FW,23,1997,1.09,2.96,1.01,0.91,0.94,0.96,0.98,2.95,33.33,2.01,20.93,4.06,19.05,4.06,12.03,5.03,-0.04,0.08,-0.05,0.05,1.03,3.91,-0.07,0.06,Tournament,2021
372,Z. binti Zakaria,People's Land of Maneau,FW,27,1993,7.3,0.29,0.1,0.1,0.07,0.07,0.05,0.08,,0.09,13.53,2.73,19.42,0.73,6.67,6.06,1.11,0.23,0.05,0.93,0.51,0.77,0.78,-0.07,Tournament,2021
373,J. Singini,People's Land of Maneau,FWMF,20,2000,1.77,0.01,-0.05,-0.03,0.03,0.02,0.09,0.58,-0.03,0.52,23.38,7.14,30.96,6.21,9.48,7.85,0.51,0.05,-0.02,0.56,0.09,0.01,0.06,0.09,Tournament,2021
374,K. Namuwaya,People's Land of Maneau,FWMF,25,1995,1.99,0.53,0.54,0.42,0.08,-0.08,0.01,0.05,,0.04,16.93,3.48,20.65,4.0,3.5,9.58,0.95,0.06,0.08,0.99,0.98,1.53,0.58,-0.1,Tournament,2021
375,T. Aguti,People's Land of Maneau,FWMF,26,1994,7.09,0.69,0.55,0.38,0.28,0.09,0.31,0.41,66.69,0.11,9.47,2.81,29.88,2.45,3.31,3.59,0.72,0.03,0.04,0.61,1.2,2.03,-0.03,0.1,Tournament,2021
376,X. Neri,People's Land of Maneau,GK,26,1994,7.78,0.07,0.09,0.01,-0.06,-0.02,0.06,0.06,,0.07,0.03,0.08,,-0.08,0.0,-0.02,0.02,0.0,0.03,-0.02,-0.01,0.09,0.18,0.21,Tournament,2021
377,A. Ono,People's Land of Maneau,MF,17,2003,0.61,6.61,1.74,1.66,1.64,3.3,-0.01,1.65,0.09,1.62,38.33,8.36,21.8,11.63,19.96,6.57,-0.02,-0.07,-0.06,-0.09,5.06,11.73,-0.1,-0.06,Tournament,2021
378,C. Saad,People's Land of Maneau,MF,25,1995,7.35,2.24,1.65,0.75,1.05,0.31,0.48,2.07,18.7,1.73,30.89,6.42,20.46,7.83,19.16,3.96,1.25,0.02,-0.05,1.24,1.18,3.19,1.96,0.0,Tournament,2021
379,H. Twongirwe,People's Land of Maneau,MF,30,1990,1.69,1.16,1.11,1.16,-0.04,0.06,0.53,2.43,24.93,1.75,20.04,5.8,29.47,6.56,11.19,2.4,1.66,0.1,0.05,1.75,1.15,2.27,1.69,0.01,Tournament,2021
380,I. Iddrisu,People's Land of Maneau,MF,22,1999,5.97,2.14,0.91,0.51,1.45,0.24,1.07,2.45,42.95,1.37,18.71,6.21,33.32,5.32,11.41,2.2,1.26,0.43,0.05,0.63,3.15,5.35,2.09,-0.04,Tournament,2021
381,O. Nampeera,People's Land of Maneau,MF,22,1999,5.02,1.64,0.8,0.61,0.31,0.59,0.44,1.45,28.52,1.07,23.34,5.55,23.51,4.47,10.85,8.11,1.84,0.11,-0.05,1.56,0.22,1.77,-0.07,-0.07,Tournament,2021
382,H. Arthur,Quewenia,DF,24,1996,5.75,1.92,0.97,1.55,0.39,0.09,1.27,2.08,58.31,0.85,10.24,2.3,22.49,6.19,3.23,0.72,0.64,0.55,-0.04,0.15,2.67,4.55,5.37,0.09,Tournament,2021
383,K. Oloya,Quewenia,DF,29,1992,0.15,0.01,-0.01,0.04,-0.05,0.02,-0.06,0.04,,-0.08,29.99,10.04,33.28,19.95,0.09,9.96,0.07,-0.05,0.05,-0.01,0.0,-0.01,0.05,0.0,Tournament,2021
384,L. Kule,Quewenia,DF,27,1993,3.26,2.46,0.87,1.14,1.2,-0.05,1.26,2.71,44.49,1.52,17.84,4.59,25.42,8.82,6.67,2.43,0.9,0.25,0.07,0.61,2.07,4.63,1.6,0.05,Tournament,2021
385,Q. Yadav,Quewenia,DF,25,1995,5.69,2.19,1.39,1.65,0.52,-0.08,1.29,2.02,63.68,0.76,11.42,3.44,30.83,6.47,4.71,0.15,1.99,1.08,0.09,0.84,1.76,4.0,3.43,0.03,Tournament,2021
386,T. Candia,Quewenia,DF,28,1992,5.34,2.52,1.04,1.05,0.79,0.67,0.39,0.73,50.02,0.41,12.68,2.54,19.46,7.04,4.26,1.3,2.09,0.97,0.04,1.1,1.56,3.94,1.91,-0.06,Tournament,2021
387,W. Okeke,Quewenia,DF,25,1995,2.44,4.1,2.4,2.45,1.34,0.51,2.98,4.5,63.61,1.57,20.88,5.38,26.01,10.31,5.79,4.67,2.52,0.84,0.03,1.67,2.5,6.62,3.3,0.04,Tournament,2021
388,J. Anguko,Quewenia,DFFW,29,1991,3.27,1.27,0.63,0.24,0.55,0.3,-0.02,1.34,-0.08,1.3,14.48,3.42,23.88,3.97,7.15,3.23,0.08,0.07,-0.07,0.08,0.68,1.9,0.6,-0.03,Tournament,2021
389,M. Nabukwasi,Quewenia,DFMF,29,1991,2.14,0.53,0.52,-0.1,0.56,-0.06,0.0,0.42,0.04,0.48,10.99,2.33,21.64,5.81,4.68,0.56,1.81,0.88,0.01,0.92,1.84,2.43,1.47,-0.06,Tournament,2021
390,G. Were,Quewenia,FW,28,1992,4.13,-0.07,-0.03,-0.1,0.04,-0.09,-0.02,0.31,-0.03,0.27,13.57,2.82,21.18,1.17,5.91,6.37,0.87,0.92,0.1,0.07,0.67,0.77,0.75,0.08,Tournament,2021
391,M. Mathieu,Quewenia,FW,23,1997,4.13,1.39,0.52,0.5,0.2,0.77,0.55,1.28,39.99,0.66,17.84,4.53,25.91,2.38,6.58,8.83,0.64,0.0,0.01,0.72,0.54,1.95,1.04,-0.05,Tournament,2021
392,G. Odoch,Quewenia,FWMF,22,1998,1.96,2.06,1.15,1.57,-0.09,0.44,0.63,1.66,33.23,1.02,16.33,5.87,35.5,5.82,6.91,3.75,1.02,-0.07,-0.05,1.09,4.24,6.38,2.67,-0.06,Tournament,2021
393,H. Kurnia,Quewenia,FWMF,31,1989,1.6,0.51,-0.07,0.57,0.0,-0.07,-0.09,0.62,-0.04,0.68,22.33,6.48,28.98,4.22,10.54,7.68,1.15,0.6,-0.06,0.68,-0.01,0.65,0.62,-0.03,Tournament,2021
394,V. Nyakudya,Quewenia,FWMF,27,1993,0.83,7.49,6.34,5.1,1.18,1.2,4.99,6.33,80.06,1.26,37.49,8.66,23.25,11.37,15.01,11.2,0.07,-0.09,0.1,-0.04,2.45,9.97,3.68,0.03,Tournament,2021
395,Z. Uy,Quewenia,FWMF,29,1991,0.38,5.0,5.01,2.51,2.46,-0.08,-0.01,0.06,,0.1,50.06,14.98,29.95,12.48,20.07,17.43,0.02,0.03,0.0,0.04,2.59,7.44,-0.01,-0.08,Tournament,2021
396,R. Yiga,Quewenia,GK,32,1988,5.63,0.02,-0.09,0.1,0.06,-0.08,0.03,-0.01,,0.09,-0.09,-0.07,,0.04,0.05,-0.03,-0.05,-0.1,0.08,-0.05,0.07,0.04,0.06,0.05,Tournament,2021
397,H. Adjei,Quewenia,MF,28,1992,5.05,2.17,1.47,0.89,1.04,0.1,0.41,2.2,18.1,1.72,20.77,5.97,28.26,8.85,8.72,3.29,1.47,0.47,-0.08,1.25,1.8,3.89,1.35,-0.09,Tournament,2021
398,K. Abalo,Quewenia,MF,28,1992,4.36,2.28,1.31,1.17,1.01,0.14,0.6,2.13,33.21,1.4,16.4,2.7,17.14,5.49,9.13,1.65,1.47,0.69,0.08,0.75,1.56,3.85,1.46,0.03,Tournament,2021
399,O. Obeng,Quewenia,MF,24,1996,1.34,2.13,-0.03,2.06,0.07,-0.01,-0.02,-0.07,,0.04,13.53,4.2,31.55,7.11,5.06,1.43,1.5,0.68,0.01,0.78,2.04,4.2,0.06,-0.02,Tournament,2021
400,Q. Nakityo,Quewenia,MF,29,1991,4.11,0.65,0.15,0.47,0.33,-0.01,0.21,0.24,99.96,0.05,11.53,1.48,12.8,1.62,5.93,3.97,0.44,0.08,-0.1,0.42,0.54,1.28,-0.04,-0.06,Tournament,2021
401,Q. Ow,Quewenia,MF,23,1997,0.55,4.09,2.0,2.03,-0.05,2.02,-0.06,4.03,-0.03,3.98,37.93,12.0,31.55,24.03,9.93,4.08,4.1,0.03,-0.07,4.0,2.05,6.04,3.98,-0.02,Tournament,2021
402,C. Alanazi,Sobianitedrucy,DF,32,1988,2.58,0.28,0.44,0.38,0.08,0.01,0.41,0.82,49.93,0.41,8.16,2.61,33.22,5.47,2.34,0.4,1.61,0.39,0.09,1.21,3.51,3.89,3.52,-0.05,Tournament,2021
403,L. Yulianti,Sobianitedrucy,DF,33,1987,7.41,0.49,0.35,0.58,-0.02,0.01,0.05,0.42,33.32,0.34,4.23,1.27,31.28,2.44,1.57,0.13,1.0,0.52,-0.01,0.45,1.65,2.31,3.01,0.07,Tournament,2021
404,M. Ayebazibwe,Sobianitedrucy,DF,27,1993,6.57,3.07,1.59,1.91,0.75,0.31,0.76,1.76,45.56,1.0,14.43,4.62,31.96,7.07,5.85,1.63,2.72,0.68,-0.08,2.05,2.04,5.13,3.52,-0.09,Tournament,2021
405,R. Bogere,Sobianitedrucy,DF,36,1984,4.94,1.31,0.56,1.13,-0.05,-0.03,0.74,0.9,99.9,-0.05,5.8,2.24,39.33,3.27,2.18,0.3,1.56,0.66,0.06,1.1,0.98,2.25,6.2,0.08,Tournament,2021
406,S. Kamoga,Sobianitedrucy,DF,21,1999,1.08,1.08,1.01,1.08,-0.01,-0.08,0.95,0.91,100.01,0.07,10.05,3.08,29.94,6.07,4.07,0.03,0.94,-0.01,0.01,1.03,0.03,0.91,4.07,0.05,Tournament,2021
407,T. Neves,Sobianitedrucy,DF,29,1991,0.4,0.04,0.08,0.05,-0.1,0.06,-0.07,-0.02,,0.1,11.99,2.01,16.75,-0.04,6.09,5.92,0.04,-0.06,0.01,-0.09,-0.02,0.0,2.01,-0.06,Tournament,2021
408,V. bin Ali,Sobianitedrucy,DF,26,1994,3.1,1.52,1.24,0.93,-0.05,0.62,0.56,1.26,50.0,0.59,9.46,2.8,30.03,2.55,4.37,2.59,-0.05,0.07,0.08,-0.02,0.36,1.88,1.89,0.01,Tournament,2021
409,Y. Opio,Sobianitedrucy,DF,30,1990,1.8,2.24,0.64,0.59,0.58,1.18,1.08,1.63,66.74,0.57,11.78,3.97,33.29,5.55,2.68,3.31,1.11,0.1,0.07,1.17,0.51,2.75,-0.02,-0.01,Tournament,2021
410,Y. Vitali,Sobianitedrucy,DF,27,1993,4.26,0.44,0.17,0.23,0.01,0.31,0.2,0.62,33.35,0.45,9.74,2.68,26.75,3.02,4.27,2.45,2.2,0.78,0.26,1.53,1.35,1.84,0.9,0.06,Tournament,2021
411,B. Sah,Sobianitedrucy,FW,30,1990,4.93,0.1,-0.09,0.02,-0.03,0.04,0.01,0.33,-0.02,0.37,21.08,4.33,20.35,0.66,8.26,12.16,0.86,0.13,0.0,0.53,0.12,0.15,0.46,-0.08,Tournament,2021
412,E. Zacarias,Sobianitedrucy,FW,27,1993,2.49,0.73,0.75,0.09,0.85,0.04,-0.1,0.43,-0.02,0.48,14.61,4.21,28.66,2.01,7.14,5.45,-0.05,-0.04,-0.03,-0.05,-0.08,0.87,0.74,0.08,Tournament,2021
413,G. Chimwaza,Sobianitedrucy,FW,20,2000,0.25,-0.1,0.07,-0.01,0.05,-0.1,0.04,-0.07,,0.05,5.08,0.07,0.06,5.02,0.04,0.09,-0.04,-0.03,0.06,0.08,-0.06,-0.05,0.06,0.05,Tournament,2021
414,P. Mlotshwa,Sobianitedrucy,FW,23,1997,4.83,1.04,0.24,0.47,0.13,0.49,0.15,1.38,14.28,1.19,14.45,2.12,14.15,2.39,5.92,6.05,0.49,0.1,0.02,0.4,0.0,1.11,0.21,0.07,Tournament,2021
415,R. Nkosi,Sobianitedrucy,FW,29,1991,5.51,0.69,0.28,0.27,0.61,-0.06,0.0,0.89,-0.03,0.88,11.51,2.92,24.55,3.77,4.25,3.58,0.24,0.1,0.05,0.26,0.68,1.34,0.21,-0.02,Tournament,2021
416,V. Golob,Sobianitedrucy,FW,26,1994,4.29,0.57,0.17,-0.08,0.49,-0.02,0.08,1.24,0.05,1.21,20.23,4.71,23.43,3.83,8.57,7.79,1.14,0.31,0.02,0.94,2.07,2.53,1.7,0.03,Tournament,2021
417,Y. Smit,Sobianitedrucy,FW,26,1994,1.35,1.44,0.8,1.39,-0.08,-0.02,-0.03,0.01,,-0.09,10.1,2.92,28.67,2.93,2.78,4.2,0.02,-0.09,0.02,-0.09,1.39,2.88,-0.01,-0.06,Tournament,2021
418,A. Khainza,Sobianitedrucy,GK,21,1999,7.92,-0.06,0.0,0.01,-0.03,0.0,-0.04,-0.03,,-0.08,0.06,0.01,,0.06,-0.01,-0.08,-0.04,0.03,0.02,0.08,0.02,0.02,0.07,0.27,Tournament,2021
419,V. Guillaume,Sobianitedrucy,GK,34,1987,-0.07,-0.1,-0.02,0.06,0.01,0.09,0.08,-0.07,,0.09,-0.09,0.08,,0.06,0.06,0.06,0.03,-0.07,-0.03,0.02,0.08,-0.09,0.09,0.06,Tournament,2021
420,D. Sigauke,Sobianitedrucy,MF,23,1997,5.1,1.35,1.0,0.79,0.62,0.07,-0.03,1.47,0.09,1.64,21.23,5.09,23.61,2.78,11.24,7.29,0.79,-0.06,-0.04,0.79,0.89,2.41,0.07,-0.05,Tournament,2021
421,F. Lee,Sobianitedrucy,MF,23,1998,3.0,2.62,1.41,0.62,1.3,0.67,0.93,1.77,59.97,0.71,19.78,4.42,21.93,6.7,9.29,3.6,0.6,0.01,-0.04,0.7,0.77,3.41,3.08,0.03,Tournament,2021
422,I. Makavan,Sobianitedrucy,MF,29,1991,7.74,1.98,1.1,1.17,0.36,0.43,1.25,3.7,30.95,2.57,17.38,5.77,33.19,5.53,10.09,1.95,1.87,0.21,-0.06,1.73,2.35,4.13,1.11,0.07,Tournament,2021
423,I. Marie,Sobianitedrucy,MF,28,1992,4.34,3.88,2.59,1.82,2.05,0.0,1.2,2.64,41.73,1.64,17.28,5.98,34.27,5.17,6.69,5.38,1.16,0.3,0.09,0.87,1.61,5.49,0.83,0.02,Tournament,2021
424,J. Hasahya,Sobianitedrucy,MF,23,1997,-0.02,-0.07,-0.1,-0.09,0.09,-0.06,0.07,0.07,,-0.02,0.0,0.07,,0.03,0.1,0.08,-0.02,-0.02,0.1,-0.04,-0.02,-0.06,-0.08,-0.04,Tournament,2021
425,X. Wouters,Sobianitedrucy,MF,23,1997,2.09,0.96,1.01,0.5,0.02,0.4,0.43,0.96,49.93,0.42,13.87,2.77,20.79,2.87,5.27,5.66,2.29,-0.08,-0.05,2.38,1.43,2.35,0.92,0.06,Tournament,2021
426,Z. Delemovi?,Sobianitedrucy,MF,25,1995,1.47,2.07,1.29,0.66,0.6,0.6,0.04,1.4,-0.06,1.35,17.22,4.61,26.99,4.67,9.33,3.25,1.95,0.1,-0.1,2.04,0.76,2.62,0.73,-0.1,Tournament,2021
427,A. Acheng,Southern Ristan,DF,25,1995,0.37,3.36,3.4,3.27,0.03,0.06,0.03,-0.08,,-0.04,16.79,3.38,19.97,3.33,6.59,6.64,-0.06,0.02,0.03,0.09,-0.02,3.36,-0.06,0.05,Tournament,2021
428,F. Cho,Southern Ristan,DF,26,1994,0.71,7.51,3.67,6.16,1.26,0.1,3.79,3.75,100.09,-0.09,23.81,5.06,21.12,3.7,13.84,6.22,3.78,-0.08,0.06,3.78,3.71,11.36,1.26,-0.09,Tournament,2021
429,H. Nyombi,Southern Ristan,DF,25,1995,2.07,0.59,0.48,0.01,0.56,0.04,0.56,0.44,99.92,0.09,11.0,2.45,22.78,6.03,4.46,0.42,3.09,2.41,-0.05,0.43,2.47,3.06,2.44,0.43,Tournament,2021
430,I. Permana,Southern Ristan,DF,27,1993,4.07,2.42,0.98,2.08,0.42,0.05,1.84,2.98,58.22,1.34,18.53,2.03,10.85,9.7,7.49,1.29,1.5,0.33,0.03,1.17,2.48,5.05,1.72,0.07,Tournament,2021
431,J. Kondowe,Southern Ristan,DF,29,1991,3.75,2.52,1.4,1.68,0.8,0.07,1.36,2.7,50.09,1.27,11.53,2.88,25.62,6.55,3.76,1.31,1.62,0.24,0.07,1.4,2.46,4.79,3.41,0.07,Tournament,2021
432,L. Oroma,Southern Ristan,DF,30,1990,2.06,2.02,0.93,1.05,1.06,0.05,1.01,0.91,99.95,0.04,5.56,1.98,36.43,3.45,1.96,-0.04,1.05,-0.01,0.1,1.07,3.01,5.02,3.96,-0.08,Tournament,2021
433,O. Salonen,Southern Ristan,DF,31,1989,1.01,1.93,1.91,-0.05,2.03,0.03,0.08,0.96,-0.08,1.02,15.91,6.95,43.82,0.02,5.94,9.96,-0.1,-0.02,-0.1,-0.01,-0.03,2.01,3.93,0.06,Tournament,2021
434,R. Auer,Southern Ristan,DF,35,1985,3.11,3.15,2.15,2.21,0.87,-0.07,1.31,1.25,99.95,0.08,8.67,4.46,50.08,5.93,1.85,0.97,2.1,1.82,-0.02,0.26,1.61,4.67,3.69,-0.01,Tournament,2021
435,W. Karlsson,Southern Ristan,DF,31,1989,3.95,0.84,0.02,0.15,0.41,-0.05,0.51,0.65,66.72,0.28,3.74,1.27,33.31,0.98,2.57,0.21,2.26,1.67,0.04,0.49,0.25,0.97,3.01,0.09,Tournament,2021
436,X. Nakibuuka,Southern Ristan,DF,33,1987,3.79,1.42,1.23,0.44,0.56,0.23,0.17,0.74,33.28,0.58,5.49,1.32,23.75,4.18,1.28,-0.05,1.63,0.45,0.07,1.14,0.45,1.87,4.95,0.04,Tournament,2021
437,X. Boateng,Southern Ristan,DFMF,26,1994,0.24,-0.1,0.09,-0.03,0.03,-0.09,0.08,3.32,-0.02,3.39,19.99,-0.08,0.05,0.05,9.91,9.96,-0.03,-0.04,0.04,-0.04,0.07,0.1,-0.04,0.01,Tournament,2021
438,B. Phillips,Southern Ristan,FW,27,1993,4.94,-0.02,0.1,0.07,0.06,0.06,0.07,-0.01,,-0.09,3.62,0.65,16.69,-0.04,1.53,1.95,0.14,0.21,-0.1,0.03,0.03,0.07,0.33,0.08,Tournament,2021
439,F. Diaz,Southern Ristan,FW,30,1990,0.05,-0.03,0.08,0.06,-0.03,0.1,0.03,0.09,,0.02,19.91,19.94,100.01,-0.01,9.91,10.06,-0.09,-0.08,0.03,-0.04,0.08,-0.09,0.03,-0.05,Tournament,2021
440,Y. Ruggiero,Southern Ristan,GK,28,1992,5.07,0.09,0.01,-0.09,-0.05,0.09,0.06,-0.07,,-0.1,-0.1,-0.07,,-0.09,0.1,0.0,0.02,-0.03,0.1,0.1,-0.06,0.07,0.12,-0.06,Tournament,2021
441,A. Lefevre,Southern Ristan,MF,29,1991,2.95,0.74,0.38,0.25,-0.07,0.39,0.69,1.25,50.06,0.64,17.05,2.57,15.75,3.03,7.41,6.75,1.74,-0.09,-0.04,1.73,0.01,0.63,0.05,0.07,Tournament,2021
442,B. Amin,Southern Ristan,MF,18,2002,1.78,1.59,1.2,1.14,0.56,0.05,0.55,1.16,50.05,0.6,13.33,3.9,29.27,2.8,3.97,6.58,0.54,-0.02,0.06,0.51,0.05,1.7,-0.07,-0.03,Tournament,2021
443,C. Mitrovi?,Southern Ristan,MF,25,1995,1.67,1.26,0.61,0.01,1.15,0.07,0.5,1.27,49.96,0.58,20.04,4.15,20.56,10.08,9.48,0.67,1.72,0.63,0.05,1.18,1.77,2.97,1.74,-0.1,Tournament,2021
444,H. Leong,Southern Ristan,MF,23,1997,3.86,1.82,1.92,1.13,0.54,0.17,0.51,2.03,25.01,1.62,13.44,4.39,33.21,5.23,7.02,1.14,1.23,0.35,-0.07,1.11,0.49,2.42,0.79,0.05,Tournament,2021
445,I. Reilly,Southern Ristan,MF,32,1989,3.33,2.12,1.75,1.47,0.22,0.3,0.58,2.06,28.58,1.54,13.29,4.05,31.05,7.0,4.94,1.09,0.33,0.29,0.04,-0.05,0.01,2.14,0.91,-0.06,Tournament,2021
446,K. Clark,Southern Ristan,MF,33,1987,2.0,1.96,1.91,0.47,0.91,0.54,0.05,2.56,-0.04,2.54,23.5,4.48,19.14,4.97,12.09,6.46,1.04,0.51,-0.1,0.58,1.54,3.46,0.51,-0.05,Tournament,2021
447,N. Utami,Southern Ristan,MF,30,1991,2.49,1.19,0.47,0.44,0.71,0.08,0.44,0.8,49.92,0.41,8.06,0.88,10.0,1.6,1.96,4.43,2.07,0.1,0.08,2.07,1.3,2.45,0.03,-0.06,Tournament,2021
448,O. Nalubega,Southern Ristan,MF,27,1993,1.44,0.75,-0.01,0.02,0.76,-0.01,0.08,0.04,,-0.04,14.79,2.62,18.28,2.61,1.93,9.99,1.98,0.01,0.09,2.0,0.72,1.42,0.08,-0.08,Tournament,2021
449,V. Chun,Southern Ristan,MF,28,1992,-0.03,0.09,-0.07,-0.1,0.07,0.03,0.05,-0.05,,0.0,1.02,0.09,-0.05,0.96,0.02,0.03,0.0,0.05,-0.02,-0.04,-0.08,-0.06,-0.06,-0.07,Tournament,2021
450,X. Nakanwagi,Southern Ristan,MF,27,1993,0.12,0.08,-0.07,-0.08,-0.01,-0.05,0.06,0.09,,0.01,14.92,-0.1,0.0,-0.07,10.08,5.06,-0.07,0.09,-0.07,-0.08,-0.01,0.08,-0.06,-0.07,Tournament,2021
451,A. Ansah,Varijitri Isles,DF,22,1998,2.59,1.91,0.7,1.18,0.82,0.09,0.07,0.74,-0.09,0.86,16.87,4.41,26.27,11.22,5.68,0.02,2.36,1.19,0.08,1.15,4.83,6.72,6.89,0.06,Tournament,2021
452,C. Malkah,Varijitri Isles,DF,21,1999,1.12,4.94,2.45,0.84,3.39,0.89,0.9,1.69,49.92,0.85,10.74,3.25,30.73,3.33,4.08,3.34,0.83,0.09,0.04,0.83,4.09,9.23,1.73,0.01,Tournament,2021
453,E. Amony,Varijitri Isles,DF,25,1995,1.77,0.56,0.04,0.6,0.08,0.07,0.47,1.57,33.34,1.04,15.64,3.81,24.91,10.09,4.93,0.51,2.72,-0.06,0.07,2.84,0.48,1.07,2.16,0.09,Tournament,2021
454,L. James,Varijitri Isles,DF,23,1997,3.04,1.67,0.62,0.98,0.4,0.29,1.1,3.62,27.32,2.73,22.31,4.41,19.49,11.99,7.67,2.59,3.36,0.34,-0.01,2.95,3.3,4.98,1.34,-0.1,Tournament,2021
455,M. Happy,Varijitri Isles,DF,24,1996,3.01,1.67,1.0,1.76,0.07,0.0,0.9,2.07,50.01,1.07,11.25,3.02,26.56,10.34,1.08,-0.07,1.95,1.58,0.1,0.35,0.93,2.71,4.65,-0.04,Tournament,2021
456,N. Rebane,Varijitri Isles,FW,35,1985,2.91,0.76,0.25,0.0,0.73,0.06,0.3,1.63,20.06,1.32,20.95,4.24,20.67,2.02,7.63,11.25,0.02,-0.06,0.0,-0.06,0.0,0.65,1.93,0.09,Tournament,2021
457,V. Nanyonjo,Varijitri Isles,GK,24,1996,3.08,-0.05,0.05,-0.07,0.06,0.06,0.03,0.02,,-0.06,0.34,-0.03,0.09,0.28,-0.02,-0.05,-0.04,0.07,0.09,0.07,-0.08,-0.01,-0.02,0.03,Tournament,2021
458,C. Kalua,Varijitri Isles,MF,26,1994,1.46,3.29,1.96,2.59,0.7,-0.1,1.3,2.71,49.94,1.27,16.76,5.37,31.96,8.06,8.06,0.59,2.75,2.09,0.05,0.59,2.73,5.99,6.1,-0.03,Tournament,2021
459,F. Krause,Varijitri Isles,MF,24,1996,0.05,9.92,10.03,-0.07,-0.01,10.03,-0.02,-0.02,,0.05,50.03,9.95,19.93,30.09,10.08,10.01,9.93,-0.04,-0.08,10.01,0.04,10.07,0.04,0.01,Tournament,2021
460,H. Adokorach,Varijitri Isles,MF,25,1995,1.9,1.05,1.14,0.51,0.58,-0.04,-0.03,-0.08,,-0.04,24.15,5.28,21.68,8.97,13.26,2.12,1.01,0.6,-0.1,0.51,3.08,4.25,-0.05,0.04,Tournament,2021
461,K. Atto,Varijitri Isles,MF,26,1994,1.84,1.09,1.21,0.54,0.61,-0.01,0.51,1.6,33.38,1.21,19.37,3.32,17.11,6.67,9.36,3.26,0.58,0.62,-0.05,-0.07,1.63,2.69,0.02,-0.05,Tournament,2021
462,K. De Boer,Varijitri Isles,MF,25,1995,1.35,1.49,1.54,1.47,0.06,0.05,0.0,3.02,-0.06,3.16,30.74,4.55,14.99,10.71,11.55,8.52,1.47,0.68,-0.1,0.86,2.26,3.93,-0.06,-0.01,Tournament,2021
463,K. Mawanda,Varijitri Isles,MF,26,1994,2.92,0.36,0.34,0.3,0.01,-0.09,0.09,1.44,0.09,1.38,20.74,5.18,24.91,4.39,11.45,4.92,0.26,0.43,-0.09,0.08,1.0,1.4,0.03,-0.05,Tournament,2021
464,L. Nyarko,Varijitri Isles,MF,20,2000,0.12,0.08,-0.01,0.05,0.03,-0.01,0.06,0.1,,-0.09,20.03,-0.04,-0.05,10.07,9.94,0.04,-0.04,0.04,0.02,-0.07,-0.01,-0.03,-0.04,0.02,Tournament,2021
465,Q. Higenyi,Varijitri Isles,MF,23,1997,2.28,1.31,0.44,1.2,0.01,0.08,0.43,1.67,25.0,1.31,22.5,3.55,15.45,4.88,11.7,6.01,1.81,-0.02,0.03,1.81,0.5,1.77,0.52,0.01,Tournament,2021
466,W. Murakami,Varijitri Isles,MF,21,1999,0.32,0.06,-0.05,-0.02,-0.02,-0.09,-0.1,-0.09,,0.0,26.66,-0.03,-0.02,0.1,23.28,3.27,0.0,0.07,0.04,0.0,3.38,3.28,0.04,0.03,Tournament,2021
467,N. Singh,Varijitri Isles,MFDF,26,1994,2.04,0.53,0.54,0.6,-0.06,0.03,0.44,0.95,49.9,0.47,13.47,5.08,37.01,6.58,4.92,2.02,0.59,0.43,-0.1,0.09,2.56,2.92,3.02,0.01,Tournament,2021
468,K. Koppel,Varijitri Isles,MFFW,24,1997,1.36,0.7,-0.1,0.81,0.09,0.0,0.08,0.82,0.03,0.79,25.39,5.41,21.24,11.4,9.95,3.89,-0.03,-0.07,0.04,0.0,0.09,0.76,-0.04,0.08,Tournament,2021
469,H. Komujuni,Xikong,DF,34,1986,3.41,1.21,0.64,0.59,0.52,-0.05,0.34,0.94,33.24,0.52,6.31,0.77,13.58,2.47,2.49,1.06,1.94,1.11,0.03,0.82,0.54,1.72,4.84,0.07,Tournament,2021
470,Q. Sarfo,Xikong,DF,26,1994,4.28,0.27,0.3,0.27,-0.01,-0.06,0.03,0.18,0.07,0.17,4.69,1.62,35.0,2.12,2.35,0.18,1.5,0.93,0.01,0.48,1.82,2.13,6.07,-0.06,Tournament,2021
471,T. Mbedzi,Xikong,DF,31,1989,4.14,0.17,-0.07,0.16,-0.07,0.0,-0.05,0.67,-0.07,0.77,7.57,1.99,25.83,4.19,3.48,0.07,1.01,0.56,-0.01,0.45,2.63,2.87,10.58,0.32,Tournament,2021
472,V. Lao,Xikong,DF,26,1994,0.87,-0.05,-0.06,0.03,-0.05,0.0,0.06,-0.01,,0.03,3.29,1.08,33.23,1.04,1.2,1.08,4.43,2.14,0.0,2.24,0.04,-0.02,5.6,1.19,Tournament,2021
473,X. Ahmad,Xikong,DF,26,1994,4.0,1.56,1.26,0.97,0.35,0.19,0.68,1.03,75.02,0.22,6.67,2.08,30.71,3.56,1.87,1.19,1.06,-0.04,-0.02,1.03,0.97,2.64,3.55,0.0,Tournament,2021
474,C. Meunier,Xikong,DFMF,32,1988,0.48,0.08,-0.09,0.05,-0.01,0.08,0.0,-0.07,,0.06,13.94,4.05,28.54,3.92,5.98,3.97,-0.07,0.02,0.05,-0.06,0.08,-0.09,3.94,-0.09,Tournament,2021
475,U. Mariani,Xikong,DFMF,27,1993,0.22,-0.01,-0.02,0.04,0.01,-0.1,-0.03,0.05,,-0.07,4.92,0.03,-0.03,5.04,0.0,0.0,0.08,0.01,0.02,-0.07,4.94,4.99,4.98,0.1,Tournament,2021
476,A. Ngabirano,Xikong,FW,27,1993,1.42,1.34,0.75,0.01,1.41,-0.1,0.05,1.4,-0.06,1.36,25.69,6.44,24.94,5.03,12.01,8.67,1.34,-0.02,0.07,1.34,0.0,1.37,0.67,-0.04,Tournament,2021
477,I. Amolo,Xikong,FW,34,1986,1.99,0.57,0.06,0.07,0.44,-0.07,-0.02,1.47,0.0,1.4,16.97,2.46,14.66,4.42,8.98,3.52,1.57,0.49,0.05,0.91,0.52,1.08,0.51,-0.08,Tournament,2021
478,O. Zen,Xikong,FW,21,1999,3.64,0.64,0.32,0.02,0.18,0.29,0.34,0.32,99.97,-0.08,11.82,2.12,18.57,1.45,2.99,7.59,0.84,0.24,-0.01,0.58,0.89,1.37,0.59,0.08,Tournament,2021
479,U. Taaka,Xikong,FW,20,2000,1.43,0.1,-0.06,0.0,-0.02,-0.07,-0.03,0.01,,0.08,18.75,6.64,35.71,0.75,5.28,12.65,1.93,-0.01,-0.06,2.06,-0.02,-0.02,0.01,0.05,Tournament,2021
480,M. Ngamita,Xikong,GK,31,1990,4.29,0.03,-0.05,0.09,0.05,-0.02,-0.04,0.09,,0.09,-0.06,-0.01,,0.01,0.06,0.08,-0.04,-0.07,0.08,0.06,0.02,0.01,0.03,0.08,Tournament,2021
481,O. Avako,Xikong,MF,31,1989,4.24,2.04,1.07,1.34,0.62,0.05,0.53,1.77,25.05,1.35,15.83,3.89,24.97,5.71,8.31,1.56,1.91,0.55,-0.06,1.34,1.07,3.3,1.59,0.02,Tournament,2021
482,O. Macamo,Xikong,MF,25,1995,3.7,1.0,0.3,0.48,0.32,0.26,0.45,1.0,49.92,0.48,17.04,3.85,22.14,5.69,7.84,3.42,1.54,0.18,0.09,1.34,3.01,4.12,1.39,-0.03,Tournament,2021
483,O. Yaakv,Xikong,MF,21,1999,0.07,0.05,-0.02,0.02,0.05,-0.07,0.03,0.07,,0.1,10.09,0.0,-0.04,9.98,-0.09,0.04,-0.07,0.1,0.06,-0.02,30.02,30.06,20.05,0.05,Tournament,2021
484,P. Uddin,Xikong,MF,29,1991,4.02,0.56,0.33,0.49,0.05,0.02,0.26,1.23,20.0,1.03,12.21,3.57,30.04,4.09,5.55,2.37,1.26,-0.01,0.02,1.27,1.26,1.8,1.03,0.05,Tournament,2021
485,S. Yamamoto,Xikong,MF,35,1985,4.01,1.94,0.98,0.88,0.4,0.44,0.75,2.04,37.47,1.24,16.07,3.6,22.71,4.39,8.49,3.2,2.5,0.2,0.01,2.2,1.7,3.6,2.03,-0.01,Tournament,2021
486,X. Arab,Xikong,MF,33,1987,0.01,0.08,-0.06,-0.08,0.02,0.0,0.01,0.08,,0.08,2.0,0.96,49.91,0.93,0.95,-0.02,0.05,0.03,0.03,0.08,1.01,1.02,0.91,0.03,Tournament,2021
487,B. Goldberg,Xikong,MFFW,29,1992,0.91,0.97,0.99,0.98,0.05,0.03,1.07,3.94,25.1,3.1,27.98,9.06,32.18,9.05,13.0,5.94,1.97,0.09,0.07,2.04,1.99,2.95,1.03,0.03,Tournament,2021
