,Player,Nation,Pos,Age,Born,Playing Time MP,Playing Time Starts,Playing Time Min,Playing Time 90s,Performance GA,Performance GA90,Performance SoTA,Performance Saves,Performance Save%,W,D,L,Performance CS,Performance CS%,Performance PKatt,Penalty Kicks PKA,Penalty Kicks PKsv,Penalty Kicks PKm,Penalty Kicks Save%,League,Year
0,E. Bin Abdul Rahman,Bernepamar,GK,27,1994,2.08,1.99,179.92,2.0,0.97,1.01,9.92,9.02,90.01,0.42,-0.03,0.6,0.51,49.92,-0.08,0.0,-0.07,-0.02,,Tournament,2020
1,F. Yokoyama,Bernepamar,GK,37,1984,2.97,2.9,270.08,3.04,2.68,2.69,5.73,3.3,58.79,0.29,-0.05,0.72,0.05,-0.05,0.37,0.42,0.06,-0.08,0.01,Tournament,2020
2,O. Ooi,Bernoullist,GK,24,1997,0.96,0.94,89.93,0.92,0.09,-0.09,1.91,1.93,99.99,0.03,0.93,-0.02,1.0,99.95,0.04,0.04,0.08,-0.04,,Tournament,2020
3,R. Ting,Bernoullist,GK,26,1995,2.9,3.01,269.93,3.07,1.08,1.07,1.75,0.71,40.09,0.01,0.36,0.64,0.25,33.21,-0.04,-0.09,0.05,0.01,,Tournament,2020
4,A. Bianco,Byasier Pujan,GK,33,1988,1.9,1.92,180.04,2.01,0.94,0.93,1.91,1.04,49.94,1.03,-0.07,0.04,0.06,0.05,-0.09,0.02,0.0,0.06,,Tournament,2020
5,O. Nabunya,Byasier Pujan,GK,32,1989,4.01,3.93,360.09,4.01,0.43,0.43,2.98,2.5,83.28,0.26,0.57,0.23,0.5,49.95,-0.05,-0.02,0.06,0.02,,Tournament,2020
6,A. Ková?,Cabballi,GK,22,1999,2.97,2.94,269.91,3.01,1.6,1.71,5.02,3.35,66.61,0.38,0.33,0.42,0.31,33.35,0.24,0.02,0.07,0.41,,Tournament,2020
7,M. Mwale,Cabballi,GK,22,1998,2.94,3.01,270.01,2.92,0.73,0.73,1.25,0.58,50.01,0.06,-0.07,0.93,-0.02,-0.01,0.05,0.06,0.09,0.1,,Tournament,2020
8,O. Noor,Cabral Retrea,GK,35,1986,5.07,5.03,450.09,5.01,1.86,1.82,4.45,2.56,59.01,0.26,0.41,0.49,0.04,0.09,0.01,0.07,-0.1,0.05,,Tournament,2020
9,M. Ouma,Cuandbo,GK,32,1989,2.0,1.9,134.97,1.48,4.74,4.6,10.74,6.08,56.37,-0.06,0.03,1.33,0.01,-0.03,-0.05,-0.01,-0.08,-0.03,,Tournament,2020
10,X. Adikini,Cuandbo,GK,26,1995,1.91,2.01,180.04,1.92,1.98,2.06,0.97,0.46,49.91,0.08,-0.07,0.92,-0.06,-0.01,1.42,1.43,0.08,0.08,-0.02,Tournament,2020
11,Z. Thomson,Cuandbo,GK,37,1984,2.9,1.92,225.06,2.48,2.48,2.42,5.2,3.1,61.56,-0.02,-0.02,0.78,0.04,0.05,0.36,0.42,0.04,-0.1,-0.08,Tournament,2020
12,R. Chhang,Dastatesne,GK,32,1989,6.07,6.05,540.07,5.95,1.21,1.14,3.83,2.75,73.82,0.3,0.35,0.38,0.09,16.7,0.11,0.17,-0.02,0.06,0.06,Tournament,2020
13,D. Ueno,Deshslands Landdenhai,GK,33,1988,0.93,0.95,89.93,1.05,0.95,1.09,4.99,4.04,79.94,0.02,-0.02,1.03,0.02,-0.1,-0.07,-0.03,0.02,-0.08,,Tournament,2020
14,H. Dias,Deshslands Landdenhai,GK,33,1988,2.02,2.04,179.95,1.94,-0.02,0.04,-0.05,0.05,,-0.01,0.43,0.56,-0.02,0.04,-0.09,-0.08,0.05,-0.03,,Tournament,2020
15,H. Hendriks,Deshslands Landdenhai,GK,28,1993,2.94,3.06,270.02,3.09,1.24,1.29,2.7,0.92,50.03,-0.06,0.3,0.58,0.39,33.32,0.02,0.09,-0.09,-0.03,,Tournament,2020
16,H. Brun,Djipines,GK,28,1993,1.94,2.06,179.98,2.07,0.42,0.53,3.06,2.5,83.23,1.07,0.08,0.09,0.46,50.09,-0.06,-0.05,0.07,-0.04,,Tournament,2020
17,N. Namugga,Djipines,GK,29,1992,0.94,-0.09,12.06,0.03,-0.03,0.1,0.01,0.07,,0.02,0.02,0.07,9.93,,-0.08,0.08,0.02,-0.01,,Tournament,2020
18,Y. Owino,Djipines,GK,34,1987,4.09,4.09,348.02,3.94,-0.05,0.0,0.17,0.33,100.06,0.87,0.32,-0.02,1.03,100.06,0.09,0.1,-0.04,0.0,,Tournament,2020
19,Y. Gumede,Eastern Niasland,GK,26,1995,6.01,5.07,470.03,5.19,1.56,1.55,4.59,3.67,79.28,0.37,0.34,0.21,-0.05,0.05,0.51,0.59,-0.02,-0.04,0.07,Tournament,2020
20,Y. Nabuduwa,Eastern Niasland,GK,27,1993,0.96,0.97,66.01,0.67,0.07,-0.05,1.42,1.36,99.92,0.08,1.41,0.01,0.0,0.01,-0.09,0.02,0.09,-0.08,,Tournament,2020
21,G. Kukk,Eastern Sleboube,GK,34,1987,0.94,-0.09,45.0,0.45,1.9,1.91,5.93,3.91,66.74,0.02,-0.04,-0.09,-0.08,,0.02,0.1,-0.04,0.07,,Tournament,2020
22,K. Nakibuule,Eastern Sleboube,GK,34,1987,4.07,3.9,359.92,4.07,0.92,1.01,4.25,3.16,76.47,0.57,0.4,-0.06,0.16,25.01,0.07,0.1,0.02,0.06,,Tournament,2020
23,K. Obong,Eastern Sleboube,GK,35,1985,2.08,1.92,134.93,1.55,4.76,4.77,7.99,4.01,49.92,0.02,0.1,1.4,-0.03,-0.04,0.61,0.59,-0.03,0.09,-0.04,Tournament,2020
24,B. Harahap,Esia,GK,35,1986,4.05,4.05,359.92,4.1,2.84,2.67,5.21,2.82,52.42,0.41,0.19,0.19,0.03,-0.06,0.19,0.21,-0.07,-0.09,-0.05,Tournament,2020
25,T. Obong,Esia,GK,31,1990,0.92,0.98,90.06,0.95,0.97,1.05,5.06,3.92,79.98,-0.02,0.96,-0.05,0.01,-0.1,0.07,-0.07,0.03,0.06,,Tournament,2020
26,V. Kumwenda,Esia,GK,29,1992,1.04,1.01,89.97,0.9,0.93,0.97,5.98,5.0,83.23,-0.02,1.01,0.04,0.09,0.05,-0.07,-0.07,0.02,0.04,,Tournament,2020
27,N. Namirembe,Galamily,GK,29,1992,1.09,0.04,45.06,0.45,-0.05,0.08,4.07,4.04,100.09,-0.09,-0.09,0.02,2.0,,-0.09,0.08,-0.01,0.07,,Tournament,2020
28,U. Nishimura,Galamily,GK,32,1989,4.92,5.04,404.94,4.42,0.67,0.58,2.29,1.61,70.09,0.86,0.1,0.29,0.41,40.0,-0.08,-0.09,-0.06,0.02,,Tournament,2020
29,Z. Suryana,Galamily,GK,29,1992,1.05,0.93,90.06,0.93,2.1,2.03,2.04,1.04,49.93,0.02,-0.01,0.96,0.06,-0.03,1.02,1.04,-0.08,0.04,0.01,Tournament,2020
30,S. Achen,Giumle Lizeibon,GK,33,1987,3.98,3.93,360.02,4.08,0.4,0.53,2.16,1.67,77.81,0.75,0.32,0.05,0.49,50.09,0.01,-0.07,-0.06,-0.01,,Tournament,2020
31,Z. Chukwu,Giumle Lizeibon,GK,25,1996,1.92,2.06,180.03,2.06,2.04,2.01,2.41,0.51,20.01,0.45,-0.05,0.48,0.02,-0.07,0.01,-0.07,-0.03,-0.05,,Tournament,2020
32,E. Miyazaki,Greri Landmoslands,GK,33,1988,3.96,3.91,360.05,4.05,0.83,0.72,3.95,3.2,81.3,0.55,0.27,0.24,0.52,49.97,-0.07,-0.09,-0.04,0.01,,Tournament,2020
33,F. Carbone,Greri Landmoslands,GK,31,1990,2.06,2.01,180.1,1.95,0.54,0.57,1.55,1.05,66.6,1.08,0.0,0.09,0.43,49.98,-0.09,-0.02,-0.09,0.07,,Tournament,2020
34,D. Adokorach,Highhlaands,GK,33,1988,0.94,1.01,90.07,1.05,1.0,0.98,5.04,4.07,80.0,-0.06,0.04,1.0,0.05,0.1,0.04,-0.01,-0.09,0.05,,Tournament,2020
35,W. Akena,Highhlaands,GK,37,1984,1.94,1.93,179.98,1.91,1.5,1.5,3.92,2.53,62.54,0.05,-0.03,0.95,-0.06,-0.04,0.03,-0.08,-0.07,0.09,,Tournament,2020
36,Y. Tsua,Highhlaands,GK,25,1996,2.97,3.04,270.09,2.95,2.23,2.3,6.58,4.31,65.04,0.04,0.59,0.32,-0.07,-0.08,0.09,-0.06,0.03,0.02,,Tournament,2020
37,G. Kavalio?,Humberstonia,GK,33,1988,3.0,3.02,269.99,3.02,1.77,1.65,3.01,1.59,55.66,0.43,0.43,0.3,0.28,33.33,0.37,0.41,0.08,-0.01,-0.07,Tournament,2020
38,N. Golubovi?,Humberstonia,GK,32,1989,3.06,2.99,269.91,3.01,1.09,0.97,3.38,2.42,69.93,0.68,-0.08,0.3,0.35,33.4,0.02,-0.04,0.09,-0.02,,Tournament,2020
39,F. Musiimenta,Ili Siaco,GK,35,1986,1.03,1.09,90.01,1.09,2.01,1.93,6.06,4.02,66.68,0.96,0.1,0.1,-0.05,0.05,0.02,-0.04,0.01,-0.06,,Tournament,2020
40,H. Odyek,Ili Siaco,GK,29,1992,5.09,4.93,449.99,5.08,0.58,0.5,1.79,1.26,66.8,0.31,0.51,0.01,0.39,39.98,0.04,0.05,0.06,0.0,,Tournament,2020
41,N. Perkovi?,Ingre,GK,27,1994,3.96,3.9,360.01,3.96,0.07,0.01,0.79,0.78,99.99,0.44,0.46,0.05,0.95,100.0,-0.09,-0.06,0.01,0.02,,Tournament,2020
42,U. Lieu,Ingre,GK,27,1994,2.04,1.95,179.98,1.95,0.5,0.59,2.97,2.59,83.39,0.56,0.41,0.03,0.54,50.01,-0.07,-0.05,-0.01,0.0,,Tournament,2020
43,Q. Agyemang,Isle of Jabber,GK,28,1992,6.04,6.06,539.99,5.97,1.43,1.56,5.09,3.75,74.27,0.25,0.19,0.66,0.36,33.3,0.23,0.07,-0.1,-0.05,0.0,Tournament,2020
44,F. Kasibante,Isle of Lababwe,GK,35,1986,5.96,5.96,540.07,5.98,1.01,1.03,3.07,2.41,83.22,0.42,0.35,0.18,0.42,33.22,0.47,0.51,0.08,0.03,0.07,Tournament,2020
45,L. De Jong,Iyan,GK,36,1985,4.02,3.95,359.96,4.02,0.82,0.79,2.29,1.5,66.78,0.0,0.69,0.17,0.25,24.98,0.04,0.1,0.04,0.09,,Tournament,2020
46,S. Jung,Iyan,GK,26,1995,1.91,2.09,179.93,1.9,0.56,0.59,3.41,2.94,85.77,0.4,0.44,0.08,0.59,50.02,0.01,-0.1,0.04,-0.02,,Tournament,2020
47,P. Wamala,Kani,GK,34,1986,4.09,3.98,360.04,4.03,2.28,2.2,6.16,4.73,76.05,-0.03,-0.08,1.06,0.09,0.06,0.79,0.71,0.04,-0.07,-0.05,Tournament,2020
48,S. Szyma?ski,Kani,GK,27,1993,2.07,2.09,179.98,1.99,1.06,0.91,4.49,3.56,77.75,0.02,0.56,0.45,0.05,-0.03,0.08,0.06,-0.04,0.08,,Tournament,2020
49,Y. Hamid,Kesternsri,GK,19,2002,5.98,5.98,540.08,6.05,1.48,1.48,4.25,2.6,64.03,0.09,0.4,0.54,0.26,16.62,-0.07,0.01,0.02,-0.04,,Tournament,2020
50,P. Morita,Klausterton,GK,35,1985,5.98,6.05,540.01,5.99,1.86,1.76,4.09,2.67,62.46,-0.07,0.29,0.68,0.27,33.24,0.68,0.29,0.29,0.04,50.06,Tournament,2020
51,E. binti Ismail,Ledian,GK,24,1996,2.9,3.01,270.02,3.07,0.99,0.95,5.62,4.66,82.33,0.39,0.4,0.23,0.35,33.34,0.07,-0.1,0.06,0.08,,Tournament,2020
52,F. Malunga,Ledian,GK,36,1985,1.04,1.01,89.98,1.09,0.93,1.05,1.02,-0.06,0.05,0.07,0.09,1.09,-0.03,-0.06,-0.02,-0.01,0.0,0.06,,Tournament,2020
53,M. Kuo,Ledian,GK,24,1997,2.06,2.07,179.92,2.03,2.94,2.96,5.42,3.05,54.41,-0.01,0.01,0.95,-0.07,0.01,0.51,0.45,-0.07,-0.07,0.1,Tournament,2020
54,M. Krli?evi?,Leoneku Guidisia,GK,31,1989,5.94,6.09,540.08,6.01,0.84,0.91,4.44,3.62,85.1,0.65,0.01,0.28,0.41,49.95,0.3,0.19,0.08,0.24,0.02,Tournament,2020
55,C. Kaudha,Liacra,GK,31,1990,4.91,5.05,449.99,5.01,0.93,1.08,3.13,2.33,81.21,0.6,0.01,0.44,0.2,20.07,0.42,0.35,-0.05,-0.02,-0.08,Tournament,2020
56,D. Gyamfi,Liacra,GK,31,1990,0.96,1.07,90.07,1.07,-0.05,-0.07,1.05,1.06,100.0,-0.06,0.99,-0.07,0.96,99.91,0.02,0.03,-0.05,-0.05,,Tournament,2020
57,K. Inoue,Loco Phirema,GK,23,1998,4.01,4.1,359.95,3.99,1.01,1.03,3.09,2.24,74.91,0.03,0.51,0.45,0.3,25.01,0.48,0.33,0.01,0.25,0.0,Tournament,2020
58,M. Nyamahunge,Loco Phirema,GK,33,1988,1.92,2.08,179.97,1.92,1.07,1.09,2.5,1.52,60.01,0.54,-0.04,0.54,0.46,49.91,0.02,0.06,-0.03,0.07,,Tournament,2020
59,N. Anguko,Mandlestan,GK,33,1988,6.02,6.02,540.03,5.95,1.06,1.05,3.77,2.61,73.82,0.25,0.51,0.2,0.29,33.3,0.06,-0.06,0.05,0.01,,Tournament,2020
60,E. Jew,Manlisgamncent,GK,26,1995,5.95,5.96,540.02,5.96,2.75,2.61,6.18,3.74,59.4,0.11,0.01,0.87,0.02,-0.06,0.22,0.09,0.02,-0.08,-0.05,Tournament,2020
61,S. Zandamela,Mico,GK,35,1986,5.94,6.02,495.0,5.5,1.11,1.17,3.47,2.26,68.45,0.48,0.27,0.29,0.6,49.92,0.08,-0.08,-0.07,-0.08,,Tournament,2020
62,U. Ndagire,Mico,GK,29,1992,0.97,0.01,45.03,0.59,1.95,1.95,6.02,3.98,66.63,0.09,0.09,-0.02,0.01,,-0.06,-0.07,-0.02,0.03,,Tournament,2020
63,A. Lynch,Moaithe,GK,32,1989,3.97,4.08,360.1,3.93,0.69,0.78,3.01,2.26,74.99,0.47,0.54,-0.01,0.47,50.1,-0.04,0.1,0.06,0.07,,Tournament,2020
64,W. Lotfi,Moaithe,GK,26,1995,1.92,1.99,180.0,1.96,0.56,0.57,3.06,2.58,83.34,0.43,-0.07,0.57,0.42,49.99,0.06,-0.05,-0.03,-0.06,,Tournament,2020
65,P. Vos,Naguayli,GK,32,1989,0.9,1.0,89.97,0.97,2.02,2.0,5.03,3.02,60.03,0.05,-0.06,1.0,-0.04,0.06,-0.1,0.08,-0.07,-0.06,,Tournament,2020
66,Q. Hayashi,Naguayli,GK,27,1994,5.03,4.97,450.04,5.04,0.96,0.93,2.38,1.65,66.65,0.32,0.37,0.12,0.47,39.9,0.15,0.27,0.09,-0.04,-0.1,Tournament,2020
67,E. Tushemereirwe,New Uwi,GK,31,1990,3.02,2.95,270.08,3.02,0.93,0.98,3.38,2.43,70.02,0.76,0.06,0.36,0.77,66.6,0.01,-0.01,-0.03,0.07,,Tournament,2020
68,Y. Ramírez,New Uwi,GK,30,1990,3.06,2.92,270.08,2.94,0.39,0.42,3.38,2.99,90.0,0.26,0.69,0.02,0.58,66.65,0.08,0.03,0.01,-0.06,,Tournament,2020
69,C. Musana,Nganion,GK,24,1997,4.1,3.99,359.97,3.92,0.19,0.24,0.77,0.41,66.78,0.46,0.33,0.18,0.24,25.09,0.01,0.08,0.0,-0.04,,Tournament,2020
70,G. Mwebaze,Nganion,GK,31,1990,3.91,3.93,359.99,3.97,0.42,0.59,2.9,2.43,83.21,0.44,0.22,0.18,0.47,49.93,-0.1,0.04,0.03,-0.04,,Tournament,2020
71,U. Nambalirwa,Ngoque Blicri,GK,38,1982,0.96,0.91,90.03,0.98,1.0,0.96,4.95,3.99,80.02,-0.09,-0.03,0.91,-0.08,-0.05,0.09,-0.1,-0.06,0.0,,Tournament,2020
72,Z. Abidin,Ngoque Blicri,GK,36,1985,4.93,4.94,449.98,5.06,0.61,0.59,3.41,2.46,82.45,0.66,0.18,0.13,0.44,39.99,-0.04,-0.09,-0.1,0.03,,Tournament,2020
73,J. Vásquez,Nkasland Cronestan,GK,31,1990,2.98,2.91,269.98,3.07,1.07,1.08,3.01,2.27,77.82,0.34,-0.07,0.75,0.33,33.32,0.4,0.29,0.05,0.07,0.01,Tournament,2020
74,S. Kiconco,Nkasland Cronestan,GK,36,1985,2.97,3.06,270.06,2.93,1.07,0.97,2.77,2.26,87.49,0.25,0.24,0.27,0.28,33.35,0.72,0.69,0.04,-0.03,0.06,Tournament,2020
75,B. Kaunda,Pahon,GK,34,1987,5.92,5.98,539.98,6.06,0.29,0.35,3.52,2.98,90.48,0.72,0.21,0.24,0.76,83.36,0.04,-0.01,0.06,-0.01,,Tournament,2020
76,X. Neri,People's Land of Maneau,GK,27,1994,6.05,5.93,539.9,6.09,0.7,0.57,1.51,1.2,77.79,0.53,0.1,0.31,0.42,49.92,0.5,0.35,0.06,0.22,-0.04,Tournament,2020
77,A. Chui,Prometricia,GK,32,1989,3.02,2.93,269.94,2.97,0.25,0.3,3.41,2.9,90.09,0.38,0.41,0.4,0.76,66.61,-0.1,0.08,0.09,0.04,,Tournament,2020
78,Q. Issah,Prometricia,GK,28,1993,0.96,1.09,90.06,1.05,0.94,1.07,1.02,-0.05,0.03,0.02,0.91,0.03,-0.07,-0.01,-0.07,-0.06,0.05,0.06,,Tournament,2020
79,R. Yiga,Quewenia,GK,32,1988,5.06,4.94,450.09,5.0,1.59,1.56,4.04,2.81,59.98,-0.02,0.7,0.33,0.06,0.04,0.47,-0.05,0.5,0.05,99.91,Tournament,2020
80,H. Duval,Redohrainbri,GK,31,1989,1.06,0.95,89.99,0.95,0.04,0.04,4.01,4.07,99.96,0.92,0.05,-0.08,1.07,100.0,0.09,0.04,0.05,0.01,,Tournament,2020
81,P. Namulinda,Redohrainbri,GK,25,1996,0.98,1.04,90.07,1.04,0.98,0.92,5.9,4.93,83.4,-0.05,0.93,0.06,0.06,0.04,0.01,0.07,-0.03,0.05,,Tournament,2020
82,P. Wan,Redohrainbri,GK,37,1984,2.98,2.96,270.06,3.05,1.09,1.0,3.57,3.06,81.72,0.65,0.0,0.32,0.4,33.36,0.4,0.25,-0.05,0.09,0.04,Tournament,2020
83,K. Adero,Rosvi,GK,26,1995,3.09,3.01,270.09,3.07,0.31,0.25,4.67,4.35,92.82,0.25,0.24,0.31,0.69,66.74,-0.01,0.03,-0.06,0.06,,Tournament,2020
84,M. Murmu,Rosvi,GK,29,1992,2.93,2.91,269.95,3.02,1.94,2.04,4.67,3.0,64.34,0.04,0.61,0.34,-0.09,-0.03,0.29,0.25,-0.09,0.09,0.06,Tournament,2020
85,G. Handayani,Saintu,GK,31,1990,1.08,0.93,90.02,0.91,1.09,0.94,2.01,1.05,50.01,0.99,0.01,-0.08,0.02,0.01,0.08,0.09,-0.08,0.06,,Tournament,2020
86,S. Nuwagira,Saintu,GK,28,1993,5.09,5.08,450.04,5.04,-0.02,0.08,3.34,3.49,100.03,0.66,0.42,-0.05,1.04,100.08,0.02,-0.08,-0.08,0.06,,Tournament,2020
87,A. Khainza,Sobianitedrucy,GK,22,1999,7.94,7.93,719.93,8.05,0.19,0.21,1.57,1.43,84.55,0.54,0.28,0.03,0.5,50.07,-0.01,0.09,0.05,0.1,,Tournament,2020
88,B. Mansour,Southern Ristan,GK,33,1988,4.08,2.94,304.92,3.37,0.83,0.96,1.86,1.16,66.76,0.68,-0.01,0.25,0.37,33.38,0.34,0.22,-0.07,0.05,-0.01,Tournament,2020
89,L. Msowoya,Southern Ristan,GK,29,1992,0.96,0.98,54.98,0.66,1.7,1.69,3.27,1.64,50.0,1.68,0.04,-0.01,0.03,-0.03,-0.02,0.1,-0.07,-0.01,,Tournament,2020
90,Y. Ruggiero,Southern Ristan,GK,29,1992,4.08,3.99,360.04,4.0,0.43,0.57,1.55,1.04,99.9,0.46,0.08,0.51,0.34,24.98,0.43,0.43,0.02,0.07,-0.04,Tournament,2020
91,R. Chee,Southslands,GK,34,1987,5.9,5.97,539.96,6.02,0.63,0.66,3.23,2.72,79.98,-0.07,0.47,0.57,0.31,33.26,-0.1,0.04,0.09,-0.02,,Tournament,2020
92,E. Demirovi?,Tiagascar Westlands,GK,31,1990,1.95,1.98,180.03,1.99,2.03,2.03,2.93,1.59,49.91,-0.07,0.55,0.52,0.05,0.05,0.58,0.48,0.01,0.05,0.01,Tournament,2020
93,Y. Awori,Tiagascar Westlands,GK,35,1986,4.0,4.05,359.94,4.02,0.59,0.44,0.44,0.29,49.91,0.29,0.74,0.0,0.42,50.02,0.17,0.24,0.04,0.06,0.05,Tournament,2020
94,H. Santoso,Tiliqoiuy,GK,27,1994,3.05,3.05,269.91,3.04,1.34,1.3,4.65,3.6,78.57,0.31,-0.04,0.73,0.29,33.26,0.35,0.28,0.07,0.03,0.04,Tournament,2020
95,S. Ajayi,Tiliqoiuy,GK,27,1994,3.01,3.06,269.95,3.02,-0.03,-0.03,2.34,2.0,100.1,-0.09,1.04,0.01,0.93,100.02,0.33,-0.09,-0.04,0.43,,Tournament,2020
96,H. Peh,Unicorporated Tiagascar,GK,34,1987,0.92,0.9,89.98,0.95,1.95,1.91,4.92,2.9,59.94,-0.04,0.0,0.99,0.08,-0.09,-0.02,0.02,0.06,0.0,,Tournament,2020
97,L. Tsao,Unicorporated Tiagascar,GK,27,1994,0.97,1.06,89.97,0.94,1.94,2.09,4.04,2.0,49.98,-0.06,-0.08,0.95,0.02,0.08,0.08,0.0,-0.01,-0.04,,Tournament,2020
98,Z. Azmi,Unicorporated Tiagascar,GKMF,33,1988,4.09,4.04,360.1,3.95,1.72,1.66,6.42,4.67,73.16,-0.07,0.43,0.56,0.17,25.04,-0.1,-0.04,0.06,0.1,,Tournament,2020
99,I. Almutairi,Varijitri Isles,GK,32,1989,5.09,5.04,449.97,5.0,1.45,1.47,3.85,2.57,68.41,0.28,0.62,0.18,0.24,20.03,0.18,0.18,0.03,-0.06,0.03,Tournament,2020
100,V. Nanyonjo,Varijitri Isles,GK,25,1996,1.08,0.9,89.94,1.0,0.98,1.05,4.97,4.07,80.07,0.04,0.08,1.09,0.01,0.0,0.05,-0.03,0.06,-0.06,,Tournament,2020
101,D. Lomongin,West Iyan,GK,36,1985,0.98,0.97,89.97,1.03,-0.06,0.04,6.01,5.98,99.93,0.96,-0.05,0.05,1.08,99.94,-0.08,0.06,-0.03,0.01,,Tournament,2020
102,I. Xie,West Iyan,GK,25,1996,2.99,2.93,270.08,2.96,0.43,0.4,1.62,1.36,79.99,0.38,0.75,0.04,0.58,66.65,-0.08,-0.05,-0.01,0.06,,Tournament,2020
103,M. Ngamita,Xikong,GK,31,1990,6.05,6.1,540.07,5.94,2.17,2.23,5.5,3.28,60.58,0.26,-0.04,0.8,-0.01,0.09,0.1,0.05,0.04,0.25,,Tournament,2020
104,E. Bin Abdul Rahman,Bernepamar,GK,26,1994,4.94,5.04,479.96,5.21,1.92,1.97,4.45,2.51,58.23,0.45,-0.1,0.53,0.08,0.02,0.13,0.08,0.1,-0.03,100.0,Tournament,2021
105,J. Muratovi?,Byasier Pujan,GK,38,1982,4.07,3.97,359.95,4.09,1.02,0.93,3.04,1.98,66.79,0.7,-0.04,0.27,0.58,50.0,-0.04,0.09,0.05,-0.08,,Tournament,2021
106,H. Brun,Djipines,GK,27,1993,3.96,3.96,360.09,3.94,1.57,1.41,6.08,4.47,74.96,0.29,0.21,0.55,0.3,25.07,0.07,0.07,-0.06,0.01,,Tournament,2021
107,Y. Nabuduwa,Eastern Niasland,GK,27,1993,2.94,3.03,270.03,3.06,2.61,2.68,7.09,4.41,61.92,-0.07,-0.06,0.99,-0.05,-0.08,0.41,-0.1,0.36,0.03,100.07,Tournament,2021
108,K. Nakibuule,Eastern Sleboube,GK,34,1987,1.02,1.07,89.91,0.91,3.03,2.9,4.01,1.0,25.09,-0.02,0.03,1.03,-0.03,0.01,-0.1,-0.01,0.04,0.0,,Tournament,2021
109,W. Radu,Eastern Sleboube,GK,21,1999,2.09,1.96,180.05,2.01,2.08,2.07,5.01,2.91,59.93,0.55,-0.03,0.58,0.49,50.08,-0.08,0.01,-0.1,0.07,,Tournament,2021
110,B. Harahap,Esia,GK,34,1986,4.03,3.99,360.0,4.04,1.7,1.81,2.48,0.93,30.01,0.2,0.18,0.54,0.04,-0.04,-0.09,-0.04,0.06,0.05,,Tournament,2021
111,U. Nishimura,Galamily,GK,31,1989,4.94,4.93,449.99,5.03,0.71,0.77,3.21,2.28,75.01,0.48,0.25,0.5,0.3,40.04,-0.04,0.04,0.03,0.01,,Tournament,2021
112,X. Clement,Giumle Lizeibon,GK,26,1994,4.1,4.0,389.92,4.31,1.09,1.17,2.62,1.55,63.57,0.53,-0.07,0.55,0.27,24.93,0.31,0.16,0.01,-0.04,-0.02,Tournament,2021
113,E. Miyazaki,Greri Landmoslands,GK,32,1988,4.03,3.98,360.0,3.98,1.73,1.7,3.83,2.53,59.98,0.26,0.18,0.48,0.29,24.93,0.21,0.22,0.06,0.01,0.05,Tournament,2021
114,M. Janssens,Ledian,GK,32,1989,2.91,2.93,269.94,2.94,2.33,2.23,4.92,3.68,60.03,0.28,-0.05,0.63,-0.02,-0.04,0.68,0.39,0.29,0.05,50.08,Tournament,2021
115,M. Krli?evi?,Leoneku Guidisia,GK,31,1989,3.05,2.97,270.1,3.03,0.98,1.07,4.95,4.3,80.04,0.36,-0.1,0.64,0.27,33.33,0.28,-0.05,0.31,0.07,99.91,Tournament,2021
116,E. Jew,Manlisgamncent,GK,26,1995,4.06,4.1,390.08,4.34,1.93,1.78,3.43,1.89,53.25,0.22,0.26,0.54,0.01,0.1,0.23,0.27,-0.07,-0.07,0.1,Tournament,2021
117,S. Zandamela,Mico,GK,34,1986,6.06,5.92,569.99,6.21,1.13,1.16,3.34,2.59,71.48,0.56,-0.09,0.54,0.07,16.74,0.24,0.23,0.17,-0.02,49.94,Tournament,2021
118,E. Tushemereirwe,New Uwi,GK,30,1990,3.07,3.03,270.0,3.0,1.91,2.1,5.33,3.64,68.77,-0.08,0.74,0.27,-0.01,-0.1,0.24,0.36,0.02,-0.1,0.05,Tournament,2021
119,C. Musana,Nganion,GK,23,1997,5.95,5.96,629.94,7.01,0.78,0.94,1.96,1.36,57.16,0.33,0.52,-0.05,0.29,33.38,-0.05,-0.01,0.0,0.0,,Tournament,2021
120,Z. Abidin,Ngoque Blicri,GK,35,1985,3.07,3.09,270.0,3.07,1.65,1.6,5.04,3.37,66.71,0.04,0.35,0.71,0.41,33.31,-0.02,-0.07,-0.01,0.04,,Tournament,2021
121,J. Vásquez,Nkasland Cronestan,GK,30,1990,2.93,3.1,269.92,3.06,2.01,2.06,3.69,1.98,45.49,0.07,0.39,0.67,-0.04,-0.04,0.41,-0.05,-0.08,0.4,,Tournament,2021
122,X. Neri,People's Land of Maneau,GK,26,1994,6.98,6.92,690.05,7.62,0.29,0.33,2.26,1.75,88.16,0.58,0.32,-0.07,0.58,71.4,0.09,-0.02,0.06,-0.08,,Tournament,2021
123,R. Yiga,Quewenia,GK,32,1988,5.04,5.07,509.98,5.79,1.52,1.62,5.29,3.8,70.04,0.17,0.57,0.26,-0.06,0.0,-0.08,-0.08,0.0,-0.01,,Tournament,2021
124,A. Khainza,Sobianitedrucy,GK,21,1999,6.99,7.1,718.01,8.09,0.44,0.58,1.55,1.07,74.92,0.65,0.23,0.04,0.37,42.96,0.11,0.07,0.08,-0.07,0.04,Tournament,2021
125,V. Guillaume,Sobianitedrucy,GK,34,1987,1.03,-0.02,2.07,0.09,0.04,-0.04,-0.09,0.03,,0.03,-0.06,-0.08,0.92,,-0.01,-0.05,-0.09,0.03,,Tournament,2021
126,Y. Ruggiero,Southern Ristan,GK,28,1992,5.05,4.92,449.97,5.08,0.67,0.64,3.06,2.34,79.95,0.79,0.06,0.22,0.62,59.92,-0.1,0.07,0.04,-0.04,,Tournament,2021
127,V. Nanyonjo,Varijitri Isles,GK,24,1996,3.05,2.96,269.96,2.97,2.59,2.66,8.28,5.92,67.99,0.03,0.02,0.96,-0.09,-0.02,0.38,-0.1,0.0,0.35,,Tournament,2021
128,M. Ngamita,Xikong,GK,31,1990,4.04,3.94,390.02,4.32,0.98,0.98,3.49,2.58,73.28,0.45,0.15,0.32,0.44,50.09,-0.01,0.05,-0.04,0.0,,Tournament,2021
