,Player,Nation,Pos,Age,Born,90s,Total Cmp,Total Att,Total Cmp%,Total TotDist,Total PrgDist,Short Cmp,Short Att,Short Cmp%,Medium Cmp,Medium Att,Medium Cmp%,Long Cmp,Long Att,Long Cmp%,Ast,xA,A-xA,KP,1/3,PPA,CrsPA,Prog,League,Year
0,G. Adilovi?,Bernepamar,DF,18,2002,5.26,54.57,59.23,92.0,1127.58,306.18,15.64,16.24,96.53,31.79,33.29,95.4,7.09,9.39,76.01,-0.01,0.05,-0.05,0.1,3.0,0.04,-0.02,1.35,Tournament,2021
1,J. Mizrahi,Bernepamar,DF,21,1999,3.88,45.51,54.45,83.91,789.71,182.57,20.25,22.21,90.78,20.78,23.67,87.9,3.67,6.11,58.2,-0.1,-0.08,-0.08,0.35,0.72,0.51,0.25,2.33,Tournament,2021
2,L. Ayugi,Bernepamar,DF,28,1992,5.37,45.6,54.68,83.34,823.44,241.38,21.59,24.28,88.44,17.26,19.39,88.3,5.66,8.18,69.76,0.19,0.07,0.06,0.92,1.99,0.77,-0.07,3.16,Tournament,2021
3,X. Krawczyk,Bernepamar,DF,24,1996,5.34,66.04,71.43,92.24,1336.26,416.59,22.7,23.15,97.61,32.55,34.13,95.67,10.2,13.28,77.05,-0.03,-0.08,0.06,0.06,5.77,0.03,0.0,5.25,Tournament,2021
4,Y. Salihovi?,Bernepamar,DF,29,1991,1.76,57.5,60.05,96.17,1372.89,169.35,9.42,10.07,94.13,32.32,32.43,100.06,15.34,17.18,89.71,0.07,0.0,-0.08,-0.06,0.05,-0.04,-0.07,0.51,Tournament,2021
5,D. Lal,Bernepamar,FW,25,1995,4.84,20.23,23.94,84.27,278.09,33.08,14.32,15.75,90.8,3.73,4.72,78.31,1.55,1.62,87.5,0.22,-0.03,0.09,0.51,0.99,0.48,-0.06,1.52,Tournament,2021
6,E. Twinamatsiko,Bernepamar,FW,24,1996,0.01,40.01,40.01,100.04,700.09,410.02,10.04,10.09,100.08,29.98,30.06,100.1,-0.06,0.06,,0.0,-0.04,0.02,-0.06,0.01,0.1,0.06,0.07,Tournament,2021
7,J. Akello,Bernepamar,FW,31,1989,4.97,24.14,33.07,72.77,381.32,91.22,12.91,15.19,85.02,8.36,10.72,77.49,2.12,3.3,62.51,0.49,0.07,0.35,1.3,2.14,1.42,0.15,2.63,Tournament,2021
8,R. Velásquez,Bernepamar,FW,23,1997,1.53,36.25,47.46,76.33,524.93,91.21,20.61,25.08,82.54,10.65,13.08,81.02,2.48,3.76,66.7,0.02,-0.02,-0.05,1.24,1.22,1.2,0.04,3.77,Tournament,2021
9,V. Opiyo,Bernepamar,FW,23,1997,0.15,19.99,25.09,80.01,214.92,55.03,20.06,19.95,100.05,0.05,0.05,,0.09,4.97,0.1,0.0,0.5,-0.51,4.95,0.05,-0.08,0.06,-0.1,Tournament,2021
10,K. Salihovi?,Bernepamar,FWDF,24,1996,0.37,20.01,25.08,80.07,362.53,62.41,12.48,14.97,83.39,5.0,7.55,66.64,2.42,2.46,100.05,0.03,0.02,0.08,2.56,0.06,0.06,-0.01,2.42,Tournament,2021
11,J. Otto,Bernepamar,FWMF,32,1988,0.78,31.26,38.88,80.68,461.22,75.04,16.2,18.87,86.63,11.32,11.37,99.9,1.26,5.05,24.93,-0.03,0.01,0.0,-0.05,1.32,1.18,-0.02,1.21,Tournament,2021
12,E. Bin Abdul Rahman,Bernepamar,GK,26,1994,5.25,19.39,27.35,70.98,574.1,362.54,4.76,4.63,100.01,7.22,7.23,100.07,7.59,15.56,48.81,0.05,0.09,0.08,-0.02,0.12,0.09,0.06,0.03,Tournament,2021
13,B. Schneider,Bernepamar,MF,25,1995,-0.06,0.06,-0.06,,-0.04,0.01,-0.05,-0.07,,0.08,-0.07,,-0.02,-0.02,,-0.02,-0.01,0.05,-0.06,0.05,-0.08,-0.07,-0.01,Tournament,2021
14,M. Hussein,Bernepamar,MF,30,1990,0.08,1.02,1.01,99.94,17.94,-0.08,0.06,-0.07,,1.0,1.03,100.07,0.06,0.07,,-0.04,0.02,0.0,-0.01,0.01,0.03,-0.03,0.01,Tournament,2021
15,N. Kabagambe,Bernepamar,MF,31,1989,1.95,39.42,49.08,80.68,669.1,142.59,18.5,21.91,84.15,17.02,19.96,85.05,2.98,4.42,66.8,-0.06,0.09,0.09,0.5,2.44,0.05,0.1,2.06,Tournament,2021
16,T. Al-Zahrani,Bernepamar,MF,22,1998,3.65,56.08,62.1,90.18,974.39,196.11,25.06,27.3,91.85,25.67,26.68,95.85,4.5,6.57,66.72,-0.07,-0.05,-0.06,1.1,4.51,0.05,0.02,3.1,Tournament,2021
17,U. Lai,Bernepamar,MF,29,1991,0.7,76.68,81.66,93.96,1604.91,378.28,25.0,24.98,99.94,35.01,36.65,95.42,14.97,15.07,99.98,-0.03,0.03,-0.06,0.08,11.6,-0.09,0.07,5.1,Tournament,2021
18,Z. Janssen,Bernepamar,MF,29,1991,4.19,40.41,46.68,86.81,734.59,149.26,17.13,19.53,87.42,17.7,18.58,96.08,4.88,6.49,74.02,0.02,-0.09,0.04,0.14,3.87,-0.08,0.05,1.76,Tournament,2021
19,H. Sinaga,Bernepamar,MFDF,24,1996,5.28,45.67,55.07,82.91,738.56,145.18,25.27,27.57,91.73,14.71,18.86,77.92,3.94,5.66,70.08,0.17,0.06,0.02,0.67,2.71,1.22,0.4,3.19,Tournament,2021
20,K. Mayanja,Bernepamar,MFFW,27,1993,3.16,31.26,39.16,80.08,634.73,190.38,12.77,14.07,91.18,12.59,16.0,78.46,5.37,7.53,70.86,0.38,0.67,-0.42,2.71,2.85,2.13,-0.03,5.37,Tournament,2021
21,C. Carvalho,Byasier Pujan,DF,25,1995,0.66,53.36,58.35,91.36,1123.33,150.09,11.76,11.67,99.93,35.05,40.08,87.6,6.59,6.61,100.0,1.66,-0.03,1.77,1.58,1.64,1.58,1.73,-0.05,Tournament,2021
22,D. Iskandar,Byasier Pujan,DF,30,1990,3.25,42.43,53.81,78.74,717.35,214.79,21.88,24.51,88.86,16.12,20.89,76.77,3.74,5.7,63.18,-0.03,0.2,-0.06,0.82,2.05,0.62,0.09,2.95,Tournament,2021
23,F. Kyamanywa,Byasier Pujan,DF,19,2001,1.64,64.36,68.16,94.46,1174.34,275.63,24.46,26.33,92.85,34.98,34.91,100.08,4.96,6.35,80.08,-0.08,-0.08,0.0,-0.09,6.96,-0.05,0.05,7.46,Tournament,2021
24,I. Gumede,Byasier Pujan,DF,28,1992,3.55,47.03,50.97,92.69,1102.39,246.88,11.73,12.32,95.23,23.5,24.06,97.57,10.66,12.99,82.22,0.07,0.05,0.01,0.38,4.38,0.06,-0.08,2.64,Tournament,2021
25,O. Oh,Byasier Pujan,DF,30,1990,3.28,84.29,93.65,89.95,1593.85,847.54,32.15,32.68,98.17,42.77,45.78,93.47,8.4,13.3,63.59,0.03,0.2,-0.17,0.58,13.2,2.03,0.39,13.57,Tournament,2021
26,Q. Hor,Byasier Pujan,DF,29,1992,0.01,7.04,8.07,87.6,184.97,94.03,0.96,1.98,49.97,3.02,2.92,99.99,2.99,2.91,99.91,-0.09,0.09,0.0,0.07,1.01,0.91,0.06,1.9,Tournament,2021
27,V. Bila,Byasier Pujan,DF,24,1996,3.6,27.04,36.89,73.61,461.11,182.04,14.67,17.66,82.31,9.49,11.77,80.42,2.76,5.97,47.53,0.05,0.13,-0.13,1.06,1.16,0.55,0.2,3.46,Tournament,2021
28,Z. Nalunga,Byasier Pujan,DF,21,1999,0.62,33.21,43.22,76.94,639.92,205.03,11.71,11.72,99.99,20.0,24.94,80.07,1.65,5.01,33.26,-0.08,-0.03,-0.06,0.04,1.76,0.02,0.07,1.75,Tournament,2021
29,L. Mhango,Byasier Pujan,DFFW,29,1991,0.59,36.61,61.66,59.59,663.27,256.62,18.37,25.03,73.34,15.09,18.34,81.76,3.35,13.37,24.94,-0.07,0.08,-0.22,3.38,3.35,1.65,-0.02,8.24,Tournament,2021
30,W. Joao,Byasier Pujan,DFMF,21,1999,2.66,45.74,48.75,93.64,1033.53,233.1,10.89,11.23,96.52,26.47,28.11,94.51,8.53,9.64,88.09,-0.01,0.0,-0.04,0.09,1.23,-0.09,0.02,2.01,Tournament,2021
31,E. Lam,Byasier Pujan,FW,28,1992,2.17,17.18,25.18,67.92,212.89,30.96,11.09,14.36,76.7,3.85,7.56,49.93,0.92,0.99,99.95,0.01,0.52,-0.47,1.48,0.08,0.57,-0.01,0.57,Tournament,2021
32,S. Amulen,Byasier Pujan,FW,22,1999,1.8,27.11,32.37,83.52,370.64,72.36,17.2,19.36,87.85,8.26,10.06,82.35,0.67,1.28,50.09,1.15,1.09,0.13,2.94,0.68,1.14,-0.06,4.03,Tournament,2021
33,U. Yong,Byasier Pujan,FW,30,1990,0.12,90.03,140.06,64.37,989.96,180.0,60.09,70.03,85.62,19.99,39.98,50.09,-0.07,20.07,-0.08,0.04,-0.03,-0.05,0.01,9.95,-0.06,0.07,10.1,Tournament,2021
34,Y. Manjate,Byasier Pujan,FW,26,1994,3.53,34.15,48.88,69.98,544.95,174.37,21.8,26.19,82.96,8.56,11.47,75.6,2.87,8.86,31.36,0.61,0.25,0.32,1.74,3.31,2.58,0.21,5.28,Tournament,2021
35,Z. Namiiro,Byasier Pujan,FWDF,29,1992,0.71,44.33,58.68,75.59,658.64,97.19,22.98,30.06,76.25,15.75,21.43,73.26,2.91,2.95,100.03,-0.01,-0.07,0.08,0.03,-0.09,1.48,1.46,-0.07,Tournament,2021
36,J. Muratovi?,Byasier Pujan,GK,38,1982,4.04,23.5,35.28,66.79,803.09,543.09,2.8,2.7,100.06,10.22,10.39,100.04,10.44,21.94,47.78,-0.01,-0.02,0.0,0.1,0.51,0.02,0.0,0.08,Tournament,2021
37,A. Nsereko,Byasier Pujan,MF,21,1999,0.2,40.03,59.98,66.78,439.94,79.95,39.93,50.07,80.02,0.08,0.06,,-0.01,9.99,-0.02,0.05,-0.02,0.03,-0.04,0.04,9.96,0.05,9.97,Tournament,2021
38,H. Gaillard,Byasier Pujan,MF,23,1997,3.96,60.86,68.9,88.14,1055.84,263.33,27.14,31.42,86.25,27.71,28.51,97.31,4.79,6.44,76.05,-0.07,0.03,-0.14,1.01,6.47,1.09,0.03,4.62,Tournament,2021
39,V. Waswa,Byasier Pujan,MF,30,1990,4.04,26.95,31.33,86.3,448.46,102.23,13.34,15.08,88.39,9.71,11.02,88.6,2.8,3.52,78.6,-0.02,0.07,-0.11,0.53,2.44,0.45,-0.02,3.72,Tournament,2021
40,W. Nabuuma,Byasier Pujan,MF,29,1991,2.5,48.71,58.89,82.93,903.82,178.56,20.34,23.52,86.81,22.36,25.34,87.92,5.33,8.48,63.53,0.08,0.12,0.04,0.73,5.37,0.03,0.09,1.49,Tournament,2021
41,X. Abramov,Byasier Pujan,MF,18,2002,1.29,70.81,79.26,89.55,1105.84,326.69,34.18,34.9,97.61,31.75,34.98,90.51,2.44,4.17,59.95,-0.02,-0.03,0.03,0.79,6.66,2.51,0.03,9.93,Tournament,2021
42,C. Magombo,Djipines,DF,23,1997,4.09,25.51,29.27,87.26,578.92,146.75,5.53,5.91,91.72,15.43,16.83,92.43,4.27,6.01,70.89,0.03,0.02,-0.2,0.18,0.75,0.01,-0.01,0.52,Tournament,2021
43,F. Nassolo,Djipines,DF,19,2001,1.47,40.61,49.31,82.48,792.01,260.68,23.25,23.33,100.08,10.64,13.95,76.12,6.76,10.67,62.49,-0.01,0.13,-0.11,0.74,5.96,0.75,0.07,3.92,Tournament,2021
44,H. Namara,Djipines,DF,25,1995,3.33,28.54,35.23,80.74,566.21,259.76,13.29,13.55,97.71,11.51,14.16,81.23,3.54,6.45,54.45,-0.02,-0.01,-0.06,0.36,2.31,0.21,0.03,3.0,Tournament,2021
45,M. Tang,Djipines,DF,27,1993,3.01,27.72,38.67,71.69,529.7,183.81,10.61,11.89,89.2,13.99,19.07,72.94,3.25,6.79,47.67,0.03,-0.07,0.03,0.05,1.05,0.61,0.38,2.2,Tournament,2021
46,N. Dekker,Djipines,DF,23,1997,3.05,25.79,29.04,88.43,624.4,215.21,4.35,4.9,86.76,14.79,14.78,100.05,6.77,9.24,71.34,0.01,-0.03,0.04,0.03,2.3,-0.07,-0.05,1.62,Tournament,2021
47,T. Alowo,Djipines,DF,31,1989,0.99,25.07,30.06,83.37,494.06,123.08,8.07,8.09,99.91,14.05,15.06,93.34,3.09,6.91,42.82,0.07,0.07,-0.07,0.06,0.04,0.07,0.07,-0.02,Tournament,2021
48,I. binti Omar,Djipines,DFMF,20,2000,0.87,33.85,38.73,87.19,694.91,197.52,8.67,8.65,99.93,17.47,19.91,87.43,6.2,8.73,71.44,0.1,0.04,-0.06,1.29,3.68,1.34,-0.05,4.91,Tournament,2021
49,L. Ningsih,Djipines,FW,22,1999,0.18,49.97,50.08,100.02,670.01,140.01,29.96,30.03,99.92,9.93,9.94,100.0,0.02,-0.07,,-0.03,-0.07,0.02,0.05,-0.09,-0.07,0.01,0.08,Tournament,2021
50,C. Mawejje,Djipines,FWMF,23,1997,0.32,12.59,20.03,62.57,280.02,52.48,2.54,4.98,50.04,7.56,7.45,100.02,2.52,5.1,49.99,-0.07,0.0,-0.02,0.09,0.09,-0.09,0.03,-0.08,Tournament,2021
51,F. Alupo,Djipines,FWMF,28,1992,3.22,10.01,16.69,60.43,145.33,20.95,6.9,9.13,75.99,1.95,3.41,54.6,0.96,2.14,42.95,0.0,0.05,0.03,-0.07,0.57,0.37,0.08,0.65,Tournament,2021
52,H. Brun,Djipines,GK,27,1993,4.06,19.49,31.21,62.39,752.04,551.52,2.71,2.72,99.92,6.58,6.45,100.0,10.37,22.05,46.57,-0.07,-0.07,0.0,-0.02,1.3,-0.08,0.09,0.0,Tournament,2021
53,K. Moretti,Djipines,MF,30,1990,3.73,30.58,35.38,86.33,574.2,116.96,11.6,13.2,87.9,14.38,15.97,89.84,4.13,5.43,74.94,-0.1,0.08,-0.09,0.35,2.73,0.01,0.08,1.29,Tournament,2021
54,W. Hon,Djipines,MF,24,1997,3.37,32.1,36.7,87.55,639.67,147.67,12.09,13.33,90.93,13.57,15.58,88.26,5.67,7.02,82.56,0.35,0.07,0.28,1.18,2.45,0.81,0.0,3.54,Tournament,2021
55,Y. Akampurira,Djipines,MF,20,2000,0.12,-0.04,0.08,,-0.09,0.0,-0.02,0.09,,0.09,-0.04,,0.06,-0.06,,-0.05,-0.05,-0.09,0.07,0.07,0.01,-0.06,-0.01,Tournament,2021
56,I. Koomson,Djipines,MFFW,23,1997,3.58,15.17,20.59,73.7,321.16,120.82,6.35,7.51,84.62,4.58,6.6,69.55,3.92,5.43,73.69,0.08,0.08,-0.21,2.83,0.33,1.41,1.1,1.21,Tournament,2021
57,K. Mohammadzadeh,Djipines,MFFW,30,1990,3.93,30.29,39.54,76.53,608.54,140.75,13.28,16.69,79.99,11.59,13.34,86.45,5.45,8.56,63.65,0.09,0.15,-0.15,1.05,2.87,1.34,0.26,4.05,Tournament,2021
58,Q. Ariko,Djipines,MFFW,31,1989,3.83,17.12,26.17,65.61,439.07,169.08,3.77,4.9,79.0,8.77,10.81,81.05,4.53,8.68,52.83,0.54,0.33,0.11,1.48,3.4,2.34,0.61,4.3,Tournament,2021
59,T. Cheung,Djipines,MFFW,23,1997,0.63,25.02,28.22,88.21,348.24,93.33,13.25,13.21,99.93,6.66,8.34,79.94,1.7,3.3,49.93,0.08,0.1,-0.18,1.61,1.58,0.1,0.0,1.71,Tournament,2021
60,B. Klemen?i?,Dosqaly,DF,24,1996,3.24,51.54,60.09,85.87,853.98,292.46,24.58,27.09,91.07,19.8,24.22,81.38,5.15,6.13,85.05,0.09,0.07,-0.03,0.58,3.85,0.33,0.05,4.54,Tournament,2021
61,B. Luki?,Dosqaly,DF,22,1998,1.02,41.0,48.98,83.77,676.02,288.94,23.93,27.06,88.9,13.95,14.94,93.29,2.91,6.04,49.99,0.09,-0.06,0.06,0.07,3.07,1.07,0.1,4.02,Tournament,2021
62,B. Mangwiro,Dosqaly,DF,24,1996,1.57,46.72,53.28,87.47,731.26,212.76,25.94,27.39,95.02,17.25,19.97,86.7,2.05,4.68,42.99,0.04,-0.06,0.03,-0.03,2.64,-0.06,0.07,2.76,Tournament,2021
63,L. Wilson,Dosqaly,DF,25,1995,0.49,77.96,81.99,95.05,1568.07,463.92,29.99,32.06,93.77,31.99,31.95,99.99,16.02,16.0,99.99,0.03,0.07,-0.04,0.0,5.99,-0.03,-0.05,9.93,Tournament,2021
64,N. Kamusiime,Dosqaly,DF,27,1993,1.1,56.41,67.24,83.84,755.43,227.32,39.93,43.61,91.61,15.57,18.24,84.96,0.96,1.88,50.03,-0.05,0.22,-0.18,0.81,2.64,1.8,1.73,2.72,Tournament,2021
65,Q. Coppola,Dosqaly,DF,25,1995,4.28,60.43,64.13,94.13,1185.95,338.57,18.39,19.55,94.02,34.69,35.86,96.84,6.71,7.7,87.87,-0.04,0.07,0.04,0.19,3.2,0.32,0.01,3.08,Tournament,2021
66,V. Andersson,Dosqaly,DF,27,1993,4.24,60.65,64.6,93.98,1405.72,380.86,10.04,9.92,99.95,39.21,40.44,97.14,10.63,13.39,80.77,-0.03,-0.08,-0.04,0.29,7.26,0.41,-0.04,3.93,Tournament,2021
67,O. Maulana,Dosqaly,DFMF,25,1995,3.36,51.84,59.38,87.01,832.13,224.13,27.06,29.7,91.06,21.22,24.38,86.74,2.9,3.6,83.3,0.1,0.02,0.09,0.37,4.5,0.92,-0.03,4.05,Tournament,2021
68,H. Robert,Dosqaly,FW,22,1998,4.35,20.44,25.98,78.66,337.24,63.38,10.88,12.7,87.01,7.22,8.65,83.78,1.86,3.27,57.05,0.32,0.25,-0.09,1.56,1.43,0.88,0.09,2.1,Tournament,2021
69,K. Nambozo,Dosqaly,FW,25,1995,0.08,5.96,6.9,85.73,107.91,26.06,2.98,3.0,100.06,2.01,1.98,99.97,1.03,2.06,50.07,0.02,0.05,-0.16,1.03,0.07,0.91,0.93,0.08,Tournament,2021
70,S. Mlakar,Dosqaly,FW,34,1986,0.51,13.9,22.0,63.6,197.98,39.94,12.09,16.06,74.94,-0.04,1.98,-0.09,2.05,1.95,99.9,-0.09,0.24,-0.13,1.92,-0.03,1.92,0.05,2.01,Tournament,2021
71,Y. Sen,Dosqaly,FW,33,1987,3.73,31.89,36.64,87.18,472.95,101.17,21.13,22.65,93.08,9.38,11.03,85.68,1.29,1.31,100.09,-0.01,-0.01,0.01,0.86,2.45,0.25,-0.06,2.42,Tournament,2021
72,P. Peh,Dosqaly,FWMF,23,1997,0.25,19.91,36.61,54.6,396.73,73.22,6.71,10.09,66.74,10.07,16.68,59.93,3.33,6.7,49.99,-0.04,0.03,-0.06,3.26,0.09,0.06,-0.01,3.37,Tournament,2021
73,U. Oola,Dosqaly,FWMF,26,1994,0.88,65.6,67.83,96.68,1288.99,205.69,26.63,26.61,100.09,24.37,25.58,95.73,13.3,14.49,92.3,0.04,-0.02,-0.07,1.14,4.4,1.07,0.08,3.37,Tournament,2021
74,H. Cardoso,Dosqaly,MF,31,1989,0.3,37.46,47.43,78.95,600.09,29.93,22.51,22.46,100.0,12.42,20.08,62.47,2.56,4.96,50.01,0.07,0.31,-0.25,2.59,-0.01,2.48,2.59,-0.05,Tournament,2021
75,J. Rukundo,Dosqaly,MF,27,1993,4.12,58.35,68.02,85.61,1078.75,298.68,28.51,32.42,88.22,20.14,22.05,91.35,8.03,11.09,73.82,0.33,0.2,-0.15,1.94,7.67,1.73,0.16,4.74,Tournament,2021
76,K. Eyotaru,Dosqaly,MF,23,1997,0.09,20.09,30.0,66.66,309.99,20.09,9.96,9.95,99.96,10.01,20.07,50.04,-0.07,-0.1,,-0.05,0.95,-1.04,10.07,0.04,-0.03,-0.09,0.05,Tournament,2021
77,M. Matsumoto,Dosqaly,MF,29,1991,4.38,54.06,58.74,91.71,986.06,201.66,25.82,27.7,93.35,20.52,22.0,93.65,7.11,7.53,96.82,0.05,-0.09,0.01,0.26,5.62,0.28,0.03,3.75,Tournament,2021
78,M. Sakai,Dosqaly,MFFW,24,1996,0.92,32.97,41.99,78.6,510.02,102.01,18.02,21.92,81.9,13.09,16.1,81.3,2.01,3.99,50.06,0.08,0.23,-0.27,3.91,0.92,-0.1,-0.07,2.98,Tournament,2021
79,O. Aboagye,Dosqaly,MFFW,29,1991,3.82,39.03,48.46,80.43,825.83,194.82,14.13,16.3,86.0,16.23,17.92,90.03,8.81,13.34,65.42,0.09,0.17,-0.19,2.32,3.83,1.59,0.02,5.14,Tournament,2021
80,C. Salihu,Eastern Niasland,DF,25,1995,2.9,34.7,40.68,85.59,802.0,287.93,8.67,8.95,96.16,18.31,20.38,89.76,7.59,10.23,73.4,0.04,-0.07,-0.04,0.07,1.3,-0.04,0.06,0.63,Tournament,2021
81,K. Pawar,Eastern Niasland,DF,28,1992,3.01,41.7,56.25,74.09,768.31,375.08,19.71,21.08,93.71,16.01,19.94,80.05,5.6,12.39,45.96,-0.07,0.03,-0.03,0.92,3.27,0.93,0.74,5.75,Tournament,2021
82,S. Doherty,Eastern Niasland,DF,26,1994,2.82,34.04,37.86,90.04,689.73,144.55,12.06,13.15,92.19,15.58,16.81,91.71,5.84,6.92,85.08,0.09,-0.04,-0.01,0.71,0.42,-0.03,0.08,1.46,Tournament,2021
83,X. Foo,Eastern Niasland,DF,28,1992,2.93,41.62,53.9,77.19,776.0,284.26,18.05,21.24,84.35,17.27,20.91,82.47,5.76,9.62,58.51,-0.01,-0.08,0.02,-0.04,1.68,-0.02,0.04,3.03,Tournament,2021
84,C. Seidu,Eastern Niasland,DFMF,27,1994,0.32,20.07,33.29,60.0,419.96,209.93,3.23,6.75,49.98,9.91,16.75,59.96,3.37,6.73,50.08,0.05,0.03,-0.07,-0.03,-0.07,-0.03,0.06,-0.1,Tournament,2021
85,Q. Zee,Eastern Niasland,DFMF,26,1994,1.31,20.78,27.75,75.01,358.59,112.39,9.94,12.21,81.31,9.92,10.72,92.91,0.71,2.37,33.24,-0.05,0.08,-0.04,0.81,0.67,0.82,-0.05,1.56,Tournament,2021
86,H. Jaber,Eastern Niasland,FW,20,2000,0.99,13.26,17.88,74.92,205.65,29.9,5.54,6.66,83.25,6.73,8.86,74.92,1.17,1.04,100.0,0.05,-0.07,-0.1,2.22,1.16,1.18,1.08,0.02,Tournament,2021
87,J. Purba,Eastern Niasland,FW,28,1992,1.82,27.92,33.3,84.08,466.8,71.08,13.27,15.38,86.21,9.0,11.08,81.08,2.68,2.72,100.08,0.0,0.03,0.02,1.67,1.53,1.56,0.46,2.61,Tournament,2021
88,J. Soares,Eastern Niasland,FW,37,1983,2.85,15.39,22.14,69.36,251.84,38.27,8.58,11.44,74.93,4.74,5.3,86.68,1.33,1.77,79.95,0.08,0.16,-0.21,1.09,1.15,0.28,-0.05,1.07,Tournament,2021
89,U. Manhique,Eastern Niasland,FW,22,1998,0.18,-0.01,-0.04,,0.03,0.01,-0.02,0.01,,-0.04,-0.09,,0.05,0.03,,-0.05,-0.03,0.1,0.05,0.09,-0.07,-0.08,-0.03,Tournament,2021
90,V. Nkala,Eastern Niasland,FW,30,1990,0.33,16.74,26.79,62.41,316.63,169.98,10.07,10.02,99.93,3.31,10.05,33.32,3.28,6.69,50.01,-0.07,-0.07,0.07,0.05,3.36,0.03,0.02,6.68,Tournament,2021
91,L. Lau,Eastern Niasland,FWDF,33,1987,0.75,17.6,21.3,82.48,304.97,32.53,8.74,9.96,87.5,7.55,10.03,74.96,1.26,1.16,99.93,-0.02,-0.09,0.08,-0.07,-0.02,-0.05,0.1,1.28,Tournament,2021
92,Y. Nabuduwa,Eastern Niasland,GK,27,1993,3.0,24.66,32.68,75.47,883.93,569.06,3.27,3.34,100.08,8.4,8.35,100.03,12.93,21.04,61.91,0.05,0.01,0.01,0.3,0.94,0.0,-0.08,0.0,Tournament,2021
93,K. Abu,Eastern Niasland,MF,30,1990,0.17,69.93,80.01,87.41,1560.08,499.94,-0.06,-0.09,,69.92,70.0,99.97,0.01,0.05,,0.03,0.06,0.06,0.04,19.93,0.03,-0.09,10.04,Tournament,2021
94,L. Nangiro,Eastern Niasland,MF,25,1995,2.64,36.5,45.32,80.44,760.3,164.69,12.25,14.29,86.6,15.07,17.33,86.63,6.83,9.97,69.22,-0.1,0.13,-0.15,1.86,4.53,1.18,0.37,3.05,Tournament,2021
95,O. Lamunu,Eastern Niasland,MF,30,1990,0.45,21.95,25.94,84.54,372.0,120.05,9.93,9.96,100.1,10.03,12.03,83.3,1.94,1.96,99.97,0.04,-0.1,0.1,-0.04,3.95,0.08,-0.1,2.04,Tournament,2021
96,O. Sepp,Eastern Niasland,MF,29,1991,2.82,29.7,33.17,89.21,464.37,122.97,15.36,16.81,91.42,12.19,13.87,87.11,1.79,2.24,83.28,0.05,0.09,-0.07,0.31,1.33,0.05,-0.03,3.2,Tournament,2021
97,Q. Isabirye,Eastern Niasland,MF,25,1995,0.21,20.07,19.95,99.96,499.95,-0.01,0.06,-0.05,,14.95,14.98,99.96,5.02,4.98,99.93,-0.01,0.05,-0.08,0.08,0.08,0.1,-0.03,0.02,Tournament,2021
98,A. Mwesige,Eastern Niasland,MFFW,23,1997,0.04,20.02,19.91,99.91,300.04,-0.02,10.05,9.99,100.02,9.92,9.9,99.99,0.0,-0.03,,-0.06,0.0,0.06,0.02,-0.09,-0.07,-0.01,-0.02,Tournament,2021
99,I. bin Hassan,Eastern Niasland,MFFW,24,1996,0.66,21.7,28.24,76.52,355.05,69.94,10.03,10.0,100.06,11.64,11.8,99.99,-0.01,6.58,0.07,-0.09,0.02,0.04,1.68,3.34,0.03,0.09,1.66,Tournament,2021
100,Z. Banda,Eastern Niasland,MFFW,21,1999,3.04,31.28,35.33,88.72,557.37,124.97,13.02,14.37,90.78,14.1,15.23,91.28,3.35,3.62,90.89,-0.03,-0.07,0.08,0.25,2.33,0.27,-0.02,3.6,Tournament,2021
101,C. Begum,Eastern Sleboube,DF,31,1989,1.03,44.03,53.91,81.55,994.97,262.91,12.08,12.04,100.02,23.07,26.97,85.23,8.93,15.09,60.06,0.05,0.04,0.09,0.0,1.91,0.07,0.03,2.0,Tournament,2021
102,J. Alamri,Eastern Sleboube,DF,27,1993,2.99,36.61,44.03,83.25,750.78,204.68,10.95,11.69,94.21,19.68,19.96,98.33,5.28,11.78,45.77,-0.07,0.05,-0.07,-0.02,1.65,0.41,0.01,1.02,Tournament,2021
103,N. Schumacher,Eastern Sleboube,DF,30,1990,2.28,25.73,32.95,77.63,445.22,152.67,10.96,12.17,89.36,12.15,15.76,77.77,1.66,4.31,40.05,-0.07,0.09,-0.09,-0.02,1.35,1.21,0.36,3.01,Tournament,2021
104,P. Sullivan,Eastern Sleboube,DF,33,1987,0.71,24.37,34.24,70.79,430.05,294.23,8.49,9.93,85.61,15.64,19.97,78.53,-0.08,4.29,0.05,-0.01,0.01,-0.06,-0.04,1.51,0.04,0.06,1.44,Tournament,2021
105,V. Purwanto,Eastern Sleboube,DF,37,1983,0.46,28.05,36.1,77.78,557.94,216.07,14.01,13.99,99.93,9.93,11.92,83.29,3.96,9.91,40.03,-0.07,-0.08,0.05,-0.04,2.03,-0.06,0.09,6.01,Tournament,2021
106,W. Nakyejwe,Eastern Sleboube,DF,25,1995,1.53,30.05,44.04,68.29,475.25,103.39,11.94,13.91,85.71,16.64,20.78,80.57,-0.1,5.31,-0.1,0.08,0.13,0.0,0.77,0.73,-0.08,-0.09,1.39,Tournament,2021
107,W. Tumwesige,Eastern Sleboube,DF,21,1999,2.47,37.91,46.88,81.18,1031.19,324.83,5.69,5.91,93.37,19.55,20.41,96.03,12.74,19.97,64.06,-0.09,0.09,-0.05,0.05,3.15,0.1,0.07,3.19,Tournament,2021
108,U. Namugerwa,Eastern Sleboube,DFFW,28,1993,2.16,40.44,47.51,85.05,710.45,188.96,18.0,19.51,92.66,18.62,21.06,88.55,3.37,5.68,58.31,-0.06,0.09,0.08,0.5,2.29,1.4,0.96,1.94,Tournament,2021
109,R. Nyapendi,Eastern Sleboube,DFMF,24,1996,1.47,54.62,69.31,78.89,1057.23,304.68,24.05,27.97,85.66,20.77,25.98,79.53,8.65,12.07,72.14,-0.06,-0.03,-0.07,-0.05,5.42,0.09,-0.01,4.04,Tournament,2021
110,Q. Kemigisa,Eastern Sleboube,FW,23,1997,0.32,27.46,34.93,78.7,424.97,137.52,15.06,17.48,85.75,12.59,17.47,71.36,-0.07,-0.01,,0.05,0.17,-0.23,2.43,0.07,2.41,-0.06,4.97,Tournament,2021
111,V. Kyomuhangi,Eastern Sleboube,FW,32,1988,2.85,17.23,28.36,60.99,208.54,54.53,9.96,14.46,69.03,4.49,7.68,59.1,0.42,1.48,25.0,0.39,0.14,0.27,1.69,0.95,0.7,-0.02,1.39,Tournament,2021
112,W. Ghosh,Eastern Sleboube,FWMF,30,1990,0.42,5.0,7.49,66.74,80.02,7.45,2.46,5.01,50.03,2.59,2.56,100.02,0.02,-0.03,,-0.02,0.09,-0.07,2.51,0.1,-0.06,0.04,0.08,Tournament,2021
113,K. Nakibuule,Eastern Sleboube,GK,34,1987,0.92,15.91,27.91,57.18,630.08,447.09,2.97,2.97,99.94,3.03,2.93,99.92,9.93,21.93,45.52,0.03,0.05,0.04,0.03,0.99,-0.04,0.03,-0.05,Tournament,2021
114,W. Radu,Eastern Sleboube,GK,21,1999,1.97,18.48,26.09,71.15,843.96,644.57,1.56,1.59,100.04,4.07,4.08,99.95,12.96,20.5,63.33,-0.08,0.09,0.01,0.03,0.08,-0.03,-0.05,-0.02,Tournament,2021
115,F. Kou,Eastern Sleboube,MF,19,2001,0.65,21.74,31.65,68.35,530.0,158.36,1.6,3.39,50.04,15.03,16.77,90.07,5.03,10.09,50.03,0.09,0.01,-0.05,0.07,3.23,1.66,0.02,5.06,Tournament,2021
116,P. Isa,Eastern Sleboube,MF,24,1996,0.79,21.39,27.11,78.82,264.39,70.02,15.72,18.61,84.56,4.2,5.67,74.95,-0.06,1.46,-0.01,-0.08,0.06,0.06,-0.09,1.39,-0.02,0.05,1.36,Tournament,2021
117,T. Jakobsson,Eastern Sleboube,MF,28,1992,2.24,31.71,42.25,75.23,638.22,147.31,14.25,16.11,89.17,8.69,12.56,69.05,7.93,11.29,69.16,-0.04,0.04,-0.01,0.5,3.06,0.84,0.87,2.64,Tournament,2021
118,D. Rahmawati,Eastern Sleboube,MFFW,25,1995,1.81,24.18,31.14,77.91,388.49,88.95,11.69,13.16,87.95,11.12,12.66,87.59,1.0,3.15,33.29,-0.07,0.32,-0.24,2.17,2.7,2.57,-0.07,4.82,Tournament,2021
119,L. Prasad,Eastern Sleboube,MFFW,24,1996,2.92,33.25,43.32,76.84,616.0,187.2,13.95,16.05,87.42,12.99,17.03,76.43,5.08,8.37,60.09,-0.04,0.09,0.0,1.08,1.75,1.97,1.31,3.27,Tournament,2021
120,W. Bwanali,Eastern Sleboube,MFFW,26,1994,2.73,31.57,40.64,77.38,601.17,97.38,12.54,15.97,79.08,13.32,16.28,81.75,5.25,6.96,73.64,-0.04,0.14,-0.1,0.29,2.13,0.32,0.01,1.49,Tournament,2021
121,A. Dickson,Esia,DF,27,1994,3.88,69.15,78.92,87.65,1386.84,412.18,22.62,23.89,94.58,36.38,39.72,91.49,9.65,14.27,68.52,0.04,-0.1,0.1,0.33,7.28,0.52,-0.04,5.35,Tournament,2021
122,D. Adu,Esia,DF,26,1994,3.58,45.31,54.27,83.69,770.29,175.96,20.64,22.37,92.23,20.64,24.53,83.71,3.42,5.65,59.9,0.3,0.23,0.0,1.34,1.23,1.76,1.08,2.87,Tournament,2021
123,D. Svensson,Esia,DF,27,1993,4.08,69.04,73.41,93.9,1400.42,437.8,19.8,20.37,97.51,41.99,42.78,98.17,6.93,9.75,71.78,-0.03,0.0,0.09,-0.01,9.17,0.07,0.0,4.27,Tournament,2021
124,G. Nisha,Esia,DF,25,1995,3.99,55.54,65.27,85.1,1021.34,261.81,23.24,24.23,95.89,26.27,30.05,87.51,5.47,10.23,53.72,0.21,0.19,0.07,1.66,3.19,3.17,1.19,3.91,Tournament,2021
125,K. Shumba,Esia,DF,32,1988,3.6,80.38,85.49,93.97,1815.99,502.12,18.37,18.56,98.66,44.0,45.66,96.44,17.61,20.32,86.62,0.24,-0.05,0.14,0.64,7.34,0.83,0.08,5.76,Tournament,2021
126,U. Adjei,Esia,DF,29,1991,0.36,30.04,36.77,81.75,626.79,263.21,6.71,6.7,99.95,13.27,20.06,66.72,6.61,6.64,100.1,-0.08,0.34,-0.33,3.25,0.1,3.33,3.38,-0.02,Tournament,2021
127,L. Mitchell,Esia,DFMF,25,1995,0.19,35.08,34.93,100.06,655.01,304.92,10.07,9.91,100.05,24.93,25.04,99.97,0.07,0.01,,-0.09,-0.02,0.06,-0.02,0.0,-0.01,0.1,0.06,Tournament,2021
128,Z. Braun,Esia,DFMF,27,1994,0.31,102.54,112.44,91.01,2157.43,454.9,25.0,24.93,99.97,60.06,60.04,100.07,14.92,22.55,66.76,0.0,-0.06,-0.04,-0.02,15.07,2.53,-0.02,7.59,Tournament,2021
129,Q. Günther,Esia,FW,24,1996,1.11,21.69,28.37,76.5,305.82,49.2,11.76,13.27,87.55,9.13,11.79,78.56,-0.03,0.88,0.03,0.03,-0.06,-0.08,-0.05,0.83,-0.07,-0.09,0.9,Tournament,2021
130,Y. Nartey,Esia,FW,25,1995,2.71,22.56,28.6,78.87,329.3,17.97,13.23,16.1,82.26,6.74,8.2,82.62,1.15,2.07,49.93,-0.09,0.03,-0.02,0.42,1.13,-0.08,-0.06,0.01,Tournament,2021
131,L. Tu,Esia,FWDF,25,1996,1.29,39.94,49.24,81.33,626.97,97.0,22.22,23.19,96.8,14.66,16.27,90.55,2.37,6.2,37.54,-0.07,-0.07,-0.08,0.81,0.68,3.05,1.54,3.0,Tournament,2021
132,U. Musa,Esia,FWDF,28,1992,0.09,79.96,99.92,80.05,929.94,289.95,49.93,50.02,100.08,20.1,30.03,66.64,0.02,9.99,-0.06,-0.04,0.04,0.03,-0.03,9.92,0.02,-0.06,0.04,Tournament,2021
133,H. Alobo,Esia,FWMF,21,1999,3.31,29.11,35.42,82.14,454.72,112.7,17.37,19.99,86.5,9.92,10.88,91.69,1.79,2.83,66.75,-0.07,0.37,-0.2,1.24,1.27,1.85,0.08,3.07,Tournament,2021
134,B. Harahap,Esia,GK,34,1986,3.92,30.1,35.39,85.07,828.45,467.57,5.52,5.4,99.97,13.39,13.23,100.0,11.33,16.55,68.27,0.1,-0.06,-0.03,0.06,0.17,-0.03,0.01,0.09,Tournament,2021
135,A. Kuhn,Esia,MF,30,1990,2.44,71.64,76.39,93.95,1362.46,206.38,29.63,31.21,94.71,32.12,33.83,95.02,9.26,9.64,95.67,-0.07,0.05,0.04,0.0,9.09,-0.05,0.04,3.78,Tournament,2021
136,Y. Nagudi,Esia,MF,31,1990,3.98,87.77,97.56,90.09,1947.79,597.47,27.26,29.02,94.07,39.43,42.31,93.41,19.51,24.76,78.87,0.05,0.05,-0.1,1.57,16.07,1.25,-0.05,13.27,Tournament,2021
137,J. Halvorsen,Esia,MFFW,17,2003,0.06,59.92,60.01,99.95,840.05,9.91,40.03,40.09,99.94,20.01,19.94,100.01,0.0,0.07,,-0.05,0.06,-0.01,0.1,-0.09,0.0,0.02,-0.03,Tournament,2021
138,O. Nairuba,Esia,MFFW,31,1989,3.19,35.34,46.5,75.77,539.62,123.17,16.22,20.96,77.67,15.69,18.14,86.23,1.16,3.52,36.42,0.02,0.16,-0.16,1.27,2.44,1.23,0.22,4.72,Tournament,2021
139,T. Astuti,Esia,MFFW,25,1995,1.53,41.33,45.07,91.75,711.98,156.91,16.92,17.48,96.35,20.09,21.92,91.41,3.14,3.84,83.29,-0.08,0.11,0.02,0.65,4.47,-0.07,-0.08,4.44,Tournament,2021
140,E. Peng,Galamily,DF,27,1993,4.99,32.77,38.29,85.87,769.02,228.05,10.05,10.99,90.81,14.03,14.9,94.51,8.86,11.99,73.34,0.39,0.14,0.42,0.11,1.63,0.19,0.01,2.08,Tournament,2021
141,F. Saidi,Galamily,DF,30,1991,3.93,36.47,47.02,77.75,637.41,272.03,19.06,20.41,92.64,12.87,15.93,79.75,4.16,9.81,43.57,-0.04,0.05,-0.02,0.43,2.97,0.7,0.07,3.82,Tournament,2021
142,P. Kud?,Galamily,DF,31,1989,4.64,31.69,37.38,84.73,754.27,217.21,8.36,8.69,95.17,14.77,16.21,90.79,8.79,12.04,71.98,0.08,0.05,-0.08,-0.1,1.05,0.42,0.1,1.71,Tournament,2021
143,W. Khoury,Galamily,DF,28,1992,0.27,56.77,63.23,89.43,1219.98,270.09,13.24,13.27,100.06,36.63,36.65,100.01,6.65,13.28,49.99,0.02,0.01,0.1,-0.08,10.02,0.03,-0.07,0.0,Tournament,2021
144,Z. Iqbal,Galamily,DF,28,1992,4.91,47.1,65.19,72.09,806.1,473.58,24.82,26.08,95.34,16.32,24.0,68.23,5.45,13.27,41.0,0.14,0.21,-0.03,1.41,3.32,2.29,0.95,6.72,Tournament,2021
145,Z. Mugeni,Galamily,DF,28,1992,0.98,37.95,49.03,77.6,694.92,284.1,19.04,20.1,95.02,13.96,21.0,66.8,5.08,7.9,62.49,-0.03,0.02,0.08,-0.09,2.93,0.03,0.09,2.02,Tournament,2021
146,E. Morelli,Galamily,FW,27,1993,3.44,25.12,31.66,79.34,357.63,84.32,14.54,16.3,89.54,6.88,8.48,80.01,1.48,2.86,49.91,0.07,0.16,-0.05,0.92,0.95,1.13,0.24,1.34,Tournament,2021
147,I. Y?ld?r?m,Galamily,FW,28,1992,0.34,19.94,30.1,66.67,284.91,84.91,12.54,17.52,71.43,2.51,2.44,100.03,2.46,5.05,50.07,-0.01,0.76,-0.8,2.49,-0.01,-0.05,0.02,-0.05,Tournament,2021
148,I. Zyu,Galamily,FW,27,1993,0.68,12.86,18.7,69.13,152.86,35.75,5.74,8.57,66.66,4.2,4.21,100.1,0.01,-0.05,,-0.02,0.04,-0.09,1.49,1.48,0.0,-0.01,1.34,Tournament,2021
149,J. binti Ibrahim,Galamily,FW,31,1989,0.25,4.96,19.99,25.01,55.09,-0.01,5.01,19.98,25.07,-0.06,0.09,,-0.04,-0.03,,-0.07,-0.09,0.09,-0.04,0.03,0.05,0.09,0.02,Tournament,2021
150,K. Jakobsson,Galamily,FW,25,1996,4.36,16.42,22.77,71.94,257.31,41.52,7.65,10.64,72.2,7.14,7.66,91.12,0.81,1.41,66.68,-0.03,0.01,-0.01,0.07,1.52,0.37,-0.02,1.01,Tournament,2021
151,O. Acheng,Galamily,FW,18,2002,0.91,17.78,27.88,63.95,302.21,96.61,8.96,12.23,72.61,7.78,11.13,69.94,1.02,4.5,24.98,-0.06,0.16,-0.22,1.17,-0.04,3.42,2.24,5.56,Tournament,2021
152,P. Purnomo,Galamily,FWMF,26,1994,2.44,32.72,43.22,75.99,535.11,123.12,17.14,20.5,84.24,11.53,12.31,93.5,2.41,6.75,35.32,0.03,0.25,-0.26,1.69,1.68,0.84,0.79,1.98,Tournament,2021
153,Y. Atoo,Galamily,FWMF,25,1996,2.66,29.51,39.69,74.75,556.64,141.02,17.74,18.55,96.07,7.32,11.51,64.55,4.35,7.74,57.09,-0.02,0.15,-0.25,2.58,1.2,0.46,0.02,2.54,Tournament,2021
154,U. Nishimura,Galamily,GK,31,1989,4.93,17.84,30.31,58.62,592.36,367.95,1.67,1.6,100.05,8.08,8.01,99.98,8.14,20.69,39.75,0.08,0.08,0.07,-0.07,0.02,0.06,-0.1,0.09,Tournament,2021
155,F. Pop,Galamily,MF,25,1995,5.09,35.01,43.84,79.93,730.2,148.91,13.34,16.19,82.63,14.03,17.07,82.4,7.06,8.86,79.58,-0.02,-0.02,0.02,0.84,2.7,0.28,-0.09,1.94,Tournament,2021
156,I. Kayange,Galamily,MF,22,1998,1.43,32.95,50.1,65.63,584.94,129.24,15.75,20.09,78.57,11.46,16.41,69.56,4.97,9.98,50.01,0.0,0.06,0.03,0.01,2.81,0.04,-0.1,2.83,Tournament,2021
157,L. Rahimi,Galamily,MF,30,1990,2.62,34.32,46.21,74.48,643.22,184.79,14.13,17.83,79.23,14.37,18.13,79.55,4.77,7.83,61.99,-0.05,0.09,-0.01,0.67,3.01,1.21,0.0,4.77,Tournament,2021
158,L. Uchida,Galamily,MF,21,1999,0.03,1.06,1.05,100.09,8.06,-0.08,1.0,0.99,100.05,0.06,-0.04,,-0.08,-0.03,,0.0,-0.1,0.01,0.1,-0.09,0.08,0.05,-0.02,Tournament,2021
159,U. Ajiambo,Galamily,MF,27,1993,3.27,26.93,33.92,79.6,463.27,139.34,14.53,16.95,85.76,8.12,10.57,77.07,3.31,4.88,68.87,0.39,-0.03,0.31,0.56,2.81,0.32,0.01,2.98,Tournament,2021
160,U. Nambuya,Galamily,MF,26,1994,1.91,40.55,50.51,80.26,730.99,213.98,18.96,19.97,94.91,15.5,18.52,83.7,5.53,10.48,52.49,0.02,0.1,-0.23,2.02,1.5,1.01,0.59,1.98,Tournament,2021
161,E. Nabaasa,Giumle Lizeibon,DF,28,1992,4.23,40.73,53.5,76.08,677.82,290.64,21.53,26.05,83.09,15.31,18.46,83.58,3.57,7.96,44.18,0.09,0.04,-0.05,-0.06,1.83,0.43,0.47,3.22,Tournament,2021
162,N. Barukh,Giumle Lizeibon,DF,24,1996,0.58,61.71,68.22,90.1,1310.08,336.62,21.62,23.37,92.94,28.31,29.9,94.46,11.63,14.95,77.74,-0.04,0.05,0.08,-0.02,4.99,-0.07,0.08,3.35,Tournament,2021
163,U. Ionescu,Giumle Lizeibon,DF,35,1985,2.07,32.08,42.47,75.21,466.01,95.57,16.02,19.96,79.94,11.96,15.54,77.35,1.58,3.51,42.93,0.09,-0.09,-0.06,-0.06,0.54,0.57,-0.04,1.43,Tournament,2021
164,V. Inoue,Giumle Lizeibon,DF,28,1992,4.35,63.92,77.66,82.23,1322.24,453.64,22.1,24.09,92.17,30.99,34.0,91.03,10.64,17.15,62.28,0.47,0.17,0.27,2.35,3.94,1.03,0.26,6.69,Tournament,2021
165,W. Longwe,Giumle Lizeibon,DF,28,1992,4.34,50.1,59.14,84.6,990.69,323.74,16.06,17.21,93.18,26.22,29.31,89.64,6.66,11.32,59.14,-0.05,-0.09,-0.04,0.05,3.75,0.4,0.08,3.52,Tournament,2021
166,X. Kawooya,Giumle Lizeibon,DF,33,1987,0.16,9.92,10.07,99.99,180.07,140.08,-0.04,-0.02,,10.06,10.02,99.96,-0.05,0.0,,0.02,0.03,0.08,0.04,9.96,0.08,-0.09,9.99,Tournament,2021
167,Y. Takeuchi,Giumle Lizeibon,DF,29,1991,3.7,52.87,61.1,86.58,1237.38,412.9,13.11,15.5,84.8,26.65,29.67,89.49,12.6,14.98,84.27,0.05,-0.04,-0.03,-0.1,5.16,0.19,-0.03,5.06,Tournament,2021
168,A. Azmi,Giumle Lizeibon,FW,23,1997,1.28,26.67,32.57,82.02,426.66,85.73,15.87,19.23,82.67,8.26,10.84,76.88,2.44,2.55,99.97,0.05,0.15,-0.02,0.74,2.53,1.62,0.05,3.3,Tournament,2021
169,I. Peeters,Giumle Lizeibon,FW,28,1992,0.11,10.06,10.07,99.94,90.02,-0.03,9.96,10.07,99.97,0.01,-0.02,,0.1,-0.08,,-0.04,0.01,0.1,-0.08,0.09,-0.02,0.08,0.1,Tournament,2021
170,M. Omony,Giumle Lizeibon,FW,21,1999,2.64,25.66,33.6,75.72,352.94,69.5,17.33,20.45,85.51,6.27,8.11,77.22,1.16,2.18,49.95,0.03,0.06,0.02,0.44,1.46,0.04,0.02,1.49,Tournament,2021
171,V. Jankowski,Giumle Lizeibon,FW,31,1989,2.33,19.25,28.0,68.67,278.87,49.95,11.37,16.34,69.18,6.68,7.83,84.22,0.46,1.22,33.23,0.06,0.09,-0.01,1.61,0.83,1.73,0.34,1.19,Tournament,2021
172,X. Seidu,Giumle Lizeibon,FW,26,1994,0.95,37.91,43.95,86.39,543.98,90.02,21.96,25.01,87.92,7.95,8.94,88.84,4.07,4.09,99.96,0.02,0.65,-0.52,3.06,0.98,0.97,1.02,1.02,Tournament,2021
173,R. Zamani,Giumle Lizeibon,FWMF,23,1997,3.68,22.18,30.35,73.3,339.5,81.47,12.75,14.84,85.53,7.35,7.79,93.04,1.67,5.18,31.51,0.3,0.07,0.17,0.76,1.82,0.73,0.03,2.62,Tournament,2021
174,Z. Matsui,Giumle Lizeibon,FWMF,26,1994,1.12,19.19,22.43,85.26,256.77,30.0,10.04,10.78,92.26,6.7,9.24,72.67,0.09,-0.04,,0.04,0.11,-0.14,0.85,-0.04,0.8,0.09,1.59,Tournament,2021
175,Z. Testa,Giumle Lizeibon,FWMF,24,1996,0.17,69.97,75.06,93.33,1350.02,470.03,30.02,30.06,99.95,19.91,24.94,79.91,15.09,15.06,99.92,0.09,0.42,-0.49,10.02,10.09,5.06,5.08,5.06,Tournament,2021
176,X. Clement,Giumle Lizeibon,GK,26,1994,4.25,27.92,35.56,78.44,782.39,479.83,6.49,6.42,100.06,10.43,10.45,99.93,10.2,17.92,57.12,-0.02,-0.1,-0.02,-0.01,0.15,-0.07,0.0,0.06,Tournament,2021
177,K. Lawino,Giumle Lizeibon,MF,23,1997,4.04,31.04,38.04,81.42,548.55,146.59,14.43,15.68,92.29,12.49,14.96,83.61,3.9,5.54,69.7,0.01,0.12,-0.08,1.26,4.73,0.68,0.0,4.14,Tournament,2021
178,L. Abbasi,Giumle Lizeibon,MF,33,1988,0.08,2.08,2.06,100.06,31.02,4.07,1.05,1.05,99.93,1.06,1.05,100.06,0.0,-0.01,,0.05,-0.06,-0.03,-0.09,-0.06,-0.03,-0.02,-0.02,Tournament,2021
179,Q. Roche,Giumle Lizeibon,MF,25,1995,2.59,58.31,67.67,86.34,1241.13,301.23,18.36,19.51,93.96,28.44,30.88,92.27,11.3,15.67,71.73,0.02,-0.01,0.03,0.07,6.46,1.18,0.33,5.16,Tournament,2021
180,R. Kirya,Giumle Lizeibon,MF,26,1994,0.1,24.97,30.01,83.29,435.08,360.06,9.98,14.99,66.76,14.98,15.01,99.97,-0.01,0.06,,5.08,0.51,4.41,4.93,-0.04,4.92,-0.1,9.9,Tournament,2021
181,W. Isah,Giumle Lizeibon,MF,26,1994,4.33,47.75,55.76,85.44,844.9,196.45,23.28,25.17,92.65,16.44,18.43,89.84,6.2,9.03,69.11,0.16,0.23,0.01,1.24,3.96,2.17,0.77,4.64,Tournament,2021
182,H. Marroquín,Giumle Lizeibon,MFFW,31,1989,0.29,43.39,49.94,86.74,710.1,410.06,26.77,29.94,88.93,13.36,16.79,80.07,3.35,3.4,100.05,-0.08,-0.02,-0.1,0.0,-0.09,0.0,-0.09,3.31,Tournament,2021
183,A. Gautier,Greri Landmoslands,DF,23,1997,3.99,71.41,76.73,93.18,1689.0,530.91,16.85,16.9,98.44,38.4,38.45,99.39,16.49,20.49,80.45,0.07,0.05,-0.06,0.0,3.74,0.57,-0.09,3.06,Tournament,2021
184,C. Busingye,Greri Landmoslands,DF,27,1993,2.94,48.61,58.31,83.41,795.14,243.4,23.17,24.52,94.31,21.72,23.35,92.56,3.03,7.0,44.93,0.02,0.16,-0.06,0.77,7.3,0.33,0.02,5.59,Tournament,2021
185,D. Magoba,Greri Landmoslands,DF,37,1983,4.03,61.92,69.28,89.6,1428.22,396.35,17.91,18.57,97.32,30.5,31.45,96.76,13.32,18.81,70.65,-0.04,0.08,0.02,-0.06,2.78,0.31,-0.08,4.33,Tournament,2021
186,R. Sanz,Greri Landmoslands,DF,27,1993,3.96,61.26,68.72,89.07,990.22,328.56,33.3,34.59,96.37,21.98,24.45,89.71,4.91,7.8,64.42,-0.04,0.15,-0.05,0.91,3.41,1.03,0.68,4.35,Tournament,2021
187,D. Groß,Greri Landmoslands,FW,21,1999,0.38,40.07,50.05,79.96,662.59,130.09,20.07,27.59,72.69,15.08,15.02,100.06,5.07,7.48,66.75,-0.05,0.06,-0.06,0.03,2.54,2.56,0.07,7.44,Tournament,2021
188,K. Nasution,Greri Landmoslands,FW,25,1995,0.36,25.04,30.09,83.36,245.06,0.04,20.01,22.45,88.92,2.41,5.05,49.93,-0.06,-0.03,,-0.04,0.18,-0.34,5.01,-0.01,-0.08,0.0,0.09,Tournament,2021
189,L. De Wit,Greri Landmoslands,FW,35,1985,4.04,27.23,32.51,83.82,383.03,68.26,14.74,16.41,89.46,9.25,11.05,84.16,0.91,1.53,66.72,0.2,0.21,0.02,0.95,1.52,1.85,0.06,2.94,Tournament,2021
190,B. Sugawara,Greri Landmoslands,FWMF,26,1994,2.79,33.78,40.68,82.67,583.25,158.16,14.81,15.18,97.55,15.51,18.01,85.76,2.64,3.69,69.99,0.0,0.11,-0.18,1.77,2.87,1.44,0.07,4.13,Tournament,2021
191,E. Alowo,Greri Landmoslands,FWMF,24,1996,3.56,24.5,29.72,82.2,388.63,54.14,13.08,14.61,88.69,8.35,10.25,81.17,2.3,2.72,79.93,0.25,0.38,0.09,1.45,1.48,0.08,0.09,0.81,Tournament,2021
192,I. Asante,Greri Landmoslands,FWMF,27,1993,0.55,48.3,55.05,87.97,619.9,206.79,36.8,36.77,99.94,10.1,11.76,85.6,1.62,1.7,100.0,3.35,1.13,2.26,1.71,6.66,3.42,0.1,11.71,Tournament,2021
193,E. Miyazaki,Greri Landmoslands,GK,32,1988,4.02,20.86,25.47,81.49,468.43,232.07,4.2,4.22,100.05,12.04,12.06,100.09,3.94,8.71,45.66,0.03,-0.03,-0.1,0.03,0.04,-0.06,0.02,0.1,Tournament,2021
194,C. Ji,Greri Landmoslands,MF,26,1994,2.38,34.29,45.64,75.24,775.13,240.91,13.06,14.38,90.83,12.23,16.59,73.78,8.74,13.06,66.63,-0.07,0.43,-0.25,2.64,3.0,2.97,0.38,5.22,Tournament,2021
195,I. Adoch,Greri Landmoslands,MF,25,1995,1.4,35.03,39.24,89.11,742.1,182.07,12.88,14.35,89.98,15.0,15.71,95.48,5.63,7.8,72.72,-0.02,0.02,-0.05,0.02,5.72,-0.03,-0.05,4.32,Tournament,2021
196,I. Mwale,Greri Landmoslands,MF,28,1992,1.47,54.74,61.24,89.1,1097.21,167.95,19.98,20.6,96.83,23.32,26.04,89.8,10.71,13.38,80.02,-0.02,-0.09,0.07,-0.04,7.41,0.7,0.06,3.91,Tournament,2021
197,O. Contreras,Greri Landmoslands,MF,34,1986,1.66,57.58,65.28,88.21,1085.25,266.58,23.47,24.66,95.18,25.97,27.56,93.63,7.03,10.03,70.51,-0.07,0.24,-0.16,2.44,4.69,0.04,-0.07,3.46,Tournament,2021
198,Q. Kaddu,Greri Landmoslands,MF,28,1992,0.28,90.05,124.93,72.07,2130.03,494.97,34.99,40.03,87.57,24.95,25.0,100.0,30.05,50.06,60.04,0.03,-0.05,-0.03,0.09,15.06,5.1,0.02,10.05,Tournament,2021
199,S. Nyarko,Greri Landmoslands,MF,23,1997,0.18,45.05,44.98,99.93,1029.95,0.01,5.03,4.95,100.07,30.02,29.94,100.0,9.93,10.0,100.07,-0.02,0.01,-0.09,0.06,-0.05,0.1,-0.04,0.07,Tournament,2021
200,X. Durand,Greri Landmoslands,MF,23,1997,2.31,74.19,80.88,91.81,1391.76,312.02,35.09,36.32,96.69,25.36,26.23,96.86,11.39,13.75,81.82,-0.09,0.22,-0.22,1.17,9.27,2.53,1.33,5.75,Tournament,2021
201,Z. Musenero,Greri Landmoslands,MF,29,1991,2.67,46.53,50.07,93.1,1004.65,244.16,15.02,15.33,97.45,22.73,23.85,95.27,8.92,10.07,88.49,-0.01,0.09,0.08,0.4,3.8,0.74,-0.06,2.66,Tournament,2021
202,A. Al-Ghamdi,Ledian,DF,34,1986,2.55,52.29,59.94,87.24,912.67,268.51,25.79,27.67,93.04,23.2,24.21,95.3,3.44,6.55,52.98,-0.06,0.04,0.0,1.17,1.51,0.85,0.34,1.59,Tournament,2021
203,H. Mvula,Ledian,DF,35,1985,2.96,36.88,44.52,82.8,658.4,311.4,13.18,14.51,90.59,21.02,24.58,85.82,2.35,4.09,58.24,-0.07,-0.03,0.02,1.34,2.41,1.09,0.09,5.2,Tournament,2021
204,O. Patra,Ledian,DF,23,1997,0.19,79.93,99.91,79.98,1590.09,970.02,50.03,50.06,100.01,20.04,29.91,66.65,9.98,19.93,49.94,0.09,-0.05,-0.08,0.0,9.95,9.94,-0.06,9.99,Tournament,2021
205,W. Hagen,Ledian,DF,25,1995,2.91,60.06,62.95,95.18,1309.94,418.62,15.03,15.64,95.75,33.35,34.1,98.01,11.69,13.37,87.48,0.07,0.08,-0.01,0.41,1.7,0.02,-0.05,0.39,Tournament,2021
206,Z. Wu,Ledian,DF,25,1995,2.91,49.91,54.97,90.98,1041.67,240.02,14.8,15.39,95.7,26.69,27.79,96.37,8.0,10.96,72.69,0.01,0.1,-0.1,-0.01,0.27,-0.05,0.01,0.26,Tournament,2021
207,D. Mumbere,Ledian,FW,29,1991,2.7,20.02,24.97,80.06,325.85,71.82,13.75,15.9,87.85,3.38,3.44,99.95,2.26,4.3,54.59,0.01,-0.08,-0.04,0.44,1.87,0.0,0.05,1.64,Tournament,2021
208,F. Tayebwa,Ledian,FW,31,1989,0.47,45.08,55.03,81.73,774.95,244.94,22.56,27.57,81.79,17.5,22.49,77.73,4.9,4.91,100.06,-0.03,-0.04,0.08,-0.08,5.03,-0.05,-0.05,5.04,Tournament,2021
209,M. Filipovi?,Ledian,FW,18,2002,0.28,16.71,16.65,99.93,320.07,3.27,3.4,3.36,100.05,9.98,10.01,99.99,3.31,3.26,100.04,-0.09,0.03,0.03,-0.05,-0.01,-0.05,0.08,0.01,Tournament,2021
210,P. Khosravi,Ledian,FW,30,1991,0.08,1.1,1.06,99.93,5.04,-0.03,0.01,0.1,,0.0,0.09,,-0.04,0.01,,0.0,0.08,0.0,-0.07,0.07,-0.1,0.07,0.07,Tournament,2021
211,P. Mukalazi,Ledian,FW,24,1996,1.93,15.07,19.01,78.96,252.57,28.47,8.48,9.99,85.07,4.52,5.49,81.73,1.52,2.08,75.07,-0.05,-0.02,0.05,0.58,0.08,0.09,-0.08,-0.08,Tournament,2021
212,V. Namayanja,Ledian,FW,26,1994,2.58,28.45,35.19,80.63,561.62,84.79,13.18,16.81,78.55,10.5,11.6,89.76,4.88,6.5,74.98,0.0,0.0,-0.12,1.64,2.09,0.88,-0.06,1.91,Tournament,2021
213,B. Taremwa,Ledian,FWDF,25,1995,1.19,29.93,38.3,78.66,585.48,149.91,11.86,13.51,86.71,13.68,16.43,83.38,4.57,8.12,55.58,0.02,0.03,0.03,-0.06,0.87,1.9,0.83,1.91,Tournament,2021
214,Z. Apili,Ledian,FWMF,32,1988,0.59,21.66,21.71,99.94,341.67,5.09,9.95,10.07,100.02,6.7,6.63,100.0,1.66,1.65,100.07,0.01,-0.03,0.04,-0.07,-0.09,0.01,0.07,-0.01,Tournament,2021
215,M. Janssens,Ledian,GK,32,1989,2.95,26.78,40.01,66.6,772.04,402.05,5.76,5.57,99.91,12.8,13.06,97.35,8.24,20.62,40.33,0.03,-0.1,0.03,0.0,0.31,0.09,-0.06,0.39,Tournament,2021
216,B. Namazzi,Ledian,MF,33,1987,3.06,28.39,35.94,78.66,534.68,118.25,14.79,17.75,83.09,8.02,10.3,77.36,4.9,6.96,71.39,0.08,-0.07,0.06,0.39,1.91,0.28,-0.09,1.35,Tournament,2021
217,C. Lawal,Ledian,MF,28,1992,1.2,42.71,48.3,88.67,825.49,148.19,20.82,21.75,95.8,13.52,14.57,93.9,8.16,9.98,81.72,-0.04,-0.07,0.07,0.07,-0.08,0.84,0.86,0.99,Tournament,2021
218,E. Mohammad,Ledian,MF,24,1996,1.34,21.43,27.09,78.93,314.26,49.24,14.93,16.31,91.33,5.78,6.41,88.97,0.69,2.95,24.93,0.03,-0.01,0.09,-0.04,0.8,0.0,-0.09,0.05,Tournament,2021
219,M. Delgado,Ledian,MF,26,1994,0.44,43.95,46.03,95.8,855.98,130.01,19.93,20.01,100.03,16.02,17.93,88.81,5.91,5.97,99.98,-0.08,-0.03,0.03,0.04,1.95,-0.02,0.03,0.05,Tournament,2021
220,M. Yanti,Ledian,MF,23,1997,0.19,65.09,75.1,86.73,1235.09,245.05,20.0,19.96,100.08,39.98,44.97,88.8,4.96,9.95,50.09,-0.08,-0.07,0.02,4.91,5.04,0.06,-0.04,-0.05,Tournament,2021
221,X. Akao,Ledian,MF,33,1987,2.82,45.46,53.84,84.01,1003.94,216.85,18.67,20.33,91.21,15.46,18.66,82.61,10.63,13.17,81.1,0.33,0.08,0.25,1.06,2.82,0.39,0.33,3.52,Tournament,2021
222,A. Pinto,Leoneku Guidisia,DF,27,1993,0.2,19.97,34.95,57.09,234.97,54.96,15.07,15.02,100.0,5.07,10.01,50.08,0.05,10.1,0.08,0.03,-0.03,-0.07,0.01,-0.1,-0.06,-0.1,-0.07,Tournament,2021
223,D. Young,Leoneku Guidisia,DF,23,1997,-0.06,0.01,1.09,-0.05,-0.06,0.01,-0.03,-0.04,,0.03,0.1,,-0.1,1.03,-0.05,0.05,0.04,0.04,-0.03,-0.06,-0.06,0.08,0.06,Tournament,2021
224,K. Appiah,Leoneku Guidisia,DF,32,1988,2.94,26.67,27.96,95.27,514.02,156.99,9.65,9.68,100.01,13.35,13.74,97.57,3.66,4.76,78.69,-0.07,-0.05,-0.09,0.02,0.25,0.26,-0.05,1.68,Tournament,2021
225,K. Mashiri,Leoneku Guidisia,DF,26,1994,2.85,29.36,36.81,79.53,492.83,181.49,16.08,17.41,91.86,10.01,12.94,77.78,2.94,5.38,53.21,0.34,0.24,0.13,1.42,1.13,2.15,1.17,3.51,Tournament,2021
226,K. Vitali,Leoneku Guidisia,DF,32,1988,2.77,22.98,32.17,71.19,398.14,181.03,10.34,11.76,87.93,10.32,12.91,80.66,2.1,7.2,30.1,0.02,-0.06,0.06,-0.07,0.62,-0.07,0.04,2.76,Tournament,2021
227,L. Auma,Leoneku Guidisia,DF,26,1994,3.08,38.33,50.23,76.26,794.75,310.07,13.65,14.37,95.23,15.03,18.36,81.86,8.66,15.92,54.27,-0.03,0.03,-0.06,0.98,1.63,0.6,0.36,1.61,Tournament,2021
228,M. Olofsson,Leoneku Guidisia,DF,26,1994,0.2,55.03,59.99,91.75,765.01,279.98,29.95,29.91,99.96,25.02,24.95,100.1,0.07,-0.06,,0.06,-0.08,0.1,0.07,5.03,0.08,0.05,10.1,Tournament,2021
229,Z. Colombo,Leoneku Guidisia,DF,32,1988,2.86,30.99,38.53,80.46,638.22,284.78,8.94,9.06,99.95,18.31,20.28,89.88,3.87,8.98,42.39,0.01,0.02,0.05,0.4,0.68,0.08,0.0,1.69,Tournament,2021
230,A. Lekuru,Leoneku Guidisia,DFFW,23,1997,0.15,9.93,30.09,33.28,169.95,49.9,-0.05,9.98,0.07,9.96,10.06,100.04,-0.02,0.0,,-0.09,0.01,-0.03,-0.06,10.01,-0.09,-0.06,0.05,Tournament,2021
231,E. Mtetwa,Leoneku Guidisia,FW,26,1994,2.68,12.0,18.86,62.69,198.48,40.6,6.73,10.77,62.13,3.76,4.87,76.83,1.44,2.18,66.64,-0.01,0.07,-0.07,0.67,0.7,-0.07,0.02,0.64,Tournament,2021
232,J. Amsalem,Leoneku Guidisia,FW,30,1990,2.68,11.56,15.85,73.12,178.01,29.18,6.96,9.14,74.9,2.98,4.22,72.77,1.06,1.14,100.06,0.02,0.04,-0.13,1.1,0.81,1.24,0.33,1.22,Tournament,2021
233,N. Nabulime,Leoneku Guidisia,FW,22,1998,0.17,15.1,25.01,59.91,129.95,19.99,14.98,19.99,74.91,-0.04,-0.07,,-0.1,4.98,-0.03,0.04,0.0,-0.04,-0.01,0.07,-0.04,0.0,-0.07,Tournament,2021
234,Y. Bauer,Leoneku Guidisia,FW,21,1999,0.14,10.03,19.97,49.91,99.97,0.09,10.02,9.92,100.0,0.09,-0.05,,0.05,-0.02,,0.08,0.06,-0.01,0.08,0.05,-0.05,0.02,0.05,Tournament,2021
235,M. Krli?evi?,Leoneku Guidisia,GK,31,1989,2.92,21.72,38.37,56.53,760.07,522.64,3.33,3.38,100.08,7.37,8.08,91.64,10.95,27.04,40.61,0.04,-0.03,0.01,-0.01,0.65,-0.01,-0.09,0.08,Tournament,2021
236,D. Okidi,Leoneku Guidisia,MF,33,1987,1.46,40.03,45.37,88.19,790.74,121.93,13.97,14.73,95.55,19.26,20.78,93.45,6.57,8.65,76.84,-0.08,0.08,0.09,0.02,2.64,0.02,-0.05,0.6,Tournament,2021
237,H. Tan,Leoneku Guidisia,MF,25,1995,3.1,47.38,52.98,89.21,838.61,209.67,21.7,24.32,89.0,18.9,21.0,90.4,6.07,5.99,100.03,-0.01,0.1,-0.06,0.6,4.05,0.62,0.32,3.03,Tournament,2021
238,T. Takada,Leoneku Guidisia,MF,27,1993,3.06,27.74,34.28,80.61,443.4,109.71,13.04,15.21,84.83,12.97,15.1,86.63,1.41,2.32,57.09,0.07,0.25,-0.19,0.99,1.25,0.91,-0.08,2.6,Tournament,2021
239,U. Jonsson,Leoneku Guidisia,MF,29,1991,1.31,31.56,40.06,78.76,593.8,97.64,11.46,11.54,99.93,15.36,19.94,76.97,4.71,7.02,66.77,0.05,0.01,0.07,0.09,0.69,-0.04,0.04,0.01,Tournament,2021
240,F. ?ahin,Leoneku Guidisia,MFFW,30,1990,0.77,34.24,44.36,77.43,589.93,119.92,18.59,18.51,100.09,12.91,18.6,69.2,2.86,5.8,50.04,0.02,-0.08,0.03,-0.02,2.83,1.42,0.06,2.8,Tournament,2021
241,D. Chiwara,Manlisgamncent,DF,25,1995,1.84,42.25,50.53,83.55,715.63,169.41,19.96,21.15,94.69,15.02,16.68,89.94,4.38,8.8,49.93,0.03,0.09,0.1,-0.06,0.04,0.6,0.61,3.42,Tournament,2021
242,F. Kawala,Manlisgamncent,DF,19,2002,4.16,42.5,50.9,83.23,723.76,282.07,20.98,22.8,91.47,15.84,18.03,87.74,4.12,7.24,56.61,-0.05,0.09,0.03,0.31,1.74,1.43,0.4,3.96,Tournament,2021
243,G. Kintu,Manlisgamncent,DF,29,1992,1.91,44.97,59.06,76.37,767.95,309.05,23.05,24.97,91.98,15.9,19.47,82.01,5.08,11.43,43.53,0.1,0.02,-0.04,0.56,2.07,0.98,0.6,2.55,Tournament,2021
244,M. Apolot,Manlisgamncent,DF,28,1992,0.22,59.9,75.01,79.92,939.99,584.97,30.07,39.99,75.08,30.07,29.96,99.93,-0.02,5.07,-0.02,-0.05,0.0,0.02,-0.09,-0.04,-0.06,0.0,-0.01,Tournament,2021
245,M. Tseu,Manlisgamncent,DF,24,1996,2.3,39.02,42.17,92.77,918.73,289.13,11.79,12.16,96.44,17.81,17.78,99.91,9.66,11.39,84.62,-0.05,-0.04,0.06,0.03,1.35,0.41,-0.1,0.87,Tournament,2021
246,Q. Achom,Manlisgamncent,DF,31,1989,2.01,49.96,56.93,87.71,1158.06,310.58,11.42,11.53,100.07,26.08,28.48,91.12,12.45,16.44,75.82,0.08,-0.07,-0.05,0.1,0.98,0.04,-0.04,2.0,Tournament,2021
247,Z. Ado,Manlisgamncent,DF,31,1989,4.31,38.09,40.75,93.66,756.23,250.58,11.15,12.28,90.53,22.1,22.39,99.02,4.67,5.41,86.96,-0.09,-0.07,0.05,0.08,0.95,-0.07,0.1,0.74,Tournament,2021
248,F. Cheah,Manlisgamncent,FW,28,1992,0.5,13.34,25.03,53.25,198.27,100.08,10.09,13.26,74.92,1.74,4.99,33.35,1.66,5.02,33.28,1.74,0.53,1.08,3.31,3.31,1.73,1.61,3.3,Tournament,2021
249,G. Muleya,Manlisgamncent,FW,27,1993,2.24,10.5,19.44,53.58,144.55,32.79,6.74,9.95,68.24,3.66,6.35,57.13,0.03,1.33,0.03,-0.06,-0.01,-0.03,0.41,1.29,0.42,-0.07,0.97,Tournament,2021
250,I. Šari?,Manlisgamncent,FW,26,1994,1.88,19.97,27.83,71.73,261.66,39.44,14.24,17.33,81.8,4.78,5.32,89.91,0.6,2.17,24.99,-0.01,-0.05,-0.07,0.62,1.67,0.54,0.03,1.61,Tournament,2021
251,R. Kato,Manlisgamncent,FW,31,1989,2.91,24.5,34.07,71.79,409.96,127.99,13.87,15.84,87.08,7.98,10.26,76.71,2.39,5.79,41.25,0.36,0.26,0.04,2.37,1.68,1.07,0.43,2.83,Tournament,2021
252,F. Blanco,Manlisgamncent,FWDF,22,1998,1.39,27.67,34.68,79.91,525.4,93.85,11.49,13.14,88.19,11.52,14.59,78.89,3.82,4.54,83.38,-0.01,0.19,-0.27,0.85,0.68,-0.04,-0.08,1.61,Tournament,2021
253,C. Soto,Manlisgamncent,FWMF,22,1998,0.63,27.01,35.61,75.92,408.52,104.34,15.72,20.0,78.62,9.98,12.86,77.73,1.5,1.38,99.99,0.04,-0.03,-0.09,0.1,1.47,-0.08,-0.04,1.5,Tournament,2021
254,H. Mbabazi,Manlisgamncent,FWMF,23,1997,2.25,20.95,24.22,85.73,261.32,50.85,14.37,15.6,91.64,4.81,7.05,68.83,0.5,0.48,100.04,-0.05,0.14,-0.29,0.86,1.32,-0.07,0.03,1.77,Tournament,2021
255,J. Jørgensen,Manlisgamncent,FWMF,25,1995,0.4,48.07,49.9,96.0,793.99,202.0,20.1,20.01,100.02,23.98,24.04,100.01,1.91,3.94,50.09,0.08,1.1,-1.22,4.0,3.96,2.08,0.04,8.06,Tournament,2021
256,Z. Davies,Manlisgamncent,FWMF,29,1991,2.6,21.94,24.83,88.79,349.63,37.15,12.38,12.72,96.8,5.23,6.34,81.31,3.52,4.06,90.06,0.41,0.09,0.45,0.71,0.84,0.78,0.49,0.45,Tournament,2021
257,E. Jew,Manlisgamncent,GK,26,1995,4.29,23.01,30.66,75.1,653.28,390.49,4.78,5.03,95.45,9.97,9.91,99.95,7.92,15.22,51.57,-0.1,-0.07,0.0,0.04,0.31,-0.05,0.07,-0.03,Tournament,2021
258,B. Yang,Manlisgamncent,MF,29,1991,0.5,11.92,13.95,85.72,195.99,60.04,3.99,6.06,66.71,6.07,6.08,99.96,2.01,2.08,100.01,-0.04,-0.09,-0.07,0.07,4.04,0.05,-0.07,1.91,Tournament,2021
259,C. Nangobi,Manlisgamncent,MF,35,1985,4.39,58.17,67.78,85.91,1160.93,339.09,24.74,27.35,89.86,22.1,23.24,95.08,9.92,14.09,71.74,0.19,0.16,0.18,1.38,5.19,1.01,0.15,4.73,Tournament,2021
260,C. Nyesiga,Manlisgamncent,MF,26,1994,3.87,51.11,57.14,89.32,914.9,206.27,21.75,23.9,91.14,22.64,23.71,95.64,4.7,6.9,69.21,0.18,0.03,0.14,1.01,3.15,0.53,0.08,4.38,Tournament,2021
261,Z. Griffiths,Manlisgamncent,MF,28,1992,3.12,61.5,68.48,90.19,1198.94,278.76,27.08,28.09,96.65,22.8,26.6,86.6,11.36,12.67,89.69,0.01,0.07,0.04,0.95,3.61,0.56,-0.05,2.61,Tournament,2021
262,C. Popescu,Mico,DF,31,1989,2.99,56.06,70.03,80.07,924.04,397.32,29.71,31.74,93.76,22.08,26.72,82.57,4.08,9.63,41.31,-0.01,-0.03,0.02,1.64,3.33,2.06,0.35,6.3,Tournament,2021
263,E. Nakayiza,Mico,DF,24,1996,0.72,51.41,54.24,94.67,1105.68,401.3,17.02,17.02,99.94,24.26,24.27,100.01,10.09,12.87,77.88,0.02,0.09,-0.05,0.06,7.06,1.41,0.06,7.17,Tournament,2021
264,V. It?,Mico,DF,31,1989,5.96,39.83,44.64,89.1,901.2,278.18,10.21,10.72,93.76,22.27,23.67,94.13,6.93,9.92,70.74,0.07,0.02,0.0,0.19,2.77,0.0,0.08,2.0,Tournament,2021
265,W. Twinamatsiko,Mico,DF,28,1992,5.31,40.82,46.71,87.73,844.01,282.14,15.2,16.68,91.16,18.97,19.65,96.24,6.38,9.47,66.68,0.05,0.01,-0.13,0.45,3.18,0.06,-0.06,2.09,Tournament,2021
266,X. Kho,Mico,DF,23,1997,6.22,45.02,52.95,85.08,690.48,250.87,24.46,26.69,91.66,17.7,20.69,86.17,2.1,3.36,61.96,0.13,0.18,0.16,0.99,2.33,1.34,0.23,4.33,Tournament,2021
267,X. Munkuli,Mico,DF,28,1992,0.23,20.0,25.0,80.05,280.03,94.98,15.01,20.04,75.0,5.08,5.04,100.07,0.01,-0.07,,-0.06,0.03,-0.01,-0.05,-0.04,-0.07,0.06,-0.07,Tournament,2021
268,Y. Eyotaru,Mico,DF,24,1996,5.9,45.67,50.27,91.06,876.66,261.1,16.23,17.12,94.91,24.51,26.66,92.1,4.76,6.31,75.78,0.01,-0.08,-0.04,0.08,4.26,0.07,0.1,2.68,Tournament,2021
269,Y. Gashi,Mico,DF,29,1991,3.22,42.25,59.19,71.39,789.43,377.44,19.33,21.28,91.17,15.81,19.77,80.96,6.6,17.12,38.18,0.29,0.38,0.04,2.18,1.26,1.63,1.29,4.34,Tournament,2021
270,L. Tembo,Mico,FW,21,1999,0.99,18.99,19.91,94.35,342.1,77.74,11.16,11.02,99.99,3.39,4.44,75.03,3.4,3.41,100.05,-0.03,0.15,-0.16,2.27,2.26,2.12,0.09,3.38,Tournament,2021
271,N. Katusabe,Mico,FW,27,1993,0.74,27.03,38.58,70.5,459.99,68.58,15.79,18.65,84.62,7.11,9.99,71.38,2.84,7.1,40.03,1.44,0.33,0.98,2.8,1.45,1.51,-0.07,2.94,Tournament,2021
272,P. Khoh,Mico,FW,23,1997,2.55,15.17,19.67,77.63,189.58,19.24,10.35,12.87,81.33,2.78,3.53,77.75,0.75,1.55,49.99,-0.01,0.13,0.06,0.79,0.45,0.06,0.04,-0.09,Tournament,2021
273,X. James,Mico,FW,26,1994,3.21,20.03,29.61,67.27,267.38,61.73,13.59,16.74,81.82,3.69,7.37,49.97,1.12,2.65,44.35,0.04,0.08,-0.15,2.11,0.94,0.63,0.32,0.61,Tournament,2021
274,M. Ogbonna,Mico,FWMF,21,1999,0.35,42.46,47.42,89.55,699.97,110.05,24.9,27.44,90.89,15.0,17.42,85.76,2.4,2.41,99.91,0.02,0.34,-0.33,2.42,2.44,0.01,0.01,2.46,Tournament,2021
275,U. Nafula,Mico,FWMF,29,1991,6.25,22.22,29.32,75.63,326.67,62.07,12.43,14.6,84.8,7.91,9.52,83.25,0.89,2.77,35.25,-0.09,0.11,-0.13,1.35,1.31,0.73,0.02,1.98,Tournament,2021
276,S. Zandamela,Mico,GK,34,1986,6.21,16.81,24.81,67.4,700.65,488.0,2.07,2.09,99.98,4.19,4.06,100.01,10.69,18.68,56.71,0.08,-0.06,-0.02,0.08,0.56,-0.07,0.09,0.05,Tournament,2021
277,A. Kiss,Mico,MF,25,1995,6.35,53.76,63.28,84.76,1049.49,249.87,20.06,21.64,92.02,25.11,28.67,87.87,7.87,11.89,65.21,0.46,0.03,0.38,1.37,5.98,1.72,0.16,6.32,Tournament,2021
278,H. Ferraro,Mico,MF,26,1994,1.86,50.09,55.67,90.0,827.83,204.32,25.0,27.24,91.83,19.49,20.66,94.64,4.47,4.97,88.84,0.02,0.12,-0.09,0.57,2.25,0.63,-0.01,3.37,Tournament,2021
279,J. Dubois,Mico,MF,28,1992,0.59,43.95,60.06,73.27,901.99,169.95,17.96,18.08,99.95,11.95,14.01,85.73,12.01,26.07,46.17,-0.03,0.23,-0.15,3.96,2.06,-0.05,-0.04,1.92,Tournament,2021
280,O. Lakot,Mico,MF,29,1991,5.15,38.7,49.21,78.87,714.46,170.35,18.94,21.69,88.24,14.33,15.98,90.01,5.11,9.25,55.24,0.05,-0.01,-0.04,0.76,3.94,1.47,0.84,3.1,Tournament,2021
281,B. Owor,Mico,MFFW,20,2000,3.5,25.56,34.23,74.73,430.69,123.53,13.69,15.21,89.17,9.5,13.96,68.08,2.59,3.35,75.07,0.37,0.14,0.11,1.73,3.0,1.9,0.51,4.22,Tournament,2021
282,Q. Ili?,Mico,MFFW,25,1996,1.62,56.35,74.91,74.95,1146.86,263.89,26.35,29.49,89.31,18.77,23.07,81.03,11.28,21.89,51.41,0.54,0.08,0.59,1.35,2.51,2.58,0.56,5.57,Tournament,2021
283,C. Imalingat,New Uwi,DF,23,1998,2.93,33.09,43.08,76.68,709.23,337.01,13.38,14.21,92.99,12.73,13.35,95.0,6.08,13.64,43.94,-0.05,-0.02,-0.1,0.06,0.96,0.03,0.03,1.41,Tournament,2021
284,G. Lambert,New Uwi,DF,26,1994,3.07,17.22,27.33,63.4,299.09,114.2,7.02,7.1,100.0,7.23,11.35,64.78,1.6,6.94,23.77,-0.04,0.06,0.09,-0.08,0.9,0.03,0.09,0.61,Tournament,2021
285,H. Yong,New Uwi,DF,28,1992,2.97,24.93,29.24,85.22,570.07,165.71,6.1,6.3,94.69,14.96,15.67,95.63,3.91,7.04,57.06,-0.03,-0.03,-0.02,0.0,0.24,-0.01,-0.1,0.72,Tournament,2021
286,R. Yakubu,New Uwi,DF,30,1990,2.97,21.49,31.48,68.12,325.92,156.56,10.62,11.78,91.23,10.03,14.55,68.96,-0.06,2.42,-0.09,-0.06,-0.04,-0.03,0.01,0.76,-0.09,-0.09,1.4,Tournament,2021
287,O. Kobugabe,New Uwi,DFMF,30,1991,2.33,22.15,27.47,81.05,347.81,181.7,12.51,14.85,85.28,8.72,9.94,87.1,0.83,1.83,49.96,0.05,-0.04,-0.08,0.4,0.46,0.37,-0.03,2.11,Tournament,2021
288,W. Dickson,New Uwi,DFMF,32,1988,1.06,25.43,39.04,65.0,584.48,313.51,7.27,10.81,66.67,9.91,13.68,73.31,7.19,12.71,57.18,0.1,0.04,-0.12,0.92,1.89,1.76,1.84,1.75,Tournament,2021
289,G. Acheampong,New Uwi,FW,23,1997,2.72,12.19,17.71,68.9,183.67,55.83,8.09,10.42,78.63,3.01,4.14,72.74,0.78,1.58,49.91,0.27,0.04,0.24,1.45,0.75,0.75,0.08,1.17,Tournament,2021
290,P. Mutyaba,New Uwi,FW,33,1987,0.85,13.86,17.41,78.69,187.56,0.01,7.59,10.03,74.99,4.96,4.95,100.05,0.03,-0.04,,0.04,-0.1,0.05,0.07,-0.07,-0.03,-0.07,-0.04,Tournament,2021
291,W. Takata,New Uwi,FW,20,2000,0.21,16.72,19.96,83.4,119.91,16.7,16.7,16.73,100.02,-0.07,0.09,,0.07,3.41,0.08,0.01,0.08,-0.1,0.07,-0.04,0.01,0.08,0.05,Tournament,2021
292,X. Hofer,New Uwi,FW,33,1987,2.14,8.22,14.16,58.1,142.75,55.88,4.6,5.54,83.23,1.73,3.22,57.07,1.38,2.32,59.99,0.89,0.14,0.81,0.35,0.48,0.5,0.08,1.44,Tournament,2021
293,Z. Tuhirirwe,New Uwi,FWDF,24,1996,0.06,70.03,79.9,87.51,1289.97,140.1,30.0,29.93,100.07,10.06,20.02,49.92,20.09,20.07,100.1,0.03,0.08,0.04,-0.03,0.09,-0.08,-0.04,0.02,Tournament,2021
294,E. Tushemereirwe,New Uwi,GK,30,1990,3.08,26.92,34.06,79.33,637.65,291.67,9.33,9.36,99.93,11.7,11.67,100.09,5.7,12.27,45.85,0.06,0.05,-0.05,0.03,0.0,0.07,0.04,0.02,Tournament,2021
295,E. Nakirijja,New Uwi,MF,21,1999,2.41,23.9,27.29,88.15,363.29,84.01,12.42,13.65,91.18,10.06,10.74,92.64,0.86,1.2,66.69,-0.05,-0.02,0.0,1.3,2.87,0.38,0.0,1.97,Tournament,2021
296,H. Caruso,New Uwi,MF,30,1990,0.0,30.0,49.94,60.01,420.03,0.02,19.95,30.02,66.67,9.94,19.93,49.91,0.06,-0.09,,0.04,-0.02,-0.02,0.08,-0.04,0.0,-0.1,-0.03,Tournament,2021
297,L. Berg,New Uwi,MF,25,1995,2.93,29.99,35.66,84.15,522.78,167.34,14.2,16.35,87.82,11.63,12.98,89.71,2.95,4.58,64.26,-0.05,-0.1,-0.01,0.43,1.04,-0.03,0.08,1.32,Tournament,2021
298,R. Nakiru,New Uwi,MF,31,1990,0.01,1.08,2.91,33.38,28.97,6.99,0.09,0.01,,1.03,1.03,100.03,-0.04,2.03,-0.03,-0.06,-0.04,0.05,-0.07,1.07,-0.09,0.07,0.1,Tournament,2021
299,U. Lefebvre,New Uwi,MF,26,1994,2.74,15.97,21.81,72.86,263.32,58.04,7.78,10.08,77.78,6.38,7.45,85.08,1.05,2.66,42.91,-0.03,0.04,0.05,0.8,0.73,-0.04,0.02,0.37,Tournament,2021
300,U. Rahmawati,New Uwi,MF,33,1988,0.28,4.97,5.07,99.92,55.03,-0.01,5.02,5.03,100.0,0.09,-0.02,,0.03,-0.09,,0.06,-0.1,0.0,-0.08,-0.06,-0.07,0.06,0.01,Tournament,2021
301,E. Naik,Nganion,DF,20,2001,2.79,98.88,102.96,96.13,2171.31,499.6,18.52,18.57,100.03,65.75,67.08,97.91,14.6,17.08,85.35,0.03,-0.03,0.09,-0.05,4.57,-0.04,0.06,5.08,Tournament,2021
302,J. Khoh,Nganion,DF,26,1995,2.64,89.21,98.46,90.54,1403.71,397.03,45.21,47.8,94.52,35.65,38.82,91.48,5.66,7.12,78.92,-0.07,0.21,-0.05,1.83,6.62,2.6,0.75,8.49,Tournament,2021
303,J. Wulandari,Nganion,DF,26,1994,7.06,90.97,96.03,94.69,2087.34,613.23,18.03,18.3,97.71,55.3,57.01,97.08,17.39,20.13,86.42,0.03,0.05,-0.13,0.2,9.21,0.25,0.03,5.19,Tournament,2021
304,Q. Namazzi,Nganion,DF,25,1995,0.88,57.44,62.56,92.05,1082.42,217.52,21.21,21.27,100.09,29.93,32.49,92.27,5.07,7.51,66.8,0.06,-0.06,-0.04,0.05,2.57,1.17,1.21,1.3,Tournament,2021
305,S. Namugere,Nganion,DF,31,1989,4.39,63.31,72.38,87.7,1139.94,382.28,25.73,27.92,91.81,33.47,37.43,89.09,4.25,5.7,76.03,-0.07,0.12,-0.13,0.85,7.22,0.65,0.22,6.2,Tournament,2021
306,V. Nazziwa,Nganion,DF,31,1989,6.17,81.33,94.97,85.64,1386.63,443.98,39.87,43.09,92.57,33.18,38.66,85.76,7.35,10.27,70.37,0.2,0.16,-0.11,1.71,7.82,2.49,0.87,7.02,Tournament,2021
307,Z. Hribar,Nganion,DF,24,1997,4.16,96.97,102.84,94.14,2121.1,567.55,25.24,26.18,96.42,53.98,56.12,96.14,17.16,19.71,86.69,0.29,0.09,0.12,0.48,8.1,0.08,-0.02,4.92,Tournament,2021
308,D. Nasser,Nganion,DFFW,25,1996,0.21,70.03,80.08,87.53,1310.0,89.91,34.94,35.08,99.99,25.05,24.9,99.99,10.05,15.04,66.62,0.05,0.06,-0.03,-0.05,-0.08,-0.05,0.0,-0.01,Tournament,2021
309,B. Male,Nganion,FW,23,1997,1.84,43.14,51.51,83.71,754.72,172.1,21.1,24.17,87.0,15.75,16.71,93.86,5.85,7.82,73.27,-0.05,0.43,-0.47,3.21,1.63,1.66,0.6,4.21,Tournament,2021
310,G. Owusu,Nganion,FW,28,1992,5.0,23.69,28.3,83.02,379.74,28.8,12.43,14.56,84.93,5.58,6.84,82.48,3.28,3.65,88.89,0.02,0.15,-0.05,0.84,0.54,0.52,-0.03,1.33,Tournament,2021
311,J. Chou,Nganion,FW,28,1992,3.06,30.39,40.53,74.62,447.17,98.13,19.47,21.91,88.14,9.27,11.83,78.41,1.59,3.85,41.62,0.56,0.13,0.65,0.93,0.88,2.3,-0.02,4.22,Tournament,2021
312,J. Pedro,Nganion,FW,22,1998,4.16,34.32,47.04,72.8,536.37,123.64,20.94,25.07,83.76,8.85,12.02,72.51,3.17,6.26,49.94,0.66,0.45,0.28,2.46,1.18,1.43,0.94,2.42,Tournament,2021
313,K. Mukwaya,Nganion,FW,20,2000,4.15,28.73,36.81,78.14,438.55,97.89,16.53,19.35,86.13,8.48,10.42,81.37,2.14,4.57,47.37,0.2,0.12,0.02,0.97,1.07,2.23,1.51,2.49,Tournament,2021
314,R. Ssembatya,Nganion,FW,28,1992,2.79,41.44,54.26,76.31,618.51,143.99,23.97,27.84,85.96,15.06,20.05,74.9,1.76,4.56,38.47,0.33,0.55,-0.16,2.1,1.41,1.48,0.32,3.63,Tournament,2021
315,C. Musana,Nganion,GK,23,1997,6.93,29.69,32.09,92.49,685.87,319.92,7.61,7.47,100.02,15.93,15.96,99.13,6.25,8.55,73.23,0.04,0.0,0.06,-0.03,0.12,0.04,-0.07,-0.06,Tournament,2021
316,C. Muhammadu,Nganion,MF,24,1996,0.8,69.99,79.92,87.48,1191.28,249.91,36.39,38.77,93.48,26.33,29.93,87.55,7.44,8.79,85.67,0.05,0.04,-0.01,0.0,8.73,1.2,1.32,3.69,Tournament,2021
317,I. Aidoo,Nganion,MF,29,1991,0.83,91.37,111.22,82.03,1991.38,356.26,32.48,39.92,81.34,40.08,42.45,94.04,18.83,27.44,68.13,0.04,0.13,-0.07,2.49,7.46,1.18,-0.01,9.91,Tournament,2021
318,I. Mponda,Nganion,MF,29,1992,5.32,74.56,84.86,87.85,1383.98,376.4,34.5,37.44,92.03,28.39,29.92,94.34,10.99,15.84,68.95,-0.07,0.02,-0.07,1.92,11.22,1.28,0.31,7.43,Tournament,2021
319,P. Tibesigwa,Nganion,MF,18,2002,6.92,61.3,66.63,91.82,1189.43,230.92,25.27,26.97,93.6,25.94,27.85,93.38,9.04,10.11,90.2,0.09,0.21,-0.24,1.47,9.69,1.47,0.4,6.24,Tournament,2021
320,T. Nakirijja,Nganion,MF,24,1996,2.51,72.41,77.62,93.3,1485.62,236.31,24.08,25.6,93.77,35.91,38.86,92.74,12.31,12.83,96.98,0.06,0.12,0.01,0.73,9.61,0.0,0.05,4.72,Tournament,2021
321,Z. Gholami,Nganion,MF,32,1988,4.48,66.51,73.03,91.29,1262.41,287.08,24.59,26.11,93.8,33.21,35.43,93.61,8.12,9.57,85.67,-0.08,-0.01,-0.13,1.01,7.42,0.99,0.09,6.85,Tournament,2021
322,A. Nangobi,Ngoque Blicri,DF,29,1991,2.42,34.17,36.62,93.15,660.01,112.43,9.91,11.28,88.92,20.39,20.83,98.09,2.91,3.83,77.81,-0.04,0.08,0.06,0.01,-0.07,0.03,0.08,0.4,Tournament,2021
323,B. Opoka,Ngoque Blicri,DF,29,1991,1.04,62.94,76.95,81.87,1526.0,383.93,12.08,12.07,99.92,39.04,42.94,90.67,11.97,19.08,63.18,-0.09,-0.03,0.06,1.07,5.91,-0.04,0.05,2.95,Tournament,2021
324,K. Ray,Ngoque Blicri,DF,19,2001,0.15,90.07,109.95,81.88,1269.94,260.06,60.02,59.91,99.94,29.99,50.07,59.96,-0.05,-0.03,,-0.03,-0.06,0.04,-0.04,0.07,0.02,-0.09,-0.06,Tournament,2021
325,M. Tumuramye,Ngoque Blicri,DF,26,1994,2.98,39.31,54.62,72.03,849.37,309.21,11.91,12.97,92.39,18.77,22.99,81.21,7.32,16.09,45.8,-0.05,0.39,-0.31,2.99,3.04,2.08,1.58,3.73,Tournament,2021
326,M. Vaknin,Ngoque Blicri,DF,28,1992,2.79,26.4,38.97,67.85,594.25,213.13,8.27,8.55,95.75,11.86,18.95,62.28,6.07,9.37,65.36,0.07,0.09,-0.05,1.05,1.76,0.68,0.29,2.95,Tournament,2021
327,Q. Aini,Ngoque Blicri,DF,23,1997,2.0,34.94,43.95,79.59,921.04,234.91,6.45,8.07,81.36,18.54,21.05,88.02,10.08,15.01,66.71,-0.06,-0.03,-0.09,0.58,3.56,0.93,0.6,2.07,Tournament,2021
328,T. Sántos,Ngoque Blicri,DF,25,1995,0.77,25.68,31.37,81.75,568.64,225.79,5.73,5.76,99.97,14.21,15.66,90.87,5.67,8.67,66.79,-0.03,0.07,0.0,0.01,1.45,1.34,0.01,2.91,Tournament,2021
329,Z. Khan,Ngoque Blicri,DF,24,1996,0.51,23.34,28.25,82.43,551.7,133.29,4.99,4.99,100.01,11.6,15.01,77.89,6.65,8.43,79.94,0.08,0.01,0.04,0.1,1.71,-0.06,0.02,1.67,Tournament,2021
330,Z. Singini,Ngoque Blicri,DF,29,1991,0.1,30.09,50.08,60.01,380.0,160.08,19.92,19.91,99.95,10.0,19.94,49.99,-0.09,10.05,-0.03,0.08,-0.09,0.01,0.06,0.07,0.01,0.01,0.09,Tournament,2021
331,P. Bauri,Ngoque Blicri,DFMF,24,1996,2.92,35.31,39.99,88.36,683.01,258.06,14.9,16.76,90.03,16.04,16.99,94.04,3.64,4.98,73.36,0.01,0.1,0.1,0.03,2.27,0.08,0.07,3.95,Tournament,2021
332,D. Obeng,Ngoque Blicri,FW,24,1996,2.38,17.41,21.67,80.9,322.5,50.06,8.75,9.13,95.57,4.99,7.53,66.63,2.82,3.38,87.45,0.08,0.18,-0.21,0.75,0.8,1.33,0.37,1.62,Tournament,2021
333,H. Reiter,Ngoque Blicri,FW,25,1995,0.53,18.1,21.9,81.82,307.93,41.91,9.95,12.01,83.25,6.04,6.04,99.95,2.04,4.01,49.93,-0.07,0.13,-0.19,2.0,-0.04,4.08,0.01,3.9,Tournament,2021
334,R. Akidi,Ngoque Blicri,FW,23,1997,0.4,13.35,23.29,57.1,183.38,3.35,9.98,16.72,60.0,3.32,3.23,99.93,-0.09,0.02,,0.01,0.02,0.08,-0.05,0.04,0.0,0.02,-0.03,Tournament,2021
335,X. Salihu,Ngoque Blicri,FW,25,1995,2.81,8.22,18.3,45.34,127.87,35.11,4.86,9.22,51.94,2.77,6.28,44.34,0.29,0.67,50.1,0.01,0.11,-0.08,1.1,0.99,0.04,-0.09,0.94,Tournament,2021
336,Z. Abidin,Ngoque Blicri,GK,35,1985,2.99,22.7,38.21,59.07,920.93,712.66,1.91,1.95,100.03,9.73,9.61,100.02,10.92,26.64,41.3,0.02,-0.05,-0.02,0.07,1.3,0.08,-0.06,0.03,Tournament,2021
337,A. Lombardi,Ngoque Blicri,MF,28,1992,1.65,28.11,35.21,79.93,541.27,157.68,9.42,12.95,72.7,14.67,16.46,89.33,2.86,4.09,71.43,0.08,0.17,-0.15,1.13,3.03,2.25,0.59,5.22,Tournament,2021
338,D. Masereka,Ngoque Blicri,MF,26,1994,0.46,30.02,44.05,68.2,590.02,164.09,11.93,15.96,75.08,13.96,16.07,87.49,3.96,11.92,33.38,0.09,0.49,-0.41,2.0,1.93,2.01,2.03,2.06,Tournament,2021
339,J. Brouwer,Ngoque Blicri,MF,27,1993,2.33,36.59,39.1,93.37,687.46,107.83,13.98,14.21,97.02,18.22,19.12,95.53,4.4,5.22,83.3,0.08,0.01,-0.04,0.82,3.42,0.42,-0.02,3.12,Tournament,2021
340,Y. Diallo,Ngoque Blicri,MF,19,2001,0.77,50.06,56.36,88.93,891.38,127.6,21.24,22.45,94.33,23.71,26.28,90.4,5.05,7.56,66.75,0.03,-0.02,-0.02,-0.02,2.59,0.06,-0.03,1.22,Tournament,2021
341,Z. Cher,Ngoque Blicri,MF,26,1994,3.07,22.69,27.7,81.81,421.32,101.62,8.6,9.62,89.77,12.06,13.04,92.28,1.95,4.1,49.92,-0.08,0.15,-0.12,0.66,3.35,0.71,0.01,2.68,Tournament,2021
342,D. Balázs,Nkasland Cronestan,DF,25,1995,0.01,9.92,19.94,49.98,129.95,130.08,9.92,9.97,100.07,-0.08,10.04,-0.05,0.08,0.0,,0.03,-0.01,0.04,0.03,-0.08,-0.06,0.03,0.06,Tournament,2021
343,D. Shahar,Nkasland Cronestan,DF,24,1996,2.9,49.94,54.53,91.86,1206.16,253.03,10.2,11.38,90.93,25.49,26.54,96.19,13.32,15.42,86.75,0.08,0.1,0.05,-0.05,4.24,-0.02,-0.04,3.76,Tournament,2021
344,D. Shuaibu,Nkasland Cronestan,DF,28,1992,2.95,55.32,68.79,80.51,1065.67,426.25,19.79,23.28,84.38,29.01,33.07,87.96,6.01,10.74,56.25,0.06,-0.05,0.07,-0.01,6.71,1.93,0.72,6.37,Tournament,2021
345,E. Hämäläinen,Nkasland Cronestan,DF,31,1989,0.81,45.05,56.23,80.04,827.43,202.58,20.01,19.99,99.96,17.44,21.32,82.35,7.46,15.04,50.08,1.17,0.24,1.04,2.47,2.45,2.43,1.22,3.7,Tournament,2021
346,K. Twinomujuni,Nkasland Cronestan,DF,22,1999,1.63,18.79,34.2,55.27,337.02,135.37,10.62,14.0,74.9,6.45,11.26,57.95,1.81,4.71,37.41,-0.09,-0.06,-0.03,0.1,1.78,0.61,0.65,1.84,Tournament,2021
347,S. Ayuba,Nkasland Cronestan,DF,22,1998,2.61,38.43,49.61,77.6,550.78,205.68,24.11,27.34,87.8,11.2,15.81,69.81,2.61,5.26,49.98,0.37,0.09,0.27,1.76,1.75,1.1,0.78,4.46,Tournament,2021
348,Y. Meyer,Nkasland Cronestan,DF,32,1988,2.91,39.92,46.94,85.04,886.63,230.65,7.33,8.77,84.69,28.4,30.29,93.43,4.25,7.67,56.54,-0.1,0.06,-0.02,0.35,1.61,0.02,0.06,2.99,Tournament,2021
349,L. Friedrich,Nkasland Cronestan,DFFW,25,1995,0.96,45.65,54.45,83.62,755.6,250.03,27.83,30.09,92.6,13.34,15.51,85.77,4.4,5.48,80.09,1.12,0.74,0.37,5.57,-0.04,6.65,4.43,3.36,Tournament,2021
350,I. Kyohairwe,Nkasland Cronestan,FW,28,1992,0.23,19.95,20.02,100.06,390.1,36.64,9.99,10.08,100.0,3.26,3.34,99.97,3.36,3.37,100.0,-0.05,0.1,0.09,-0.09,0.06,-0.05,-0.08,-0.05,Tournament,2021
351,S. Y?lmaz,Nkasland Cronestan,FW,32,1988,2.96,15.39,22.6,67.5,263.29,61.68,6.25,9.06,70.45,6.3,7.67,82.58,1.66,3.42,50.03,0.07,0.0,-0.18,0.92,1.34,0.93,0.02,1.24,Tournament,2021
352,V. Yang,Nkasland Cronestan,FWMF,17,2003,0.55,25.0,29.93,83.33,494.95,165.01,11.61,11.68,99.94,10.05,11.64,85.77,3.27,3.33,99.91,0.08,0.07,0.04,-0.03,1.7,-0.09,0.04,1.64,Tournament,2021
353,Y. Beh,Nkasland Cronestan,FWMF,24,1997,1.87,10.5,17.77,59.47,192.11,15.09,5.06,7.2,69.18,3.8,6.04,63.64,1.58,3.9,42.86,-0.06,-0.04,0.04,0.49,0.63,0.52,-0.05,0.65,Tournament,2021
354,J. Vásquez,Nkasland Cronestan,GK,30,1990,2.93,13.04,22.08,59.18,490.09,343.7,1.28,1.43,100.06,5.07,5.04,100.01,6.73,15.61,42.56,-0.01,-0.01,0.02,0.04,0.41,-0.01,-0.05,-0.04,Tournament,2021
355,D. Kikuchi,Nkasland Cronestan,MF,21,1999,0.9,13.91,22.9,60.9,384.07,127.98,3.91,5.03,80.08,5.04,6.97,71.46,5.0,9.96,49.91,0.03,0.26,-0.14,1.02,1.94,0.0,-0.1,1.91,Tournament,2021
356,O. Kraus,Nkasland Cronestan,MF,30,1990,2.28,36.06,51.68,69.8,548.37,115.68,19.96,23.5,85.23,11.74,14.76,79.34,3.13,9.07,33.26,-0.08,0.17,-0.05,0.4,3.51,0.46,0.47,1.69,Tournament,2021
357,S. Greco,Nkasland Cronestan,MF,22,1998,0.02,50.06,120.06,41.69,799.91,530.0,29.91,29.93,100.05,19.99,29.96,66.62,-0.09,29.98,-0.09,0.04,1.02,-0.94,10.08,-0.01,0.09,-0.1,10.04,Tournament,2021
358,Y. Almutairi,Nkasland Cronestan,MF,25,1995,0.96,28.88,36.79,78.78,472.22,109.99,14.45,19.98,72.24,12.21,13.31,91.62,2.29,2.28,99.91,-0.04,0.06,-0.05,2.14,3.27,-0.09,-0.09,1.11,Tournament,2021
359,Q. Liang,Nkasland Cronestan,MFFW,26,1994,2.82,34.5,46.57,74.13,563.79,197.85,19.98,22.07,90.58,9.7,12.45,77.81,3.85,9.32,40.64,0.31,0.22,0.12,2.7,3.15,1.76,0.36,2.37,Tournament,2021
360,X. Nyombi,Nkasland Cronestan,MFFW,31,1990,1.46,42.72,55.97,76.19,755.33,229.96,21.33,24.8,86.48,18.04,23.93,74.93,3.43,7.26,45.43,0.01,-0.07,0.07,0.0,3.91,1.36,0.02,4.75,Tournament,2021
361,A. Kamusiime,People's Land of Maneau,DF,30,1990,3.18,45.52,60.25,75.61,884.05,327.75,18.42,19.42,95.17,19.73,24.75,79.76,6.63,14.03,46.77,0.38,0.04,0.15,1.56,3.43,1.48,0.73,2.55,Tournament,2021
362,C. Muyama,People's Land of Maneau,DF,25,1995,6.45,51.32,62.2,82.78,855.82,320.86,26.08,28.23,92.39,19.43,22.96,84.99,4.58,7.54,60.36,0.4,0.28,0.28,1.44,1.95,1.48,0.41,4.29,Tournament,2021
363,K. Mirkovi?,People's Land of Maneau,DF,27,1993,2.17,54.76,59.95,91.31,1277.04,379.05,11.09,10.96,100.03,31.98,31.89,100.09,11.84,16.75,71.37,0.01,0.1,-0.02,0.49,1.35,-0.05,-0.07,0.52,Tournament,2021
364,M. As,People's Land of Maneau,DF,26,1994,7.57,59.21,62.52,94.74,1284.38,332.55,14.13,14.67,96.31,34.63,35.75,97.06,10.38,11.98,85.7,0.01,-0.06,0.07,0.08,2.74,-0.06,0.02,2.04,Tournament,2021
365,O. Atim,People's Land of Maneau,DF,30,1990,6.7,51.54,59.7,86.56,1021.84,299.92,18.79,20.38,92.1,25.49,27.01,94.42,6.86,10.84,63.05,-0.02,0.04,0.05,0.24,4.52,0.3,0.07,2.18,Tournament,2021
366,U. Wright,People's Land of Maneau,DF,27,1993,5.79,58.7,64.34,91.08,1322.82,378.26,12.0,12.81,93.12,36.54,38.54,94.47,9.89,12.49,78.87,0.07,0.0,-0.06,0.17,6.32,0.31,0.08,3.41,Tournament,2021
367,V. Thompson,People's Land of Maneau,DF,21,1999,1.03,86.02,88.03,97.7,1499.99,448.05,36.07,37.09,97.25,46.96,46.98,100.05,2.99,4.03,74.94,-0.02,0.35,-0.24,1.92,5.04,1.06,0.91,11.08,Tournament,2021
368,G. Dijkstra,People's Land of Maneau,FW,19,2001,2.92,23.02,29.97,76.76,376.73,40.69,11.09,13.08,84.63,8.07,9.42,85.67,2.32,4.42,53.88,0.02,-0.04,0.02,-0.09,0.61,0.76,-0.06,1.01,Tournament,2021
369,L. Malinga,People's Land of Maneau,FW,20,2000,1.07,40.95,44.6,91.77,545.4,92.7,21.83,23.52,92.33,12.79,14.5,87.52,1.74,1.87,100.03,-0.06,-0.04,0.02,0.0,1.81,1.78,-0.08,2.71,Tournament,2021
370,N. Ono,People's Land of Maneau,FW,23,1997,0.17,10.04,15.01,66.67,124.98,0.08,10.08,10.04,100.07,0.09,5.03,0.01,0.08,0.08,,-0.08,0.07,0.01,-0.08,0.0,0.06,-0.08,-0.1,Tournament,2021
371,T. Ichikawa,People's Land of Maneau,FW,23,1997,1.04,32.02,38.93,82.18,510.98,71.01,18.93,21.05,90.49,6.93,9.0,77.77,4.99,6.91,71.33,0.09,0.04,0.04,-0.01,2.01,0.0,-0.04,1.93,Tournament,2021
372,Z. binti Zakaria,People's Land of Maneau,FW,27,1993,7.23,16.03,22.88,70.68,281.52,52.25,7.62,10.04,76.46,4.81,7.13,65.49,2.13,3.0,68.28,0.06,0.05,-0.04,0.78,1.7,0.47,-0.05,2.12,Tournament,2021
373,J. Singini,People's Land of Maneau,FWMF,20,2000,1.76,35.0,41.63,83.98,629.34,71.66,14.9,14.91,100.02,13.39,16.09,82.83,5.63,7.87,71.39,0.0,0.12,0.03,1.66,0.58,0.06,0.08,0.65,Tournament,2021
374,K. Namuwaya,People's Land of Maneau,FWMF,25,1995,2.02,32.0,38.51,83.01,470.97,88.55,17.99,20.06,90.06,13.43,14.95,89.95,0.4,1.96,25.08,0.91,0.44,0.47,2.56,1.93,2.48,-0.05,4.46,Tournament,2021
375,T. Aguti,People's Land of Maneau,FWMF,26,1994,7.14,23.74,28.55,83.13,318.96,57.55,14.99,16.81,89.12,7.92,9.07,86.24,0.18,1.15,24.97,0.23,0.16,0.09,0.42,0.81,1.21,0.2,1.75,Tournament,2021
376,X. Neri,People's Land of Maneau,GK,26,1994,7.67,21.56,33.35,64.68,674.73,404.58,4.81,4.91,99.93,8.0,8.26,95.4,8.75,20.34,43.53,0.07,0.0,-0.02,0.03,0.44,0.09,0.06,0.06,Tournament,2021
377,A. Ono,People's Land of Maneau,MF,17,2003,0.69,29.99,36.64,81.8,533.26,58.25,15.03,16.76,90.04,11.78,13.34,87.44,3.25,3.41,99.91,-0.04,-0.01,0.08,0.07,-0.02,0.06,-0.02,0.03,Tournament,2021
378,C. Saad,People's Land of Maneau,MF,25,1995,7.38,39.98,45.96,86.8,782.56,125.34,14.28,15.88,89.88,20.31,20.83,96.82,4.75,7.7,61.4,0.15,0.08,0.12,0.38,2.88,0.77,0.08,2.07,Tournament,2021
379,H. Twongirwe,People's Land of Maneau,MF,30,1990,1.62,59.44,69.46,85.57,1075.88,238.13,22.82,25.97,88.53,31.23,34.11,91.45,4.78,8.8,53.27,-0.03,0.08,-0.03,-0.09,5.97,1.11,-0.01,5.32,Tournament,2021
380,I. Iddrisu,People's Land of Maneau,MF,22,1999,6.0,49.68,53.53,92.63,990.75,176.86,14.64,15.71,93.57,28.1,29.46,95.47,5.86,7.13,83.37,0.07,0.08,-0.04,0.14,4.96,0.36,0.05,3.09,Tournament,2021
381,O. Nampeera,People's Land of Maneau,MF,22,1999,5.03,29.16,36.01,81.06,448.07,134.98,15.18,15.95,95.14,8.36,10.31,81.17,3.04,5.13,57.65,0.04,0.18,-0.13,1.82,1.34,1.41,0.08,2.38,Tournament,2021
382,H. Arthur,Quewenia,DF,24,1996,5.68,37.89,42.07,90.01,714.07,216.94,12.94,14.19,91.36,20.92,21.58,96.77,4.01,5.73,69.64,-0.01,-0.03,-0.09,0.05,2.1,0.06,-0.06,1.22,Tournament,2021
383,K. Oloya,Quewenia,DF,29,1992,0.15,30.07,59.93,49.96,310.06,189.91,20.06,30.01,66.71,9.93,10.07,99.99,-0.06,-0.05,,-0.01,0.08,-0.1,0.05,-0.07,-0.07,0.02,0.05,Tournament,2021
384,L. Kule,Quewenia,DF,27,1993,3.35,38.81,47.83,80.92,605.73,251.47,22.06,24.23,91.26,13.32,15.54,86.4,2.33,5.42,44.33,0.0,-0.07,-0.07,-0.03,2.4,0.64,0.0,2.7,Tournament,2021
385,Q. Yadav,Quewenia,DF,25,1995,5.76,45.75,50.32,90.93,944.07,353.41,14.18,14.93,95.27,24.57,25.38,96.57,6.17,8.36,72.98,0.02,-0.02,-0.01,0.21,2.56,0.17,0.09,3.21,Tournament,2021
386,T. Candia,Quewenia,DF,28,1992,5.27,42.45,52.74,80.41,848.71,359.55,17.21,17.89,95.82,18.39,21.67,84.3,6.41,11.88,54.09,-0.08,0.13,-0.14,1.91,3.67,1.18,0.47,4.83,Tournament,2021
387,W. Okeke,Quewenia,DF,25,1995,2.32,28.26,41.72,68.03,582.54,214.62,9.93,12.45,79.98,12.57,17.19,73.16,5.04,7.84,63.15,0.43,0.23,0.21,1.29,3.39,1.64,0.41,4.25,Tournament,2021
388,J. Anguko,Quewenia,DFFW,29,1991,3.24,30.34,39.18,77.69,466.66,120.36,17.11,19.2,90.26,11.68,14.5,80.49,1.25,3.68,33.23,1.35,0.24,1.0,1.91,1.27,0.87,0.66,2.11,Tournament,2021
389,M. Nabukwasi,Quewenia,DFMF,29,1991,2.04,52.94,61.08,86.64,1226.24,323.24,13.32,13.28,99.96,28.53,30.52,93.76,11.0,14.75,74.12,0.0,0.08,0.02,0.05,4.81,0.44,-0.02,2.81,Tournament,2021
390,G. Were,Quewenia,FW,28,1992,4.27,15.98,22.03,72.0,217.91,45.64,8.48,11.82,71.99,6.12,7.95,78.84,0.16,0.48,50.1,-0.03,0.14,-0.15,1.44,0.41,0.87,-0.04,1.85,Tournament,2021
391,M. Mathieu,Quewenia,FW,23,1997,4.03,21.12,26.77,79.07,332.08,86.77,11.96,14.02,84.48,7.23,8.45,85.79,1.44,2.2,66.73,-0.1,0.15,-0.08,1.56,0.5,1.46,-0.05,2.05,Tournament,2021
392,G. Odoch,Quewenia,FWMF,22,1998,1.9,23.69,31.12,76.22,362.51,95.8,13.64,15.23,89.7,7.86,9.5,83.32,2.08,5.87,36.3,0.02,0.04,-0.02,1.01,1.0,0.56,-0.1,1.54,Tournament,2021
393,H. Kurnia,Quewenia,FWMF,31,1989,1.65,13.42,18.28,74.13,178.82,24.15,7.73,9.36,81.23,4.11,5.84,69.95,0.53,0.61,99.94,0.0,0.13,-0.17,1.22,1.26,0.04,0.0,0.68,Tournament,2021
394,V. Nyakudya,Quewenia,FWMF,27,1993,0.89,10.06,23.78,42.01,172.54,42.52,3.72,6.29,59.97,3.77,12.54,29.94,1.31,3.75,33.21,-0.07,-0.05,-0.08,-0.08,-0.08,-0.09,0.08,0.09,Tournament,2021
395,Z. Uy,Quewenia,FWMF,29,1991,0.37,50.08,62.43,80.08,655.09,184.99,35.03,42.46,82.45,9.91,10.08,99.96,2.52,2.55,99.93,0.02,-0.07,0.02,-0.08,5.06,-0.06,0.04,2.54,Tournament,2021
396,R. Yiga,Quewenia,GK,32,1988,5.74,24.01,31.02,77.37,720.63,469.4,5.2,5.26,99.96,8.77,8.93,97.91,9.76,16.76,58.92,0.09,0.05,-0.06,-0.02,-0.07,-0.09,0.01,0.08,Tournament,2021
397,H. Adjei,Quewenia,MF,28,1992,5.19,43.82,48.72,89.97,764.4,202.2,20.48,21.69,94.55,18.98,20.0,95.07,4.36,6.17,68.84,0.13,0.15,0.05,0.95,3.49,0.49,-0.04,3.72,Tournament,2021
398,K. Abalo,Quewenia,MF,28,1992,4.36,66.2,73.21,90.54,1262.35,362.91,27.64,30.14,91.54,29.17,30.8,94.75,9.15,10.93,82.91,0.23,0.12,0.26,1.13,8.14,1.11,0.08,6.77,Tournament,2021
399,O. Obeng,Quewenia,MF,24,1996,1.31,15.72,20.1,78.66,245.72,69.21,7.21,7.23,100.07,7.16,9.99,71.34,-0.07,1.42,0.07,-0.08,-0.03,-0.06,-0.1,1.5,0.09,-0.1,2.08,Tournament,2021
400,Q. Nakityo,Quewenia,MF,29,1991,4.07,29.33,40.47,72.37,632.13,137.76,12.7,14.6,86.66,10.56,14.05,74.12,6.06,11.59,53.12,0.34,0.26,-0.01,2.51,3.23,1.27,0.16,3.39,Tournament,2021
401,Q. Ow,Quewenia,MF,23,1997,0.6,13.98,27.99,49.98,237.99,48.02,6.08,11.96,50.08,8.09,8.09,100.07,0.08,3.93,0.06,-0.08,-0.02,-0.08,0.02,0.03,0.0,-0.03,0.05,Tournament,2021
402,C. Alanazi,Sobianitedrucy,DF,32,1988,2.55,61.44,64.59,95.17,1186.49,340.71,26.46,26.9,98.57,23.48,24.27,96.81,10.5,12.25,84.42,0.42,0.09,0.2,1.14,5.29,0.04,0.04,5.32,Tournament,2021
403,L. Yulianti,Sobianitedrucy,DF,33,1987,7.49,55.87,63.59,87.95,1354.42,481.59,11.5,11.77,97.62,28.79,30.02,95.91,14.52,20.45,71.26,-0.08,0.05,-0.12,0.3,4.14,0.21,0.08,3.14,Tournament,2021
404,M. Ayebazibwe,Sobianitedrucy,DF,27,1993,6.49,46.09,53.19,86.66,837.6,340.92,20.14,21.52,93.51,19.76,21.79,90.0,5.18,7.46,68.72,0.06,0.09,0.01,0.55,5.12,0.96,0.24,3.87,Tournament,2021
405,R. Bogere,Sobianitedrucy,DF,36,1984,4.97,58.63,63.99,91.77,1104.19,281.44,21.22,22.26,95.42,29.37,30.66,96.01,6.76,9.54,70.14,-0.01,-0.04,-0.01,0.16,3.55,0.02,0.0,2.3,Tournament,2021
406,S. Kamoga,Sobianitedrucy,DF,21,1999,0.93,77.92,82.99,93.98,1560.06,404.91,25.97,26.02,99.99,37.03,37.96,97.42,12.06,15.01,79.91,0.02,0.32,-0.4,2.94,3.05,1.07,1.01,4.07,Tournament,2021
407,T. Neves,Sobianitedrucy,DF,29,1991,0.47,96.1,114.03,84.19,1851.99,551.92,35.96,42.08,85.76,48.06,49.92,96.06,10.02,19.99,49.98,-0.02,-0.03,0.06,-0.09,6.07,-0.07,-0.01,4.03,Tournament,2021
408,V. bin Ali,Sobianitedrucy,DF,26,1994,3.25,41.97,47.77,87.59,607.16,168.33,23.32,25.32,92.59,16.37,18.75,86.64,0.86,1.63,59.92,-0.02,0.03,0.03,0.54,1.98,0.28,0.01,2.23,Tournament,2021
409,Y. Opio,Sobianitedrucy,DF,30,1990,1.78,43.21,52.3,83.09,842.8,269.46,15.66,16.72,93.38,22.79,26.03,87.15,4.99,8.4,60.03,0.63,0.01,0.54,1.02,6.11,-0.02,0.0,4.5,Tournament,2021
410,Y. Vitali,Sobianitedrucy,DF,27,1993,4.28,44.56,51.32,86.59,676.02,207.03,23.0,24.91,92.32,16.28,18.4,88.2,2.89,4.04,70.63,0.56,0.1,0.35,1.88,4.24,1.39,0.96,3.65,Tournament,2021
411,B. Sah,Sobianitedrucy,FW,30,1990,4.92,20.8,26.1,79.78,299.73,30.63,11.04,13.12,84.48,6.14,7.59,81.13,1.61,2.48,66.66,0.15,0.16,0.0,0.66,0.91,0.9,0.08,1.45,Tournament,2021
412,E. Zacarias,Sobianitedrucy,FW,27,1993,2.33,9.11,13.82,66.64,137.94,14.2,5.51,6.76,81.21,2.14,3.79,55.52,0.76,1.22,66.76,0.07,-0.04,0.1,0.43,0.04,0.47,0.02,0.88,Tournament,2021
413,G. Chimwaza,Sobianitedrucy,FW,20,2000,0.14,20.02,30.01,66.71,424.95,130.0,10.04,10.07,99.92,5.01,9.95,49.93,5.0,4.99,100.06,-0.07,0.02,0.01,0.06,0.01,0.01,0.0,0.1,Tournament,2021
414,P. Mlotshwa,Sobianitedrucy,FW,23,1997,4.91,17.11,22.93,74.98,252.03,57.72,9.16,11.25,81.84,5.49,7.08,77.08,1.32,2.5,49.93,0.1,0.15,-0.21,1.21,0.37,1.04,0.38,1.46,Tournament,2021
415,R. Nkosi,Sobianitedrucy,FW,29,1991,5.51,47.96,60.9,78.59,850.01,212.52,26.39,29.5,88.57,14.59,17.74,81.81,6.7,11.34,58.64,-0.04,0.18,-0.22,2.38,2.23,2.38,0.46,4.66,Tournament,2021
416,V. Golob,Sobianitedrucy,FW,26,1994,4.25,24.56,32.83,74.65,410.79,95.92,13.71,16.93,81.8,7.23,8.29,85.71,3.37,5.24,63.52,0.14,0.2,0.03,2.43,0.52,1.39,0.4,2.57,Tournament,2021
417,Y. Smit,Sobianitedrucy,FW,26,1994,1.39,22.8,36.37,62.71,297.81,89.33,17.12,17.88,96.09,4.95,9.96,49.94,0.79,5.7,12.53,0.09,0.22,-0.35,2.84,0.71,2.2,-0.01,2.09,Tournament,2021
418,A. Khainza,Sobianitedrucy,GK,21,1999,8.0,25.03,30.49,82.66,590.02,342.17,7.94,7.98,98.34,10.52,10.92,97.64,6.47,11.41,57.04,-0.1,0.0,-0.03,0.0,0.07,0.06,0.02,0.09,Tournament,2021
419,V. Guillaume,Sobianitedrucy,GK,34,1987,0.04,1.05,0.95,99.92,21.01,14.09,-0.04,-0.01,,1.06,1.06,99.99,0.05,0.09,,-0.06,-0.03,-0.02,0.0,0.09,-0.08,0.08,0.02,Tournament,2021
420,D. Sigauke,Sobianitedrucy,MF,23,1997,5.11,38.87,45.93,84.58,630.97,176.98,21.39,23.48,91.01,12.78,15.66,81.45,3.78,4.86,79.95,0.24,-0.01,0.18,1.74,3.1,1.53,0.02,5.2,Tournament,2021
421,F. Lee,Sobianitedrucy,MF,23,1998,2.98,41.1,46.36,88.59,778.04,190.61,19.76,21.3,92.28,14.37,16.68,86.06,7.07,8.28,84.07,0.09,-0.01,-0.1,1.05,4.95,-0.05,0.04,3.68,Tournament,2021
422,I. Makavan,Sobianitedrucy,MF,29,1991,7.84,62.49,66.46,94.09,1057.63,280.58,28.32,29.19,96.83,29.66,30.43,97.58,3.72,5.62,65.8,-0.07,0.02,-0.05,0.69,7.2,0.73,-0.02,4.53,Tournament,2021
423,I. Marie,Sobianitedrucy,MF,28,1992,4.44,90.46,96.69,93.6,1521.85,343.56,45.53,47.06,96.67,35.43,36.82,96.26,7.85,9.53,83.24,0.47,0.3,0.28,3.21,7.55,1.09,0.16,4.94,Tournament,2021
424,J. Hasahya,Sobianitedrucy,MF,23,1997,-0.04,2.97,3.09,100.04,31.99,0.01,3.06,2.97,100.08,-0.06,0.03,,0.03,0.04,,-0.1,0.09,-0.1,0.02,-0.04,0.03,-0.1,-0.07,Tournament,2021
425,X. Wouters,Sobianitedrucy,MF,23,1997,2.18,20.43,26.62,76.86,308.99,60.45,12.47,15.73,78.86,6.75,9.61,70.02,1.03,0.94,100.08,-0.07,-0.01,-0.13,1.36,1.94,-0.02,0.03,1.97,Tournament,2021
426,Z. Delemovi?,Sobianitedrucy,MF,25,1995,1.56,41.31,49.27,83.87,821.31,188.77,18.6,20.71,90.24,16.66,18.76,89.31,6.04,8.73,69.23,0.0,0.01,-0.04,0.65,4.66,0.09,0.04,4.02,Tournament,2021
427,A. Acheng,Southern Ristan,DF,25,1995,0.4,33.25,36.78,90.9,420.1,180.0,23.31,23.23,100.07,9.97,10.1,99.95,0.01,3.32,0.09,-0.02,-0.02,-0.02,0.03,3.36,0.01,0.02,6.57,Tournament,2021
428,F. Cho,Southern Ristan,DF,26,1994,0.79,58.86,68.79,85.55,1022.55,276.23,30.02,31.31,96.04,24.99,27.44,90.81,3.84,6.32,59.99,-0.03,-0.09,-0.01,0.01,3.77,3.76,0.03,9.97,Tournament,2021
429,H. Nyombi,Southern Ristan,DF,25,1995,1.91,74.01,78.92,93.68,1337.02,367.05,34.46,35.96,95.9,30.56,32.04,95.4,9.08,10.43,85.66,0.08,-0.04,-0.06,-0.1,7.91,0.02,-0.1,2.53,Tournament,2021
430,I. Permana,Southern Ristan,DF,27,1993,3.92,62.3,70.83,87.91,1103.83,255.59,28.5,31.04,91.86,24.8,27.39,90.79,6.91,8.47,82.48,0.02,-0.02,0.05,0.28,1.41,0.16,0.07,2.7,Tournament,2021
431,J. Kondowe,Southern Ristan,DF,29,1991,3.77,45.41,59.7,75.91,815.0,286.17,22.74,25.13,90.29,16.82,21.62,77.57,5.48,11.81,45.59,0.61,0.02,0.39,0.83,1.95,0.37,-0.07,4.35,Tournament,2021
432,L. Oroma,Southern Ristan,DF,30,1990,1.93,84.43,85.42,98.78,1955.58,523.49,15.06,15.48,96.82,52.95,53.03,99.94,16.5,16.47,99.92,-0.06,-0.05,0.0,0.43,2.42,-0.02,-0.02,1.52,Tournament,2021
433,O. Salonen,Southern Ristan,DF,31,1989,1.1,59.96,69.97,85.72,787.02,157.93,38.97,39.95,97.47,16.93,22.92,73.94,1.06,2.02,49.98,-0.07,0.09,0.03,0.95,0.98,0.95,-0.08,1.99,Tournament,2021
434,R. Auer,Southern Ristan,DF,35,1985,3.27,53.83,56.59,95.04,1087.56,264.98,14.0,15.21,91.84,32.15,32.9,98.17,6.84,7.42,91.62,-0.04,-0.1,0.06,0.06,5.38,0.26,0.1,2.19,Tournament,2021
435,W. Karlsson,Southern Ristan,DF,31,1989,3.98,66.78,76.52,87.22,1405.94,373.47,23.75,25.27,94.1,33.03,35.42,93.01,10.09,14.52,68.91,0.01,-0.01,0.06,0.07,5.54,0.84,0.06,2.48,Tournament,2021
436,X. Nakibuuka,Southern Ristan,DF,33,1987,3.74,74.12,81.21,91.23,1520.53,598.41,26.81,27.62,97.1,35.76,39.24,91.3,11.6,14.25,81.47,-0.07,-0.06,0.03,0.75,4.83,0.17,-0.01,4.04,Tournament,2021
437,X. Boateng,Southern Ristan,DFMF,26,1994,0.23,26.65,30.0,88.95,433.27,46.76,13.27,16.79,79.98,13.33,13.21,99.91,0.06,-0.01,,0.01,0.1,0.07,0.07,-0.06,-0.04,0.03,-0.07,Tournament,2021
438,B. Phillips,Southern Ristan,FW,27,1993,4.8,10.39,15.82,65.46,156.8,22.04,5.85,7.59,78.49,2.99,4.66,65.26,0.84,1.64,49.92,-0.03,0.01,-0.05,0.52,0.41,0.87,0.03,1.22,Tournament,2021
439,F. Diaz,Southern Ristan,FW,30,1990,0.11,39.93,49.94,79.91,499.98,-0.07,19.99,29.94,66.73,-0.01,0.04,,10.08,10.07,99.93,-0.1,-0.01,-0.01,0.09,0.04,0.07,-0.05,0.01,Tournament,2021
440,Y. Ruggiero,Southern Ristan,GK,28,1992,4.91,27.95,34.28,81.9,792.35,434.5,6.19,6.2,100.01,11.48,11.42,100.01,10.33,16.38,63.4,-0.06,0.04,0.06,-0.07,0.06,0.05,0.02,0.09,Tournament,2021
441,A. Lefevre,Southern Ristan,MF,29,1991,3.05,45.32,60.79,74.77,919.05,280.35,20.34,23.77,85.85,14.93,20.38,73.8,9.61,14.73,65.87,0.71,0.74,0.02,4.24,6.67,2.33,-0.08,6.6,Tournament,2021
442,B. Amin,Southern Ristan,MF,18,2002,1.83,26.71,33.27,80.04,394.41,55.68,16.11,18.93,85.29,8.84,12.17,72.65,1.64,1.57,100.01,0.1,0.16,-0.02,1.71,1.16,1.76,-0.06,1.68,Tournament,2021
443,C. Mitrovi?,Southern Ristan,MF,25,1995,1.61,45.83,52.87,86.7,831.89,97.2,21.88,23.41,92.45,19.33,21.71,89.24,4.74,7.16,66.7,-0.04,-0.04,0.02,-0.06,1.68,0.07,-0.07,0.08,Tournament,2021
444,H. Leong,Southern Ristan,MF,23,1997,3.75,48.12,56.28,85.44,902.39,209.12,19.41,21.55,90.23,21.69,24.54,88.13,5.97,7.65,79.37,0.07,0.12,-0.05,0.59,4.0,0.74,0.33,3.6,Tournament,2021
445,I. Reilly,Southern Ristan,MF,32,1989,3.35,58.79,61.45,95.65,1096.42,161.51,24.78,25.58,96.68,27.18,28.22,95.7,6.56,6.77,95.74,0.03,0.07,-0.04,0.83,3.59,-0.02,0.06,1.75,Tournament,2021
446,K. Clark,Southern Ristan,MF,33,1987,1.99,14.5,23.99,60.37,228.58,80.0,7.02,10.04,69.98,6.41,9.52,68.49,0.59,2.55,20.0,0.51,0.02,0.36,0.58,1.47,0.51,0.03,2.01,Tournament,2021
447,N. Utami,Southern Ristan,MF,30,1991,2.45,48.49,55.51,87.17,796.75,180.79,26.03,29.3,88.93,19.14,21.95,87.3,3.29,3.54,88.91,0.44,-0.02,0.28,0.83,3.68,1.17,0.34,4.82,Tournament,2021
448,O. Nalubega,Southern Ristan,MF,27,1993,1.41,24.76,31.96,77.02,386.64,81.35,15.33,16.09,95.8,5.34,7.27,72.7,2.76,6.09,44.43,-0.02,0.01,0.0,0.69,2.71,0.08,0.04,1.91,Tournament,2021
449,V. Chun,Southern Ristan,MF,28,1992,0.01,1.94,1.91,99.95,25.07,4.97,1.98,2.08,99.95,0.02,0.1,,0.07,-0.05,,-0.08,0.0,0.01,-0.05,0.1,0.04,0.02,0.09,Tournament,2021
450,X. Nakanwagi,Southern Ristan,MF,27,1993,0.22,55.07,60.1,91.7,694.94,130.05,30.06,29.91,100.09,20.03,19.91,99.94,-0.04,0.04,,0.08,-0.05,0.04,0.02,0.04,-0.1,0.05,-0.03,Tournament,2021
451,A. Ansah,Varijitri Isles,DF,22,1998,2.57,49.29,55.11,89.01,910.31,240.33,20.35,20.85,98.04,22.85,25.21,90.4,6.06,8.78,68.28,-0.01,-0.04,0.1,0.45,1.51,0.07,-0.01,1.24,Tournament,2021
452,C. Malkah,Varijitri Isles,DF,21,1999,1.3,38.35,49.12,77.96,631.63,213.36,17.45,20.71,83.9,16.62,19.2,87.06,2.41,5.05,50.01,-0.01,0.14,-0.05,0.77,2.45,0.88,0.76,5.9,Tournament,2021
453,E. Amony,Varijitri Isles,DF,25,1995,1.79,33.82,40.06,84.69,580.57,253.99,15.04,17.22,87.12,13.93,16.69,83.29,3.94,4.93,77.77,0.09,0.05,0.07,-0.08,1.65,1.05,0.56,6.67,Tournament,2021
454,L. James,Varijitri Isles,DF,23,1997,3.03,44.22,54.36,81.68,764.61,276.23,22.78,23.95,94.44,14.94,19.94,75.02,4.34,6.99,61.89,0.07,0.1,0.03,0.69,3.63,0.42,-0.06,1.65,Tournament,2021
455,M. Happy,Varijitri Isles,DF,24,1996,3.09,54.03,58.37,92.58,1107.62,448.21,20.99,21.67,96.98,24.97,25.71,97.47,7.91,10.24,77.41,0.07,0.09,-0.03,0.07,2.98,-0.03,-0.03,3.26,Tournament,2021
456,N. Rebane,Varijitri Isles,FW,35,1985,3.02,14.69,20.08,73.3,193.01,16.05,9.9,12.78,78.96,4.61,6.41,73.66,0.06,0.93,0.05,-0.03,-0.02,-0.1,1.6,0.08,0.42,0.08,0.7,Tournament,2021
457,V. Nanyonjo,Varijitri Isles,GK,24,1996,3.02,23.39,34.31,68.02,754.25,513.93,6.32,6.33,99.94,8.23,8.32,100.07,8.69,19.29,44.84,0.01,-0.02,-0.06,0.01,0.33,0.29,-0.08,0.03,Tournament,2021
458,C. Kalua,Varijitri Isles,MF,26,1994,1.6,42.07,46.61,89.94,800.71,170.0,16.03,17.24,92.22,17.23,20.64,83.82,6.7,6.67,99.99,0.09,-0.03,-0.1,-0.07,2.76,0.08,0.07,0.03,Tournament,2021
459,F. Krause,Varijitri Isles,MF,24,1996,0.14,29.94,39.95,74.92,299.98,180.08,30.05,39.96,75.06,-0.06,0.08,,-0.02,-0.05,,-0.1,0.05,-0.09,-0.05,-0.08,-0.03,0.0,0.02,Tournament,2021
460,H. Adokorach,Varijitri Isles,MF,25,1995,1.89,38.33,42.01,91.22,684.77,214.73,18.34,19.48,94.66,15.77,18.49,85.61,4.22,4.13,100.0,-0.01,0.1,-0.18,0.45,5.77,1.06,0.06,4.68,Tournament,2021
461,K. Atto,Varijitri Isles,MF,26,1994,1.85,13.92,22.8,61.01,164.32,31.15,9.95,12.14,81.82,3.28,7.18,46.17,-0.09,1.69,-0.07,-0.03,0.04,0.07,0.09,0.55,0.02,0.1,-0.06,Tournament,2021
462,K. De Boer,Varijitri Isles,MF,25,1995,1.24,41.56,51.43,80.69,667.76,112.27,23.08,24.68,93.82,13.04,15.46,84.97,3.81,7.59,49.97,0.02,0.16,0.02,3.15,2.37,0.85,0.86,1.46,Tournament,2021
463,K. Mawanda,Varijitri Isles,MF,26,1994,2.84,41.42,53.72,76.89,784.79,196.57,18.39,21.49,85.42,14.06,17.29,82.03,7.64,12.14,62.87,0.37,0.16,0.22,2.48,3.02,1.3,0.28,3.09,Tournament,2021
464,L. Nyarko,Varijitri Isles,MF,20,2000,0.14,60.03,70.1,85.68,1589.99,450.03,30.09,29.96,99.94,10.05,10.04,99.96,20.07,29.95,66.73,0.07,0.0,0.08,10.08,19.94,0.03,-0.09,10.01,Tournament,2021
465,Q. Higenyi,Varijitri Isles,MF,23,1997,2.26,23.95,30.83,77.49,445.8,130.35,11.62,14.0,84.36,7.46,8.34,89.51,3.54,6.03,57.04,0.05,0.05,-0.1,2.68,1.68,2.08,0.88,3.01,Tournament,2021
466,W. Murakami,Varijitri Isles,MF,21,1999,0.29,13.22,23.28,57.1,176.62,56.7,10.06,13.22,74.9,3.37,3.36,100.0,0.07,3.23,0.02,-0.03,-0.03,-0.04,0.01,6.57,3.29,-0.09,3.42,Tournament,2021
467,N. Singh,Varijitri Isles,MFDF,26,1994,2.09,58.55,62.94,92.93,1172.99,352.46,21.5,21.99,97.63,27.07,27.44,98.27,9.57,12.09,79.17,-0.09,0.23,-0.17,1.05,5.43,0.59,-0.09,4.46,Tournament,2021
468,K. Koppel,Varijitri Isles,MFFW,24,1997,1.25,41.5,46.13,90.01,804.57,286.11,19.25,19.97,96.27,14.58,15.46,94.98,6.83,9.3,74.93,-0.04,0.54,-0.55,4.59,3.95,2.38,2.33,4.62,Tournament,2021
469,H. Komujuni,Xikong,DF,34,1986,3.55,34.83,48.24,72.19,714.92,225.05,11.0,12.87,86.62,17.67,22.8,77.52,5.77,11.46,50.09,0.06,0.01,-0.07,0.27,2.65,0.66,0.31,4.22,Tournament,2021
470,Q. Sarfo,Xikong,DF,26,1994,4.25,44.2,49.99,88.49,946.53,329.32,12.19,13.22,91.3,23.56,24.75,95.34,7.97,10.84,72.25,-0.07,0.02,0.07,0.24,2.95,0.33,-0.09,2.5,Tournament,2021
471,T. Mbedzi,Xikong,DF,31,1989,4.06,31.7,36.88,86.07,655.46,201.07,10.65,12.24,87.93,14.7,15.97,92.21,5.14,7.0,72.37,-0.07,-0.01,-0.02,0.01,2.71,0.03,-0.06,3.61,Tournament,2021
472,V. Lao,Xikong,DF,26,1994,0.82,18.88,32.16,58.59,402.2,126.73,5.64,6.63,83.23,9.94,15.63,64.4,3.38,8.95,37.57,0.05,-0.05,0.06,0.05,0.01,-0.03,0.07,0.01,Tournament,2021
473,X. Ahmad,Xikong,DF,26,1994,3.97,20.89,32.73,63.27,369.07,157.88,9.23,10.56,87.81,8.31,12.83,64.07,2.4,7.7,30.07,0.06,-0.05,-0.04,0.2,1.8,0.23,0.21,1.73,Tournament,2021
474,C. Meunier,Xikong,DFMF,32,1988,0.44,18.05,34.06,52.87,413.92,230.08,5.92,7.93,75.01,5.92,11.92,49.92,3.91,12.03,33.23,0.05,0.09,-0.07,-0.09,2.05,-0.08,0.02,2.01,Tournament,2021
475,U. Mariani,Xikong,DFMF,27,1993,0.24,14.96,15.02,99.97,134.96,64.92,15.02,14.91,99.94,-0.07,0.04,,-0.07,-0.08,,-0.05,-0.07,-0.06,0.06,-0.05,0.07,-0.06,0.0,Tournament,2021
476,A. Ngabirano,Xikong,FW,27,1993,1.48,5.68,10.66,53.36,72.12,3.48,4.91,6.44,77.81,0.77,2.15,33.21,-0.03,0.75,0.03,-0.08,0.05,-0.05,0.02,0.66,0.09,0.08,0.04,Tournament,2021
477,I. Amolo,Xikong,FW,34,1986,2.0,12.49,20.96,59.46,155.07,40.57,9.6,14.07,67.98,2.0,4.08,49.96,0.59,0.98,49.97,-0.08,0.1,-0.06,0.59,0.56,0.47,-0.09,1.58,Tournament,2021
478,O. Zen,Xikong,FW,21,1999,3.6,14.12,19.24,73.83,228.66,68.82,7.18,9.66,74.33,4.08,4.7,88.16,1.86,2.25,87.56,0.49,0.41,0.13,1.32,0.84,1.05,-0.08,2.58,Tournament,2021
479,U. Taaka,Xikong,FW,20,2000,1.5,23.36,28.78,81.46,303.21,79.97,15.96,17.96,89.0,6.69,8.73,76.86,-0.01,-0.06,,1.4,0.54,0.79,3.39,0.09,1.34,-0.08,1.93,Tournament,2021
480,M. Ngamita,Xikong,GK,31,1990,4.31,12.58,28.73,43.41,434.9,303.24,2.43,2.35,100.04,3.93,4.16,94.49,6.03,22.06,27.39,-0.03,0.07,-0.04,-0.1,0.26,-0.02,-0.06,-0.06,Tournament,2021
481,O. Avako,Xikong,MF,31,1989,4.23,27.68,31.66,87.47,485.12,108.88,12.36,13.58,91.44,11.2,13.06,85.71,3.28,3.4,93.26,0.04,0.02,-0.12,0.47,2.83,0.38,0.02,1.7,Tournament,2021
482,O. Macamo,Xikong,MF,25,1995,3.76,36.29,41.05,88.18,684.14,198.83,15.8,16.97,92.02,15.11,16.5,91.76,5.22,6.76,76.05,0.03,0.0,0.08,-0.03,4.38,0.52,0.06,4.83,Tournament,2021
483,O. Yaakv,Xikong,MF,21,1999,0.2,0.09,0.03,,-0.02,0.06,0.03,-0.08,,0.03,-0.02,,0.05,0.02,,-0.03,-0.03,0.07,0.1,0.03,-0.09,-0.09,0.04,Tournament,2021
484,P. Uddin,Xikong,MF,29,1991,4.09,28.97,35.93,80.96,505.89,117.29,12.47,13.73,91.14,11.7,13.69,85.64,3.85,6.87,57.18,-0.02,0.13,-0.1,1.26,2.87,1.5,-0.06,3.89,Tournament,2021
485,S. Yamamoto,Xikong,MF,35,1985,4.08,24.44,33.9,71.83,462.64,118.23,10.67,12.32,86.37,9.08,11.54,78.8,3.96,7.49,51.53,0.05,-0.01,0.02,0.66,3.31,0.97,0.17,3.08,Tournament,2021
486,X. Arab,Xikong,MF,33,1987,-0.04,-0.02,0.06,,0.0,0.09,-0.06,0.08,,0.09,-0.03,,0.03,0.0,,-0.05,-0.06,-0.07,-0.05,-0.04,-0.09,-0.04,0.07,Tournament,2021
487,B. Goldberg,Xikong,MFFW,29,1992,1.05,12.96,21.0,61.83,262.09,64.0,7.94,11.93,66.7,3.0,5.05,59.98,2.01,3.08,66.64,-0.01,0.09,-0.05,0.0,2.94,0.01,0.07,3.05,Tournament,2021
